{
  "type": "FeatureCollection",
  "name": "daegu-jung-gu-administrative-dong-boundaries",
  "coordinateReferenceSystem": "EPSG:4326 (WGS84; RFC 7946 coordinates)",
  "source": {
    "provider": "국가데이터처",
    "datasetId": "15129688",
    "sourceUrl": "https://www.data.go.kr/data/15129688/fileData.do",
    "datasetVersion": "2025-06-30",
    "sourceCrs": "EPSG:5179",
    "targetCrs": "EPSG:4326",
    "sourceSha256": "F1CF0F9DE453AC7EAACB273F39CEE52851183372B9DDFDA428A967C3A670B2C6",
    "retrievedAt": "2026-09-19T07:10:08Z",
    "filter": {
      "field": "ADM_CD",
      "prefix": "2201",
      "geography": "대구광역시 중구"
    },
    "sourceFeatureCount": 3559,
    "selectedFeatureCount": 12
  },
  "limitations": [
    "공식 SGIS 행정동 경계의 2025-06-30 기준 snapshot이며 실시간 경계가 아님",
    "공식 원본의 ADM_CD와 ADM_NM을 보존하고 EPSG:5179 geometry만 EPSG:4326으로 변환함",
    "동성로·교동·북성로 같은 corridor label은 행정동으로 변환하거나 하드코딩하지 않음"
  ],
  "features": [
    {
      "type": "Feature",
      "properties": {
        "officialCode": "22010540",
        "officialName": "삼덕동",
        "sourceFields": {
          "BASE_DATE": "20250630",
          "ADM_CD": "22010540",
          "ADM_NM": "삼덕동"
        }
      },
      "geometry": {
        "type": "Polygon",
        "coordinates": [
          [
            [
              128.60182671295527,
              35.86774155002957
            ],
            [
              128.6020611332101,
              35.86769643659197
            ],
            [
              128.6020660548052,
              35.867714303665174
            ],
            [
              128.60214642251756,
              35.86769834975834
            ],
            [
              128.60217384062773,
              35.8676929070013
            ],
            [
              128.6022963701527,
              35.867667763293845
            ],
            [
              128.6024550545985,
              35.867635576427446
            ],
            [
              128.60245141048432,
              35.86761974238812
            ],
            [
              128.60247818073324,
              35.8676143902545
            ],
            [
              128.60251634537636,
              35.86760657865762
            ],
            [
              128.60253921305065,
              35.86760191686237
            ],
            [
              128.6027881936031,
              35.867551230152394
            ],
            [
              128.60292414591424,
              35.86752376277027
            ],
            [
              128.6030574620068,
              35.86749693611038
            ],
            [
              128.60305871461787,
              35.867496688399015
            ],
            [
              128.60312923828255,
              35.8674827193134
            ],
            [
              128.60325414873301,
              35.86745742835307
            ],
            [
              128.60333556083663,
              35.86744094476253
            ],
            [
              128.6033464984229,
              35.8674386147396
            ],
            [
              128.60335356540565,
              35.86743704241826
            ],
            [
              128.60335161314927,
              35.867428208818986
            ],
            [
              128.60335140300808,
              35.86742727222361
            ],
            [
              128.60348086417824,
              35.86740107823866
            ],
            [
              128.603719663983,
              35.867352754160585
            ],
            [
              128.6037868321027,
              35.867339161721176
            ],
            [
              128.60378950150732,
              35.86733884508695
            ],
            [
              128.60379193869133,
              35.86733855583022
            ],
            [
              128.6038250973333,
              35.8673346286666
            ],
            [
              128.60388019847517,
              35.86730646422768
            ],
            [
              128.60391660819897,
              35.867290016930625
            ],
            [
              128.60391980911632,
              35.867288572063465
            ],
            [
              128.603921702512,
              35.86728788750811
            ],
            [
              128.60393973203546,
              35.86728131712667
            ],
            [
              128.60393983094048,
              35.86728173995162
            ],
            [
              128.60394246087785,
              35.867293430672404
            ],
            [
              128.60394491733348,
              35.86729293387632
            ],
            [
              128.6042973465532,
              35.86722205399446
            ],
            [
              128.6043800377553,
              35.86720247640343
            ],
            [
              128.604527041442,
              35.867172507458996
            ],
            [
              128.60466206137534,
              35.867145308143954
            ],
            [
              128.6052533518907,
              35.86702646001268
            ],
            [
              128.60532157877103,
              35.86701257929623
            ],
            [
              128.60538512698662,
              35.86699965036791
            ],
            [
              128.6053914181567,
              35.86699836815647
            ],
            [
              128.60541075448063,
              35.866994987876254
            ],
            [
              128.6055970921373,
              35.866955851015746
            ],
            [
              128.60573075121405,
              35.866927777696
            ],
            [
              128.60579388818837,
              35.8669145169569
            ],
            [
              128.6058707430882,
              35.86689903467016
            ],
            [
              128.6060085962174,
              35.86687125961608
            ],
            [
              128.60608019790038,
              35.86685683350833
            ],
            [
              128.606089588545,
              35.866854942115836
            ],
            [
              128.60612502452776,
              35.86684769724198
            ],
            [
              128.6061679709387,
              35.86683891725991
            ],
            [
              128.60618634496996,
              35.86683515984831
            ],
            [
              128.6061934202503,
              35.86683371440434
            ],
            [
              128.6063154050392,
              35.86680893495987
            ],
            [
              128.60631797420035,
              35.8668084208494
            ],
            [
              128.60639223871817,
              35.866793534578356
            ],
            [
              128.60641631408413,
              35.866788934852856
            ],
            [
              128.60647474376867,
              35.86677816485272
            ],
            [
              128.60649373595515,
              35.866774576603355
            ],
            [
              128.60653742722735,
              35.866766319746745
            ],
            [
              128.6065874622113,
              35.866756579969866
            ],
            [
              128.60659145998594,
              35.866755732639
            ],
            [
              128.6066128535866,
              35.866751197247225
            ],
            [
              128.60673411843018,
              35.86672548097838
            ],
            [
              128.60689695654105,
              35.866694049684824
            ],
            [
              128.60697849707313,
              35.86667831164948
            ],
            [
              128.60712002940838,
              35.866649458314065
            ],
            [
              128.60722190424707,
              35.86662868861577
            ],
            [
              128.6072445835869,
              35.866624064628326
            ],
            [
              128.60725649868527,
              35.866621635084655
            ],
            [
              128.60733668008106,
              35.866606617060484
            ],
            [
              128.60740119667167,
              35.86659407753496
            ],
            [
              128.60749958112768,
              35.86657496799839
            ],
            [
              128.60752274065445,
              35.86657046845482
            ],
            [
              128.60752441086748,
              35.866570145623584
            ],
            [
              128.60755398510673,
              35.866565287613746
            ],
            [
              128.60764530044938,
              35.866550296554216
            ],
            [
              128.60775033979138,
              35.8665285163319
            ],
            [
              128.60777608713656,
              35.86652309582246
            ],
            [
              128.60788012255477,
              35.866502722164995
            ],
            [
              128.6079056020007,
              35.86649731311426
            ],
            [
              128.60796482785534,
              35.86648472922203
            ],
            [
              128.60812776515462,
              35.86645206111441
            ],
            [
              128.6081351957809,
              35.86645068620658
            ],
            [
              128.608144011968,
              35.866449068618614
            ],
            [
              128.60825517542833,
              35.866426762650605
            ],
            [
              128.6083815561445,
              35.86639991655564
            ],
            [
              128.6084309687243,
              35.86638941993751
            ],
            [
              128.60843490036297,
              35.86638859839951
            ],
            [
              128.60844801187338,
              35.86638587010049
            ],
            [
              128.60849794336332,
              35.86637557332113
            ],
            [
              128.6085559548737,
              35.866363609799734
            ],
            [
              128.60882958748644,
              35.866305939442874
            ],
            [
              128.6090283932259,
              35.866265834726185
            ],
            [
              128.60914925798917,
              35.86624219962443
            ],
            [
              128.60925141961224,
              35.86622189798198
            ],
            [
              128.60927184268294,
              35.86621784169543
            ],
            [
              128.60933427682386,
              35.86620485966783
            ],
            [
              128.60934102784813,
              35.86623101652379
            ],
            [
              128.60934491278775,
              35.86624607638621
            ],
            [
              128.6094104932765,
              35.86623298863024
            ],
            [
              128.6094138643163,
              35.866232316487455
            ],
            [
              128.60942368583198,
              35.866230357746794
            ],
            [
              128.60980314769319,
              35.86615465201681
            ],
            [
              128.6101680754518,
              35.866081847205564
            ],
            [
              128.6103189851532,
              35.86605135907896
            ],
            [
              128.61074510865268,
              35.8659652676558
            ],
            [
              128.61081711225938,
              35.865950716013224
            ],
            [
              128.6108259834786,
              35.865948922817445
            ],
            [
              128.61133181530124,
              35.865846726016066
            ],
            [
              128.61193072027237,
              35.86572572094694
            ],
            [
              128.61197252506847,
              35.86571776808238
            ],
            [
              128.61208736893525,
              35.86569592217534
            ],
            [
              128.61209625152327,
              35.865694233361936
            ],
            [
              128.61219209403683,
              35.86567600001234
            ],
            [
              128.61220245906736,
              35.865673949463456
            ],
            [
              128.61228391257518,
              35.865657843514285
            ],
            [
              128.61237077390015,
              35.865640668670245
            ],
            [
              128.6124753595025,
              35.86562004794177
            ],
            [
              128.6124818266243,
              35.865618691606116
            ],
            [
              128.61267511474523,
              35.86557824250141
            ],
            [
              128.61302228604677,
              35.865507915942715
            ],
            [
              128.61317015206222,
              35.86547829811368
            ],
            [
              128.61324109403404,
              35.865464087537724
            ],
            [
              128.61366794707388,
              35.865378587580985
            ],
            [
              128.61366952807637,
              35.86537838359615
            ],
            [
              128.61360217031478,
              35.86524542196341
            ],
            [
              128.6135252705367,
              35.865098183267605
            ],
            [
              128.61337233588725,
              35.864870225677606
            ],
            [
              128.61335821882344,
              35.86484917885094
            ],
            [
              128.61328866615153,
              35.86469082957485
            ],
            [
              128.61317363145557,
              35.86450669694972
            ],
            [
              128.6130792394663,
              35.86435560898352
            ],
            [
              128.61292705360518,
              35.86411201257237
            ],
            [
              128.6129007695921,
              35.86406993770088
            ],
            [
              128.6127427976905,
              35.86390595740722
            ],
            [
              128.6126923624228,
              35.863853602106175
            ],
            [
              128.61239128267533,
              35.863692571391965
            ],
            [
              128.6122473459983,
              35.86362850129341
            ],
            [
              128.61223124815277,
              35.8636213350702
            ],
            [
              128.61192981209118,
              35.8634871549706
            ],
            [
              128.6118381853838,
              35.863438311686
            ],
            [
              128.61167080447487,
              35.86334908703049
            ],
            [
              128.61148314872312,
              35.86325064914823
            ],
            [
              128.61140698374754,
              35.863211138781594
            ],
            [
              128.61126457805997,
              35.86315173422833
            ],
            [
              128.61123041796304,
              35.86313748369399
            ],
            [
              128.61058823213745,
              35.86286959106655
            ],
            [
              128.61055567427414,
              35.8628560089088
            ],
            [
              128.6103849567735,
              35.86275201865088
            ],
            [
              128.61033535874955,
              35.8627218059585
            ],
            [
              128.61031308062624,
              35.86270658614899
            ],
            [
              128.61021841516327,
              35.862641911224486
            ],
            [
              128.60999174333728,
              35.8624870493886
            ],
            [
              128.60988071591942,
              35.86230095429585
            ],
            [
              128.6098773219391,
              35.86229607664932
            ],
            [
              128.60983783277283,
              35.86223931582763
            ],
            [
              128.60966766750252,
              35.86208515742895
            ],
            [
              128.6096543503206,
              35.862056552177265
            ],
            [
              128.60955396158857,
              35.86184092880914
            ],
            [
              128.60951074592748,
              35.86177279933729
            ],
            [
              128.60941219001418,
              35.861792497178726
            ],
            [
              128.6092340591128,
              35.861828157094905
            ],
            [
              128.60905384725234,
              35.86186423444962
            ],
            [
              128.60850690102032,
              35.86197580932206
            ],
            [
              128.60850614408605,
              35.86197505899468
            ],
            [
              128.60846298799999,
              35.86198368666138
            ],
            [
              128.60827587502465,
              35.86202220214575
            ],
            [
              128.6076593709579,
              35.862149101301824
            ],
            [
              128.60765722181665,
              35.862149543048616
            ],
            [
              128.60720938886172,
              35.86224172152951
            ],
            [
              128.60689543336005,
              35.862306342871044
            ],
            [
              128.60659147671268,
              35.862369877770234
            ],
            [
              128.60631069089612,
              35.86242856809964
            ],
            [
              128.60608141573547,
              35.86247649128306
            ],
            [
              128.60495515031894,
              35.86271189833157
            ],
            [
              128.604940027302,
              35.862715057663536
            ],
            [
              128.6043786577941,
              35.86283238665072
            ],
            [
              128.60412232992238,
              35.862885947049165
            ],
            [
              128.60353894763125,
              35.86300784521894
            ],
            [
              128.60351554621442,
              35.86301273478514
            ],
            [
              128.60267409163154,
              35.86318855226171
            ],
            [
              128.60253504852162,
              35.863217602879566
            ],
            [
              128.60233684873546,
              35.863259014761994
            ],
            [
              128.60233609560757,
              35.86325917583995
            ],
            [
              128.60232497128465,
              35.86326157870473
            ],
            [
              128.602269519691,
              35.86327355448915
            ],
            [
              128.60222223510536,
              35.8632837594758
            ],
            [
              128.60212941362283,
              35.86330240883656
            ],
            [
              128.60212233625984,
              35.86330384684645
            ],
            [
              128.60186183754578,
              35.86335652832534
            ],
            [
              128.60176481970888,
              35.863376965827634
            ],
            [
              128.60153895317038,
              35.86342453717493
            ],
            [
              128.6014808688929,
              35.86343677024191
            ],
            [
              128.60110493536862,
              35.863515956857114
            ],
            [
              128.6010430762897,
              35.863528985231405
            ],
            [
              128.60057864110453,
              35.863626801609136
            ],
            [
              128.60052043283724,
              35.86363906059334
            ],
            [
              128.60049528408305,
              35.8636444875857
            ],
            [
              128.600480389626,
              35.86364770196476
            ],
            [
              128.60045603803732,
              35.863652948546346
            ],
            [
              128.60038974171843,
              35.863666770939155
            ],
            [
              128.60028002088302,
              35.86368964783371
            ],
            [
              128.60025414507285,
              35.86369504176622
            ],
            [
              128.5995613225379,
              35.86383842272289
            ],
            [
              128.599518809193,
              35.863847221618876
            ],
            [
              128.5995165075797,
              35.86384769707244
            ],
            [
              128.59949902906985,
              35.86385131183452
            ],
            [
              128.59947368048563,
              35.863856554721025
            ],
            [
              128.5994725836416,
              35.863847388657696
            ],
            [
              128.59946547297076,
              35.86384914867432
            ],
            [
              128.59945887460427,
              35.86385079220806
            ],
            [
              128.59945690545683,
              35.86385128174733
            ],
            [
              128.5994537993893,
              35.86385205216064
            ],
            [
              128.59939956132555,
              35.863865506703505
            ],
            [
              128.59934544023233,
              35.86387893130157
            ],
            [
              128.59931938420766,
              35.863889730647806
            ],
            [
              128.59927361534787,
              35.86390869281034
            ],
            [
              128.5992717123597,
              35.863909481961464
            ],
            [
              128.59914550315617,
              35.86396176891135
            ],
            [
              128.59914479723687,
              35.86396206116556
            ],
            [
              128.5991216418573,
              35.86397165468561
            ],
            [
              128.59909793337638,
              35.86398113786175
            ],
            [
              128.59907251315977,
              35.86399130475174
            ],
            [
              128.5990333507384,
              35.864006968869845
            ],
            [
              128.59887220700026,
              35.86407143699304
            ],
            [
              128.59876577975888,
              35.864076550453206
            ],
            [
              128.59873439687104,
              35.86408868582666
            ],
            [
              128.59856459521168,
              35.86417300579432
            ],
            [
              128.59846471099564,
              35.86425289063928
            ],
            [
              128.59839580352727,
              35.86431400653506
            ],
            [
              128.59828144150433,
              35.86443264113021
            ],
            [
              128.59825337462755,
              35.86446694072608
            ],
            [
              128.59821345837426,
              35.864562537683774
            ],
            [
              128.59820876877083,
              35.864573768945405
            ],
            [
              128.59819054836237,
              35.86458720651243
            ],
            [
              128.5981156075319,
              35.86464247217012
            ],
            [
              128.59811484441187,
              35.864643034508354
            ],
            [
              128.59798232550355,
              35.8647407598708
            ],
            [
              128.5978221198138,
              35.864855741580655
            ],
            [
              128.59774419801818,
              35.86491751648439
            ],
            [
              128.59771509863637,
              35.86494058471024
            ],
            [
              128.59769821747616,
              35.864953966690294
            ],
            [
              128.59767754879826,
              35.86497035212169
            ],
            [
              128.59767034295567,
              35.864976063548994
            ],
            [
              128.59764534769238,
              35.86499587838356
            ],
            [
              128.59736478721732,
              35.865218289413946
            ],
            [
              128.5972467672848,
              35.86529321444094
            ],
            [
              128.59717626250014,
              35.86533725601834
            ],
            [
              128.59718329380496,
              35.86536154299866
            ],
            [
              128.59724644373324,
              35.865579708676314
            ],
            [
              128.59730399209363,
              35.8657831146122
            ],
            [
              128.59733403140157,
              35.86588972763832
            ],
            [
              128.59735913884933,
              35.86597884310808
            ],
            [
              128.59750474535176,
              35.866495638919176
            ],
            [
              128.5975055800411,
              35.86649873897813
            ],
            [
              128.59750452746871,
              35.866498955052464
            ],
            [
              128.59718496675967,
              35.866564368709334
            ],
            [
              128.5968286049499,
              35.86663676205694
            ],
            [
              128.5965996161446,
              35.8666784781204
            ],
            [
              128.59658593171267,
              35.866684355008594
            ],
            [
              128.59651321502258,
              35.86669900652937
            ],
            [
              128.59636407026974,
              35.866729056448165
            ],
            [
              128.5963509506179,
              35.86672383172662
            ],
            [
              128.59632369871525,
              35.866728802826266
            ],
            [
              128.59631770827266,
              35.86672989429426
            ],
            [
              128.5963166233411,
              35.866730093523856
            ],
            [
              128.59631074108307,
              35.86673115876041
            ],
            [
              128.59629574630972,
              35.866733899318916
            ],
            [
              128.59629486907403,
              35.86673405968878
            ],
            [
              128.5962994880907,
              35.866750804624175
            ],
            [
              128.596341611669,
              35.866903492836535
            ],
            [
              128.59631599422136,
              35.86690908371755
            ],
            [
              128.5962493830662,
              35.8669236189537
            ],
            [
              128.59606663599732,
              35.8669642015726
            ],
            [
              128.59576283633533,
              35.86703094080814
            ],
            [
              128.5956230613958,
              35.86706181582192
            ],
            [
              128.5953275740623,
              35.86712673362414
            ],
            [
              128.5952926235888,
              35.86713441085627
            ],
            [
              128.59525875752732,
              35.867141850997314
            ],
            [
              128.59525966671524,
              35.86715045082471
            ],
            [
              128.5952605556959,
              35.86715903100195
            ],
            [
              128.59526939101943,
              35.86724344847025
            ],
            [
              128.59523422368213,
              35.86725613674318
            ],
            [
              128.5952346677218,
              35.86727713549014
            ],
            [
              128.59523682939434,
              35.867291915827934
            ],
            [
              128.59523894955598,
              35.86730786496885
            ],
            [
              128.59524610004704,
              35.8673086472427
            ],
            [
              128.59529276593452,
              35.867649059174006
            ],
            [
              128.59528660808877,
              35.867661493770484
            ],
            [
              128.59529699649752,
              35.86773416774371
            ],
            [
              128.59529865605117,
              35.867745780961506
            ],
            [
              128.59530017348993,
              35.86775640375661
            ],
            [
              128.59530790598436,
              35.86781428026146
            ],
            [
              128.59531308684208,
              35.867853348199965
            ],
            [
              128.5953199165071,
              35.86790421337178
            ],
            [
              128.59532019287178,
              35.867906266413655
            ],
            [
              128.5953212672878,
              35.86791286687096
            ],
            [
              128.59532471341652,
              35.867933571378934
            ],
            [
              128.5953289796368,
              35.867959136844725
            ],
            [
              128.59533127672557,
              35.867972969303814
            ],
            [
              128.59533642578432,
              35.8680251768974
            ],
            [
              128.5953412366381,
              35.86807840273316
            ],
            [
              128.5953450106861,
              35.86812220768199
            ],
            [
              128.59534982026634,
              35.86812649042281
            ],
            [
              128.59535985077696,
              35.86819906486958
            ],
            [
              128.5953443919901,
              35.86820054645377
            ],
            [
              128.5953458597226,
              35.86821262662509
            ],
            [
              128.5953459476283,
              35.86821498971952
            ],
            [
              128.59534936529212,
              35.86824521317836
            ],
            [
              128.5953589837704,
              35.86832358121287
            ],
            [
              128.5953602927363,
              35.868336921412215
            ],
            [
              128.5953626878227,
              35.86835143455711
            ],
            [
              128.5954390726826,
              35.86833888787535
            ],
            [
              128.59544119204645,
              35.868338518742185
            ],
            [
              128.595517142171,
              35.8683252907882
            ],
            [
              128.59556994946414,
              35.86831609467949
            ],
            [
              128.59586712193698,
              35.86826433721475
            ],
            [
              128.5966625715676,
              35.86812590957985
            ],
            [
              128.59669979181643,
              35.868119433743374
            ],
            [
              128.59682892995465,
              35.868096959781916
            ],
            [
              128.59685709174624,
              35.86809223630043
            ],
            [
              128.5970949821183,
              35.868052292036076
            ],
            [
              128.59735334868756,
              35.868006218956936
            ],
            [
              128.5975813375442,
              35.86796692495584
            ],
            [
              128.59774575535124,
              35.867937461505356
            ],
            [
              128.59784322757133,
              35.867919695286496
            ],
            [
              128.59791308240244,
              35.86790692723194
            ],
            [
              128.59797303338001,
              35.86789596803871
            ],
            [
              128.59831548951442,
              35.86783091451507
            ],
            [
              128.59853109444452,
              35.86778795440091
            ],
            [
              128.59878592433833,
              35.86773791306889
            ],
            [
              128.59889837764928,
              35.86771548131926
            ],
            [
              128.59913496712304,
              35.867666112789465
            ],
            [
              128.59914100405692,
              35.86766485667116
            ],
            [
              128.59915678874248,
              35.86766156218286
            ],
            [
              128.59916383812214,
              35.867682606849456
            ],
            [
              128.59931346678593,
              35.868129212874486
            ],
            [
              128.59931478376632,
              35.86813314245029
            ],
            [
              128.59932188734612,
              35.86814960487232
            ],
            [
              128.5993950811826,
              35.86831921478569
            ],
            [
              128.59940199380276,
              35.868317842452136
            ],
            [
              128.5995255334845,
              35.868293204400935
            ],
            [
              128.59961505053505,
              35.868273502683714
            ],
            [
              128.5996347750727,
              35.868269158711065
            ],
            [
              128.59965235077752,
              35.86826529420286
            ],
            [
              128.59965601480485,
              35.86826449072734
            ],
            [
              128.5997068288516,
              35.8682526442309
            ],
            [
              128.5998150955522,
              35.868226670748065
            ],
            [
              128.59981946465933,
              35.86822559214671
            ],
            [
              128.59982009824265,
              35.8682254330803
            ],
            [
              128.59982171652078,
              35.86822503419849
            ],
            [
              128.5998747000755,
              35.86821196418298
            ],
            [
              128.59993832016673,
              35.86819624623094
            ],
            [
              128.59994061408625,
              35.86819568609224
            ],
            [
              128.59999188054425,
              35.86818292024804
            ],
            [
              128.60012364524155,
              35.86815059979013
            ],
            [
              128.60030210049416,
              35.868106389970684
            ],
            [
              128.6004753441925,
              35.86806450677937
            ],
            [
              128.6006041715451,
              35.86803222172192
            ],
            [
              128.60061602421905,
              35.86802925246913
            ],
            [
              128.6007385414776,
              35.8679985027429
            ],
            [
              128.60090842817016,
              35.86795706981905
            ],
            [
              128.60097962490195,
              35.86793949318143
            ],
            [
              128.6011316481914,
              35.867901952525486
            ],
            [
              128.60127813019,
              35.86786531535708
            ],
            [
              128.60137989525163,
              35.867839748079064
            ],
            [
              128.60141399355692,
              35.867832143607465
            ],
            [
              128.60144302788248,
              35.86782438631384
            ],
            [
              128.60148164763632,
              35.86781406993941
            ],
            [
              128.60150440643378,
              35.867809535557335
            ],
            [
              128.60163230994883,
              35.86778258700459
            ],
            [
              128.60182300221152,
              35.86774233596827
            ],
            [
              128.60182671295527,
              35.86774155002957
            ]
          ]
        ]
      }
    },
    {
      "type": "Feature",
      "properties": {
        "officialCode": "22010560",
        "officialName": "성내1동",
        "sourceFields": {
          "BASE_DATE": "20250630",
          "ADM_CD": "22010560",
          "ADM_NM": "성내1동"
        }
      },
      "geometry": {
        "type": "Polygon",
        "coordinates": [
          [
            [
              128.59661084370416,
              35.875477925385404
            ],
            [
              128.5974716746462,
              35.87533034642297
            ],
            [
              128.59748191082204,
              35.87536974937781
            ],
            [
              128.59759994436553,
              35.87534607232138
            ],
            [
              128.59776154972403,
              35.87531463208933
            ],
            [
              128.59776481982783,
              35.87531399545228
            ],
            [
              128.59786740426438,
              35.875294054752736
            ],
            [
              128.59812446399354,
              35.87524385185131
            ],
            [
              128.59824357439314,
              35.875220533959826
            ],
            [
              128.59848536025711,
              35.87517313946374
            ],
            [
              128.5985814646925,
              35.87515444477398
            ],
            [
              128.59878695580915,
              35.87511413882291
            ],
            [
              128.59901022792081,
              35.87507110218702
            ],
            [
              128.5992564362306,
              35.87502364314164
            ],
            [
              128.5995518187669,
              35.874972918780216
            ],
            [
              128.59977106678957,
              35.874991189444835
            ],
            [
              128.6000814014129,
              35.87501652949878
            ],
            [
              128.60005941510386,
              35.87497646084794
            ],
            [
              128.6001022182491,
              35.87496640680462
            ],
            [
              128.60015917207843,
              35.87495303071074
            ],
            [
              128.60034428746891,
              35.874913208047005
            ],
            [
              128.60036594554634,
              35.87490854871756
            ],
            [
              128.60046108608816,
              35.87488629388345
            ],
            [
              128.60073430005406,
              35.874823357937714
            ],
            [
              128.60084142235723,
              35.87479940084573
            ],
            [
              128.60104764984123,
              35.8747464200693
            ],
            [
              128.60123107995167,
              35.87468830620562
            ],
            [
              128.6013081312609,
              35.87466656004184
            ],
            [
              128.60131598014388,
              35.87465332348816
            ],
            [
              128.6013017163898,
              35.87462486127333
            ],
            [
              128.6013504915863,
              35.87461013423741
            ],
            [
              128.6013763639989,
              35.87460232479894
            ],
            [
              128.60138227499505,
              35.87459177553118
            ],
            [
              128.60140179214252,
              35.87458754856171
            ],
            [
              128.60140263281474,
              35.87449911758646
            ],
            [
              128.6013668446131,
              35.874507442586385
            ],
            [
              128.6013576268776,
              35.8744978912254
            ],
            [
              128.60134862031407,
              35.87448855069575
            ],
            [
              128.6013466153934,
              35.87448647385206
            ],
            [
              128.60134005436242,
              35.874479671330704
            ],
            [
              128.60132305184015,
              35.87443588696174
            ],
            [
              128.60131562927012,
              35.874416778822415
            ],
            [
              128.6013168086295,
              35.87440370800091
            ],
            [
              128.6013169391716,
              35.87440225529129
            ],
            [
              128.60132500140534,
              35.87431264196757
            ],
            [
              128.60132726530466,
              35.87429101440623
            ],
            [
              128.60132799920146,
              35.8742833741627
            ],
            [
              128.60133939252364,
              35.87416456570623
            ],
            [
              128.60134111609574,
              35.874152559145166
            ],
            [
              128.6013469191402,
              35.87410748379721
            ],
            [
              128.60134761932724,
              35.87410204998156
            ],
            [
              128.60136143737412,
              35.87399468443557
            ],
            [
              128.6013617435749,
              35.8739923177357
            ],
            [
              128.6013800883434,
              35.87384978767553
            ],
            [
              128.60138198965535,
              35.873832856961826
            ],
            [
              128.60139127464214,
              35.87375396369268
            ],
            [
              128.6013937565363,
              35.87373288227854
            ],
            [
              128.60136410054005,
              35.87373941644396
            ],
            [
              128.6013041347976,
              35.87375263139046
            ],
            [
              128.60116819367812,
              35.873783315474924
            ],
            [
              128.6011573940037,
              35.87378575312951
            ],
            [
              128.60114304337523,
              35.873788697556925
            ],
            [
              128.60114170235295,
              35.873788967696896
            ],
            [
              128.6011021301363,
              35.87379518519713
            ],
            [
              128.60109317717973,
              35.87379659436591
            ],
            [
              128.60109396237866,
              35.87371101281946
            ],
            [
              128.60109723014057,
              35.87371053388684
            ],
            [
              128.60113074512512,
              35.873704139313894
            ],
            [
              128.60130066789185,
              35.87366957533465
            ],
            [
              128.6013001564315,
              35.873667836405446
            ],
            [
              128.60128606641845,
              35.87361901985455
            ],
            [
              128.6012681694968,
              35.873551734570384
            ],
            [
              128.60126307018865,
              35.87353496901629
            ],
            [
              128.60125597484875,
              35.8735097236497
            ],
            [
              128.60125004244884,
              35.87348846874745
            ],
            [
              128.60125103969847,
              35.87348753099682
            ],
            [
              128.60128390484502,
              35.873456601853846
            ],
            [
              128.6012889785463,
              35.873451829353826
            ],
            [
              128.60133019113718,
              35.87341304319444
            ],
            [
              128.6013294247055,
              35.873409689202944
            ],
            [
              128.601310497478,
              35.873326066268135
            ],
            [
              128.60131028519058,
              35.87332513419751
            ],
            [
              128.60131276693605,
              35.87325234105737
            ],
            [
              128.6013128468995,
              35.87325011527202
            ],
            [
              128.6012976429746,
              35.87318867986712
            ],
            [
              128.60129495820615,
              35.87317781723347
            ],
            [
              128.6012942285936,
              35.873172481273215
            ],
            [
              128.60129130967587,
              35.873151263654925
            ],
            [
              128.60128883489054,
              35.873133163168205
            ],
            [
              128.60128591470342,
              35.873111853602055
            ],
            [
              128.60129182439132,
              35.873093373317964
            ],
            [
              128.6012997919724,
              35.87307135627509
            ],
            [
              128.60128932792952,
              35.873042973709445
            ],
            [
              128.6012872678192,
              35.87303738669184
            ],
            [
              128.60128335467058,
              35.873026767922674
            ],
            [
              128.60128293577375,
              35.87302563399343
            ],
            [
              128.6012350196455,
              35.873028410144435
            ],
            [
              128.6012349519138,
              35.873028158328346
            ],
            [
              128.6012233095506,
              35.872985226350764
            ],
            [
              128.601213287379,
              35.87294826948871
            ],
            [
              128.60119470445403,
              35.872879742713366
            ],
            [
              128.60118561512857,
              35.87284807847441
            ],
            [
              128.60118548028962,
              35.87284761991448
            ],
            [
              128.60116906132876,
              35.872787859908264
            ],
            [
              128.60116849677874,
              35.87278580591857
            ],
            [
              128.60109650588424,
              35.87279961243031
            ],
            [
              128.60108556209786,
              35.87280171241186
            ],
            [
              128.6010676648886,
              35.87280514372652
            ],
            [
              128.6010674794521,
              35.87280471087397
            ],
            [
              128.60105735742584,
              35.8727808636086
            ],
            [
              128.60105658189838,
              35.8727781317753
            ],
            [
              128.6009979659927,
              35.872571834748655
            ],
            [
              128.60099388923157,
              35.87255707209096
            ],
            [
              128.6009645169088,
              35.87245070287456
            ],
            [
              128.600951799557,
              35.87239874887947
            ],
            [
              128.60093415013336,
              35.87232881427598
            ],
            [
              128.6009312417756,
              35.8723197189378
            ],
            [
              128.6008969769736,
              35.872212309061304
            ],
            [
              128.60089488304985,
              35.872205395247875
            ],
            [
              128.6008908946314,
              35.87219221131078
            ],
            [
              128.60088178940606,
              35.87216210508688
            ],
            [
              128.60088020646222,
              35.872156416319264
            ],
            [
              128.60082911661567,
              35.87197202124951
            ],
            [
              128.6008282818318,
              35.87196884819239
            ],
            [
              128.60082253186363,
              35.87194699115023
            ],
            [
              128.60080572574222,
              35.87188739510782
            ],
            [
              128.60078371762197,
              35.8718093575188
            ],
            [
              128.6007806029196,
              35.87179831489174
            ],
            [
              128.60077597867382,
              35.87178288467674
            ],
            [
              128.60070633316704,
              35.87153584601385
            ],
            [
              128.60066647066606,
              35.8713971923548
            ],
            [
              128.60065445993123,
              35.87135177176647
            ],
            [
              128.6006365442285,
              35.871284010502606
            ],
            [
              128.60060743994183,
              35.87117452472069
            ],
            [
              128.60059334849777,
              35.87112297634421
            ],
            [
              128.60056805006465,
              35.87102901121573
            ],
            [
              128.60056708773854,
              35.87102542460653
            ],
            [
              128.60051033330905,
              35.87081288943402
            ],
            [
              128.60044965421815,
              35.87058565866752
            ],
            [
              128.6004443345068,
              35.870575195197354
            ],
            [
              128.60035794788692,
              35.87025430767244
            ],
            [
              128.60029821120693,
              35.87003701058827
            ],
            [
              128.60028213926824,
              35.869978541886795
            ],
            [
              128.6002604108193,
              35.86989870209079
            ],
            [
              128.60025916886232,
              35.86989427598114
            ],
            [
              128.600230956796,
              35.86979332509893
            ],
            [
              128.60022516931608,
              35.86977177489232
            ],
            [
              128.60012061354803,
              35.86938206065697
            ],
            [
              128.60009299452955,
              35.86928087530306
            ],
            [
              128.6001072831624,
              35.86927895033785
            ],
            [
              128.60008116403196,
              35.869184020701915
            ],
            [
              128.60007091976502,
              35.8691467862633
            ],
            [
              128.60004349369217,
              35.8690422399075
            ],
            [
              128.5999950696567,
              35.86886914536188
            ],
            [
              128.59992142666079,
              35.86860626078174
            ],
            [
              128.59990142760785,
              35.86853592915909
            ],
            [
              128.59986543425347,
              35.868403720140684
            ],
            [
              128.59983285042367,
              35.868275365621685
            ],
            [
              128.59983222954187,
              35.86827291725535
            ],
            [
              128.59983097788566,
              35.86826802602267
            ],
            [
              128.59983068400865,
              35.868266878320604
            ],
            [
              128.5998275925194,
              35.86825476980175
            ],
            [
              128.59982009824265,
              35.8682254330803
            ],
            [
              128.59981946465933,
              35.86822559214671
            ],
            [
              128.5998150955522,
              35.868226670748065
            ],
            [
              128.5997068288516,
              35.8682526442309
            ],
            [
              128.59965601480485,
              35.86826449072734
            ],
            [
              128.59965235077752,
              35.86826529420286
            ],
            [
              128.5996347750727,
              35.868269158711065
            ],
            [
              128.59961505053505,
              35.868273502683714
            ],
            [
              128.5995255334845,
              35.868293204400935
            ],
            [
              128.59940199380276,
              35.868317842452136
            ],
            [
              128.5993950811826,
              35.86831921478569
            ],
            [
              128.59932188734612,
              35.86814960487232
            ],
            [
              128.59931478376632,
              35.86813314245029
            ],
            [
              128.59931346678593,
              35.868129212874486
            ],
            [
              128.59916383812214,
              35.867682606849456
            ],
            [
              128.59915678874248,
              35.86766156218286
            ],
            [
              128.59914100405692,
              35.86766485667116
            ],
            [
              128.59913496712304,
              35.867666112789465
            ],
            [
              128.59889837764928,
              35.86771548131926
            ],
            [
              128.59878592433833,
              35.86773791306889
            ],
            [
              128.59853109444452,
              35.86778795440091
            ],
            [
              128.59831548951442,
              35.86783091451507
            ],
            [
              128.59797303338001,
              35.86789596803871
            ],
            [
              128.59791308240244,
              35.86790692723194
            ],
            [
              128.59784322757133,
              35.867919695286496
            ],
            [
              128.59774575535124,
              35.867937461505356
            ],
            [
              128.5975813375442,
              35.86796692495584
            ],
            [
              128.59735334868756,
              35.868006218956936
            ],
            [
              128.5970949821183,
              35.868052292036076
            ],
            [
              128.59685709174624,
              35.86809223630043
            ],
            [
              128.59682892995465,
              35.868096959781916
            ],
            [
              128.59669979181643,
              35.868119433743374
            ],
            [
              128.5966625715676,
              35.86812590957985
            ],
            [
              128.59586712193698,
              35.86826433721475
            ],
            [
              128.59556994946414,
              35.86831609467949
            ],
            [
              128.595517142171,
              35.8683252907882
            ],
            [
              128.59544119204645,
              35.868338518742185
            ],
            [
              128.5954390726826,
              35.86833888787535
            ],
            [
              128.5953626878227,
              35.86835143455711
            ],
            [
              128.5953602927363,
              35.868336921412215
            ],
            [
              128.5953589837704,
              35.86832358121287
            ],
            [
              128.59534936529212,
              35.86824521317836
            ],
            [
              128.5953459476283,
              35.86821498971952
            ],
            [
              128.5953458597226,
              35.86821262662509
            ],
            [
              128.5953443919901,
              35.86820054645377
            ],
            [
              128.59535985077696,
              35.86819906486958
            ],
            [
              128.59534982026634,
              35.86812649042281
            ],
            [
              128.5953450106861,
              35.86812220768199
            ],
            [
              128.5953412366381,
              35.86807840273316
            ],
            [
              128.59533642578432,
              35.8680251768974
            ],
            [
              128.59533127672557,
              35.867972969303814
            ],
            [
              128.5953289796368,
              35.867959136844725
            ],
            [
              128.59532471341652,
              35.867933571378934
            ],
            [
              128.5953212672878,
              35.86791286687096
            ],
            [
              128.59532019287178,
              35.867906266413655
            ],
            [
              128.5953199165071,
              35.86790421337178
            ],
            [
              128.59531308684208,
              35.867853348199965
            ],
            [
              128.59530790598436,
              35.86781428026146
            ],
            [
              128.59530017348993,
              35.86775640375661
            ],
            [
              128.59529865605117,
              35.867745780961506
            ],
            [
              128.59529699649752,
              35.86773416774371
            ],
            [
              128.59528660808877,
              35.867661493770484
            ],
            [
              128.59529276593452,
              35.867649059174006
            ],
            [
              128.59524610004704,
              35.8673086472427
            ],
            [
              128.59523894955598,
              35.86730786496885
            ],
            [
              128.59523682939434,
              35.867291915827934
            ],
            [
              128.5952346677218,
              35.86727713549014
            ],
            [
              128.59523422368213,
              35.86725613674318
            ],
            [
              128.59526939101943,
              35.86724344847025
            ],
            [
              128.5952605556959,
              35.86715903100195
            ],
            [
              128.59525966671524,
              35.86715045082471
            ],
            [
              128.59525875752732,
              35.867141850997314
            ],
            [
              128.5952926235888,
              35.86713441085627
            ],
            [
              128.5953275740623,
              35.86712673362414
            ],
            [
              128.5956230613958,
              35.86706181582192
            ],
            [
              128.59576283633533,
              35.86703094080814
            ],
            [
              128.59606663599732,
              35.8669642015726
            ],
            [
              128.5962493830662,
              35.8669236189537
            ],
            [
              128.59631599422136,
              35.86690908371755
            ],
            [
              128.596341611669,
              35.866903492836535
            ],
            [
              128.5962994880907,
              35.866750804624175
            ],
            [
              128.59629486907403,
              35.86673405968878
            ],
            [
              128.59629574630972,
              35.866733899318916
            ],
            [
              128.59631074108307,
              35.86673115876041
            ],
            [
              128.5963166233411,
              35.866730093523856
            ],
            [
              128.59631770827266,
              35.86672989429426
            ],
            [
              128.59632369871525,
              35.866728802826266
            ],
            [
              128.5963509506179,
              35.86672383172662
            ],
            [
              128.59636407026974,
              35.866729056448165
            ],
            [
              128.59651321502258,
              35.86669900652937
            ],
            [
              128.59658593171267,
              35.866684355008594
            ],
            [
              128.5965996161446,
              35.8666784781204
            ],
            [
              128.5968286049499,
              35.86663676205694
            ],
            [
              128.59718496675967,
              35.866564368709334
            ],
            [
              128.59750452746871,
              35.866498955052464
            ],
            [
              128.5975055800411,
              35.86649873897813
            ],
            [
              128.59750474535176,
              35.866495638919176
            ],
            [
              128.59735913884933,
              35.86597884310808
            ],
            [
              128.59733403140157,
              35.86588972763832
            ],
            [
              128.59730399209363,
              35.8657831146122
            ],
            [
              128.59724644373324,
              35.865579708676314
            ],
            [
              128.59718329380496,
              35.86536154299866
            ],
            [
              128.59717626250014,
              35.86533725601834
            ],
            [
              128.5972467672848,
              35.86529321444094
            ],
            [
              128.59736478721732,
              35.865218289413946
            ],
            [
              128.59764534769238,
              35.86499587838356
            ],
            [
              128.59767034295567,
              35.864976063548994
            ],
            [
              128.59767754879826,
              35.86497035212169
            ],
            [
              128.59769821747616,
              35.864953966690294
            ],
            [
              128.59771509863637,
              35.86494058471024
            ],
            [
              128.59774419801818,
              35.86491751648439
            ],
            [
              128.5978221198138,
              35.864855741580655
            ],
            [
              128.59798232550355,
              35.8647407598708
            ],
            [
              128.59811484441187,
              35.864643034508354
            ],
            [
              128.5981156075319,
              35.86464247217012
            ],
            [
              128.59819054836237,
              35.86458720651243
            ],
            [
              128.59820876877083,
              35.864573768945405
            ],
            [
              128.59821345837426,
              35.864562537683774
            ],
            [
              128.59825337462755,
              35.86446694072608
            ],
            [
              128.59828144150433,
              35.86443264113021
            ],
            [
              128.59839580352727,
              35.86431400653506
            ],
            [
              128.59846471099564,
              35.86425289063928
            ],
            [
              128.59856459521168,
              35.86417300579432
            ],
            [
              128.59873439687104,
              35.86408868582666
            ],
            [
              128.59876577975888,
              35.864076550453206
            ],
            [
              128.59887220700026,
              35.86407143699304
            ],
            [
              128.5990333507384,
              35.864006968869845
            ],
            [
              128.59907251315977,
              35.86399130475174
            ],
            [
              128.59909793337638,
              35.86398113786175
            ],
            [
              128.5991216418573,
              35.86397165468561
            ],
            [
              128.59932423311105,
              35.8637975033215
            ],
            [
              128.59939146988884,
              35.863713662979926
            ],
            [
              128.59940272826918,
              35.863698181094406
            ],
            [
              128.59943402079364,
              35.86365514532258
            ],
            [
              128.59947311956395,
              35.863601374416845
            ],
            [
              128.59959640238262,
              35.86343183416309
            ],
            [
              128.5996777824485,
              35.86324379233978
            ],
            [
              128.59968721677993,
              35.863221993648494
            ],
            [
              128.59968977338937,
              35.86321608664836
            ],
            [
              128.59992024709064,
              35.8625891884284
            ],
            [
              128.59994016113274,
              35.86253502052958
            ],
            [
              128.60015069608298,
              35.861966846457264
            ],
            [
              128.60015144960593,
              35.8619647912064
            ],
            [
              128.60015690988058,
              35.861950051140916
            ],
            [
              128.60024855537512,
              35.861702722805866
            ],
            [
              128.60025752098878,
              35.86167852749876
            ],
            [
              128.6002911197308,
              35.86158784713486
            ],
            [
              128.60029633235854,
              35.86157378369962
            ],
            [
              128.6003191552334,
              35.861518961603785
            ],
            [
              128.60034549406532,
              35.8614556939167
            ],
            [
              128.6003866333595,
              35.86134695106965
            ],
            [
              128.60039916604183,
              35.861314086107434
            ],
            [
              128.60039625073244,
              35.86130461214366
            ],
            [
              128.60040787336033,
              35.86127353520104
            ],
            [
              128.60040825109624,
              35.86127362009416
            ],
            [
              128.60040799292761,
              35.861273211346365
            ],
            [
              128.60041443306756,
              35.86125597217676
            ],
            [
              128.60041757737744,
              35.86124756064518
            ],
            [
              128.60042158249655,
              35.86123684404679
            ],
            [
              128.60042302220614,
              35.86123299200514
            ],
            [
              128.6004252597457,
              35.861227086108
            ],
            [
              128.60045041326558,
              35.86122678537636
            ],
            [
              128.60046113799345,
              35.861226658284764
            ],
            [
              128.60051322551766,
              35.86120968253738
            ],
            [
              128.60052596510675,
              35.86117720874773
            ],
            [
              128.60063510485793,
              35.86089050907536
            ],
            [
              128.6006540730718,
              35.86084041035499
            ],
            [
              128.60073439364314,
              35.86062800914848
            ],
            [
              128.60078163679518,
              35.860503094798524
            ],
            [
              128.60078862673728,
              35.860484618133846
            ],
            [
              128.60072382884024,
              35.8604687655504
            ],
            [
              128.60071269929196,
              35.86046604022289
            ],
            [
              128.60070900983618,
              35.860465138204745
            ],
            [
              128.60067732532363,
              35.860457417217354
            ],
            [
              128.60063140961114,
              35.860447969384616
            ],
            [
              128.60060818632303,
              35.86044327223556
            ],
            [
              128.60059368727752,
              35.86044027664449
            ],
            [
              128.6005023521212,
              35.860419621909685
            ],
            [
              128.60045796384242,
              35.860410102317964
            ],
            [
              128.6004317281027,
              35.86040476376967
            ],
            [
              128.60040632310714,
              35.86039959250933
            ],
            [
              128.60038273079823,
              35.86039479772156
            ],
            [
              128.60038357557838,
              35.860402711114546
            ],
            [
              128.6003812087508,
              35.8604021467779
            ],
            [
              128.60035665170372,
              35.86039630418995
            ],
            [
              128.6000590435445,
              35.86032458948549
            ],
            [
              128.59997827497043,
              35.86030525665187
            ],
            [
              128.59987110221084,
              35.86027960753692
            ],
            [
              128.5998559593383,
              35.860276020916025
            ],
            [
              128.599768824564,
              35.860255386667355
            ],
            [
              128.5996302009726,
              35.86022231327841
            ],
            [
              128.59961030968017,
              35.86021756830663
            ],
            [
              128.59934405581677,
              35.8601541260644
            ],
            [
              128.5993236080311,
              35.86014958177636
            ],
            [
              128.59929859431026,
              35.86014402173238
            ],
            [
              128.59924789365246,
              35.860132751818256
            ],
            [
              128.59924644263327,
              35.86013241889507
            ],
            [
              128.59920730383968,
              35.86012334666421
            ],
            [
              128.59891037803934,
              35.86005582683748
            ],
            [
              128.59883127878234,
              35.86003783931735
            ],
            [
              128.59881150886957,
              35.860034098344876
            ],
            [
              128.59880099097796,
              35.860032108329214
            ],
            [
              128.5983718246765,
              35.85993190775905
            ],
            [
              128.59836711832466,
              35.85993082744063
            ],
            [
              128.5981964333292,
              35.85989173997842
            ],
            [
              128.59819586992384,
              35.85989160268173
            ],
            [
              128.59815549125216,
              35.85988183010657
            ],
            [
              128.59811360312383,
              35.85987190272285
            ],
            [
              128.59805762973653,
              35.85985941560584
            ],
            [
              128.59804942660105,
              35.85985758648241
            ],
            [
              128.59803015853845,
              35.85985328813534
            ],
            [
              128.598021573223,
              35.85985137234679
            ],
            [
              128.59794181699462,
              35.85983358137282
            ],
            [
              128.59793312837394,
              35.85983164308138
            ],
            [
              128.59791572560195,
              35.859827762222096
            ],
            [
              128.5978948555812,
              35.8598231061479
            ],
            [
              128.59764974695256,
              35.85976770446094
            ],
            [
              128.5976304203663,
              35.859763335360554
            ],
            [
              128.59761111819407,
              35.859758969640225
            ],
            [
              128.59760792576483,
              35.85975820543207
            ],
            [
              128.5974803918247,
              35.85972766439457
            ],
            [
              128.5974674216668,
              35.859728464462684
            ],
            [
              128.59718587469348,
              35.859745825377885
            ],
            [
              128.5971448473035,
              35.85974835480637
            ],
            [
              128.59684423394114,
              35.85983514172355
            ],
            [
              128.5966488881613,
              35.85990012286618
            ],
            [
              128.59657759857623,
              35.859923215320926
            ],
            [
              128.59653620932434,
              35.8599472429162
            ],
            [
              128.59651482374235,
              35.85998781191666
            ],
            [
              128.59650059616615,
              35.86001480114778
            ],
            [
              128.59648618489786,
              35.85999693387343
            ],
            [
              128.59647868522393,
              35.85998763868771
            ],
            [
              128.5964712612113,
              35.860001687889536
            ],
            [
              128.59635060746206,
              35.860230035259704
            ],
            [
              128.59633999116585,
              35.8602485618989
            ],
            [
              128.59632175012615,
              35.860280398476384
            ],
            [
              128.59628957763775,
              35.860344331614805
            ],
            [
              128.59622443917118,
              35.860473781038145
            ],
            [
              128.59618954458233,
              35.86053436173248
            ],
            [
              128.59618882706476,
              35.86053566021964
            ],
            [
              128.5962317997573,
              35.86052541311229
            ],
            [
              128.5960943997635,
              35.86077973740307
            ],
            [
              128.59608927401405,
              35.86078922173313
            ],
            [
              128.59607721267216,
              35.860817350558754
            ],
            [
              128.5960705229815,
              35.860831975445166
            ],
            [
              128.59604590804406,
              35.86088578533055
            ],
            [
              128.5960311265938,
              35.86089380526007
            ],
            [
              128.5959981816639,
              35.860958621684844
            ],
            [
              128.59597871471098,
              35.86101679413548
            ],
            [
              128.5959377617372,
              35.861139176281064
            ],
            [
              128.59593314677699,
              35.86115117310872
            ],
            [
              128.59590112640922,
              35.86123440902143
            ],
            [
              128.5958654416983,
              35.86132742064244
            ],
            [
              128.59582991350823,
              35.86142183185345
            ],
            [
              128.5958090822323,
              35.86147971108942
            ],
            [
              128.5958038429227,
              35.86151200779194
            ],
            [
              128.59576393170033,
              35.86159247481724
            ],
            [
              128.59576080007676,
              35.86159878727621
            ],
            [
              128.59575449478274,
              35.86162195545598
            ],
            [
              128.59575313588516,
              35.86162694808513
            ],
            [
              128.59573338859414,
              35.86168762939497
            ],
            [
              128.5957185335036,
              35.861733279397306
            ],
            [
              128.59569478283944,
              35.86180308587163
            ],
            [
              128.59556397570353,
              35.86220581158958
            ],
            [
              128.59554086462418,
              35.86221298602524
            ],
            [
              128.59554047548997,
              35.86221754517183
            ],
            [
              128.59553814814112,
              35.86224479810655
            ],
            [
              128.5955270471456,
              35.86227626291474
            ],
            [
              128.595512662979,
              35.862288707635756
            ],
            [
              128.59549763761302,
              35.86234534019839
            ],
            [
              128.59542656185215,
              35.86252000801369
            ],
            [
              128.59541856506848,
              35.86255041311713
            ],
            [
              128.59541397831916,
              35.86256785150032
            ],
            [
              128.59541248269477,
              35.86257120092108
            ],
            [
              128.59538837458774,
              35.86262520979665
            ],
            [
              128.59536054834507,
              35.86270424750061
            ],
            [
              128.59534523946502,
              35.86273924331317
            ],
            [
              128.59530882211266,
              35.8628224884953
            ],
            [
              128.595299411083,
              35.8628381767492
            ],
            [
              128.59528765453697,
              35.86287561946364
            ],
            [
              128.5952685321381,
              35.862936524891545
            ],
            [
              128.59523819089546,
              35.863006180390684
            ],
            [
              128.59517116508704,
              35.86321768865119
            ],
            [
              128.59516838729297,
              35.863228795986025
            ],
            [
              128.5951791577224,
              35.86323800733566
            ],
            [
              128.59519882691185,
              35.8632548278885
            ],
            [
              128.59518682817915,
              35.863284818677464
            ],
            [
              128.59512365451113,
              35.86344273895219
            ],
            [
              128.59508360461354,
              35.863528216989344
            ],
            [
              128.5950679598733,
              35.86356836555295
            ],
            [
              128.59505631617608,
              35.86359824670738
            ],
            [
              128.59495915650075,
              35.86384757420464
            ],
            [
              128.5949137507192,
              35.86397287975503
            ],
            [
              128.5948863087557,
              35.864044652650605
            ],
            [
              128.59487370365795,
              35.86407115988497
            ],
            [
              128.59484328994137,
              35.86413511806185
            ],
            [
              128.59483513521758,
              35.86416840054654
            ],
            [
              128.59480298015984,
              35.864252317151774
            ],
            [
              128.59479928283037,
              35.86426196330987
            ],
            [
              128.59479332737763,
              35.86427750463023
            ],
            [
              128.59478886668538,
              35.864289146592334
            ],
            [
              128.59478712621632,
              35.864293380866194
            ],
            [
              128.59478164990392,
              35.864306716203025
            ],
            [
              128.59474069764403,
              35.864424727122575
            ],
            [
              128.5945914437712,
              35.86485685386606
            ],
            [
              128.59452240086966,
              35.86506132988826
            ],
            [
              128.59447401688044,
              35.86520462152336
            ],
            [
              128.5944356513749,
              35.86531459927915
            ],
            [
              128.59442606945842,
              35.86531644281973
            ],
            [
              128.5943708691345,
              35.86532707025893
            ],
            [
              128.5943112850634,
              35.86532868411456
            ],
            [
              128.5941766810942,
              35.86535379802632
            ],
            [
              128.59416267308987,
              35.86535547089499
            ],
            [
              128.5937515832894,
              35.865430135058844
            ],
            [
              128.59371377346898,
              35.86543699760616
            ],
            [
              128.5936069077044,
              35.86545711070435
            ],
            [
              128.59351466862788,
              35.86547447062162
            ],
            [
              128.59348874922088,
              35.865479347806506
            ],
            [
              128.59345963249652,
              35.865484973536425
            ],
            [
              128.59342009884196,
              35.865492293448554
            ],
            [
              128.59341562446224,
              35.865493122140784
            ],
            [
              128.59341528639754,
              35.86549318472103
            ],
            [
              128.5933118209809,
              35.865512343407055
            ],
            [
              128.59323678309005,
              35.865526180122885
            ],
            [
              128.59323842455663,
              35.86553908277551
            ],
            [
              128.59325330331484,
              35.86565611626447
            ],
            [
              128.59329691242255,
              35.86568487591802
            ],
            [
              128.59331957024875,
              35.86593666369018
            ],
            [
              128.59333038873564,
              35.866056922040016
            ],
            [
              128.59332290379422,
              35.86606097146443
            ],
            [
              128.5933334983146,
              35.866096872632745
            ],
            [
              128.59334134187577,
              35.86618310963978
            ],
            [
              128.59335029919905,
              35.86628350005676
            ],
            [
              128.5933577474414,
              35.866384818391005
            ],
            [
              128.59336551756397,
              35.866479088983155
            ],
            [
              128.59337208648353,
              35.86655348383895
            ],
            [
              128.59341365900377,
              35.86698396759637
            ],
            [
              128.5934361999182,
              35.867098998337816
            ],
            [
              128.59345987984597,
              35.86721969494168
            ],
            [
              128.5934698987193,
              35.86727075839771
            ],
            [
              128.59348534781407,
              35.86744279275625
            ],
            [
              128.5934822524595,
              35.8674917595454
            ],
            [
              128.59348875380095,
              35.86749318072984
            ],
            [
              128.593506753721,
              35.867698982417814
            ],
            [
              128.59352756568558,
              35.867953046177234
            ],
            [
              128.59353311324804,
              35.86800612835227
            ],
            [
              128.5935461948354,
              35.868135138237314
            ],
            [
              128.59355367572357,
              35.86822928520178
            ],
            [
              128.59357011541013,
              35.86843613785341
            ],
            [
              128.59359110683005,
              35.86868098055908
            ],
            [
              128.59362891184566,
              35.8691438897009
            ],
            [
              128.5936297225086,
              35.86916725441845
            ],
            [
              128.59363020524145,
              35.86917352669942
            ],
            [
              128.59364271308684,
              35.86933555517344
            ],
            [
              128.59365210614308,
              35.8694572743071
            ],
            [
              128.5936637310845,
              35.86962226973606
            ],
            [
              128.5936731395979,
              35.86972657054151
            ],
            [
              128.59367658140766,
              35.869774065952114
            ],
            [
              128.59367779372766,
              35.869790708569134
            ],
            [
              128.59367960958875,
              35.869797911745366
            ],
            [
              128.5936848201003,
              35.86981855154837
            ],
            [
              128.5937378071826,
              35.870075569648506
            ],
            [
              128.59377378097463,
              35.870256032324434
            ],
            [
              128.59378662956763,
              35.87032048159421
            ],
            [
              128.5938049553625,
              35.870412394855954
            ],
            [
              128.5938075951428,
              35.870426835478895
            ],
            [
              128.59387592566057,
              35.87077114183601
            ],
            [
              128.59387917537833,
              35.87079030649579
            ],
            [
              128.59392341498096,
              35.871001042203886
            ],
            [
              128.5939416754902,
              35.87108802087692
            ],
            [
              128.59394848239685,
              35.871124861616195
            ],
            [
              128.5939716982896,
              35.871250484778194
            ],
            [
              128.59396670688258,
              35.8712752853217
            ],
            [
              128.59397861410747,
              35.87127913112864
            ],
            [
              128.59400522124403,
              35.871412931213584
            ],
            [
              128.59403633763657,
              35.87156000989315
            ],
            [
              128.59403766816482,
              35.87156381138121
            ],
            [
              128.5940440513813,
              35.87158207478197
            ],
            [
              128.59404708093544,
              35.87159907769102
            ],
            [
              128.59405623715625,
              35.87165048789866
            ],
            [
              128.59406885914225,
              35.8717213006038
            ],
            [
              128.59410064105174,
              35.871883411245655
            ],
            [
              128.5941215924262,
              35.87199027906136
            ],
            [
              128.5941167186362,
              35.87205376274709
            ],
            [
              128.59411331589888,
              35.872098076649635
            ],
            [
              128.59412871467205,
              35.87212141666034
            ],
            [
              128.5941619142337,
              35.87229025804148
            ],
            [
              128.59415391506425,
              35.87230415545271
            ],
            [
              128.5941620100026,
              35.8723424954557
            ],
            [
              128.59418204781434,
              35.87243027649707
            ],
            [
              128.5941848768306,
              35.872442679655904
            ],
            [
              128.59418622645265,
              35.872448673565586
            ],
            [
              128.5941865373661,
              35.872450017666516
            ],
            [
              128.59419016581944,
              35.87247061414766
            ],
            [
              128.5941988783241,
              35.87251519634342
            ],
            [
              128.59420524447813,
              35.87255444283284
            ],
            [
              128.59420577441242,
              35.87255721481529
            ],
            [
              128.59422274500784,
              35.872569027550774
            ],
            [
              128.5942390104127,
              35.87265215662611
            ],
            [
              128.59427802049476,
              35.872851536812334
            ],
            [
              128.59438626348035,
              35.87282051513946
            ],
            [
              128.59438663862468,
              35.87282040804195
            ],
            [
              128.59443561627833,
              35.872806371659244
            ],
            [
              128.59446294749617,
              35.87290638529333
            ],
            [
              128.59446080267486,
              35.87292391857095
            ],
            [
              128.5944563347441,
              35.87301286587173
            ],
            [
              128.5944537304104,
              35.87305175411626
            ],
            [
              128.59445126369945,
              35.873088407037066
            ],
            [
              128.59445857477465,
              35.87309100183144
            ],
            [
              128.59445526052792,
              35.87315510600738
            ],
            [
              128.59445518104124,
              35.873156655614345
            ],
            [
              128.59445485844944,
              35.873162918996876
            ],
            [
              128.59446621250217,
              35.87325038421329
            ],
            [
              128.59446647998175,
              35.87325243553324
            ],
            [
              128.59445640975255,
              35.873282628625084
            ],
            [
              128.59443039493863,
              35.87337304164323
            ],
            [
              128.5944091386612,
              35.873478425903905
            ],
            [
              128.5943956028295,
              35.873480062051215
            ],
            [
              128.59440747557974,
              35.873530502625776
            ],
            [
              128.59442026862374,
              35.87358487283403
            ],
            [
              128.59442829418802,
              35.87361895446473
            ],
            [
              128.594432873249,
              35.87363778422749
            ],
            [
              128.5944553788735,
              35.873635792272125
            ],
            [
              128.59447223394713,
              35.87380701290215
            ],
            [
              128.59447456451568,
              35.87383068470082
            ],
            [
              128.59453902896004,
              35.87383261986534
            ],
            [
              128.59450069498084,
              35.87397044827115
            ],
            [
              128.59456563881375,
              35.87427375479164
            ],
            [
              128.59456276678927,
              35.87429543646687
            ],
            [
              128.59459289999424,
              35.874445280849905
            ],
            [
              128.5946081504503,
              35.874513997718026
            ],
            [
              128.59461709959865,
              35.874554327748434
            ],
            [
              128.5946234624889,
              35.8745852564249
            ],
            [
              128.5946293731509,
              35.8746139100751
            ],
            [
              128.59463466269088,
              35.87463960685485
            ],
            [
              128.594640550748,
              35.87466854920979
            ],
            [
              128.5946481530334,
              35.87470260582566
            ],
            [
              128.59465488134157,
              35.87473271796108
            ],
            [
              128.59466291816918,
              35.87476872880647
            ],
            [
              128.59466630111643,
              35.87478386223663
            ],
            [
              128.5946696511923,
              35.874798860732014
            ],
            [
              128.5947839307027,
              35.87478758286212
            ],
            [
              128.59479604760048,
              35.87478633825829
            ],
            [
              128.59484285596633,
              35.874781531826244
            ],
            [
              128.5949263989555,
              35.87506829621143
            ],
            [
              128.5949383974809,
              35.87510948014207
            ],
            [
              128.5949935290435,
              35.87528831701256
            ],
            [
              128.59635945312965,
              35.875015114833815
            ],
            [
              128.59638309336322,
              35.875010386739305
            ],
            [
              128.59647044078864,
              35.87527546427668
            ],
            [
              128.59654109384022,
              35.87548988396754
            ],
            [
              128.59661084370416,
              35.875477925385404
            ]
          ]
        ]
      }
    },
    {
      "type": "Feature",
      "properties": {
        "officialCode": "22010590",
        "officialName": "성내2동",
        "sourceFields": {
          "BASE_DATE": "20250630",
          "ADM_CD": "22010590",
          "ADM_NM": "성내2동"
        }
      },
      "geometry": {
        "type": "Polygon",
        "coordinates": [
          [
            [
              128.5891108144686,
              35.877120503033275
            ],
            [
              128.58922473659328,
              35.87709737993484
            ],
            [
              128.58923356753706,
              35.87712552954384
            ],
            [
              128.58926252643388,
              35.877119532995934
            ],
            [
              128.58948057513382,
              35.877074375988904
            ],
            [
              128.58984465918167,
              35.8769989733271
            ],
            [
              128.5905775598393,
              35.87684607609333
            ],
            [
              128.5907329542922,
              35.87681365766476
            ],
            [
              128.59134245207667,
              35.876687954898365
            ],
            [
              128.591804712549,
              35.876592616878455
            ],
            [
              128.59214345097374,
              35.876521553289244
            ],
            [
              128.59244118278735,
              35.87645908846272
            ],
            [
              128.59276299809477,
              35.8763915732315
            ],
            [
              128.5930558070296,
              35.87633014429392
            ],
            [
              128.59319469587166,
              35.876301005822526
            ],
            [
              128.59332249260981,
              35.87627419501327
            ],
            [
              128.59338838632536,
              35.8762603701995
            ],
            [
              128.5933973675384,
              35.8762835559339
            ],
            [
              128.59340077958763,
              35.87629453203404
            ],
            [
              128.59389767649827,
              35.87619265892979
            ],
            [
              128.59461920252892,
              35.87604472898833
            ],
            [
              128.5946196689614,
              35.87603644119431
            ],
            [
              128.59461693769268,
              35.876017148335414
            ],
            [
              128.594615827145,
              35.875939166208326
            ],
            [
              128.5946641061585,
              35.87592912549842
            ],
            [
              128.59484244799023,
              35.87589289541151
            ],
            [
              128.59485934914358,
              35.87588945967264
            ],
            [
              128.59485793202063,
              35.87574848376035
            ],
            [
              128.59485802888398,
              35.875666732921545
            ],
            [
              128.59485824043716,
              35.875486494497096
            ],
            [
              128.5948583137541,
              35.8753153685047
            ],
            [
              128.5949935290435,
              35.87528831701256
            ],
            [
              128.5949383974809,
              35.87510948014207
            ],
            [
              128.5949263989555,
              35.87506829621143
            ],
            [
              128.59484285596633,
              35.874781531826244
            ],
            [
              128.59479604760048,
              35.87478633825829
            ],
            [
              128.5947839307027,
              35.87478758286212
            ],
            [
              128.5946696511923,
              35.874798860732014
            ],
            [
              128.59466630111643,
              35.87478386223663
            ],
            [
              128.59466291816918,
              35.87476872880647
            ],
            [
              128.59465488134157,
              35.87473271796108
            ],
            [
              128.5946481530334,
              35.87470260582566
            ],
            [
              128.594640550748,
              35.87466854920979
            ],
            [
              128.59463466269088,
              35.87463960685485
            ],
            [
              128.5946293731509,
              35.8746139100751
            ],
            [
              128.5946234624889,
              35.8745852564249
            ],
            [
              128.59461709959865,
              35.874554327748434
            ],
            [
              128.5946081504503,
              35.874513997718026
            ],
            [
              128.59459289999424,
              35.874445280849905
            ],
            [
              128.59456276678927,
              35.87429543646687
            ],
            [
              128.59456563881375,
              35.87427375479164
            ],
            [
              128.59450069498084,
              35.87397044827115
            ],
            [
              128.59453902896004,
              35.87383261986534
            ],
            [
              128.59447456451568,
              35.87383068470082
            ],
            [
              128.59447223394713,
              35.87380701290215
            ],
            [
              128.5944553788735,
              35.873635792272125
            ],
            [
              128.594432873249,
              35.87363778422749
            ],
            [
              128.59442829418802,
              35.87361895446473
            ],
            [
              128.59442026862374,
              35.87358487283403
            ],
            [
              128.59440747557974,
              35.873530502625776
            ],
            [
              128.5943956028295,
              35.873480062051215
            ],
            [
              128.5944091386612,
              35.873478425903905
            ],
            [
              128.59443039493863,
              35.87337304164323
            ],
            [
              128.59445640975255,
              35.873282628625084
            ],
            [
              128.59446647998175,
              35.87325243553324
            ],
            [
              128.59446621250217,
              35.87325038421329
            ],
            [
              128.59445485844944,
              35.873162918996876
            ],
            [
              128.59445518104124,
              35.873156655614345
            ],
            [
              128.59445526052792,
              35.87315510600738
            ],
            [
              128.59445857477465,
              35.87309100183144
            ],
            [
              128.59445126369945,
              35.873088407037066
            ],
            [
              128.5944537304104,
              35.87305175411626
            ],
            [
              128.5944563347441,
              35.87301286587173
            ],
            [
              128.59446080267486,
              35.87292391857095
            ],
            [
              128.59446294749617,
              35.87290638529333
            ],
            [
              128.59443561627833,
              35.872806371659244
            ],
            [
              128.59438663862468,
              35.87282040804195
            ],
            [
              128.59438626348035,
              35.87282051513946
            ],
            [
              128.59427802049476,
              35.872851536812334
            ],
            [
              128.5942390104127,
              35.87265215662611
            ],
            [
              128.59422274500784,
              35.872569027550774
            ],
            [
              128.59420577441242,
              35.87255721481529
            ],
            [
              128.59420524447813,
              35.87255444283284
            ],
            [
              128.5941988783241,
              35.87251519634342
            ],
            [
              128.59419016581944,
              35.87247061414766
            ],
            [
              128.5941865373661,
              35.872450017666516
            ],
            [
              128.59418622645265,
              35.872448673565586
            ],
            [
              128.5941848768306,
              35.872442679655904
            ],
            [
              128.59418204781434,
              35.87243027649707
            ],
            [
              128.5941620100026,
              35.8723424954557
            ],
            [
              128.59415391506425,
              35.87230415545271
            ],
            [
              128.5941619142337,
              35.87229025804148
            ],
            [
              128.59412871467205,
              35.87212141666034
            ],
            [
              128.59411331589888,
              35.872098076649635
            ],
            [
              128.5941167186362,
              35.87205376274709
            ],
            [
              128.5941215924262,
              35.87199027906136
            ],
            [
              128.59410064105174,
              35.871883411245655
            ],
            [
              128.59406885914225,
              35.8717213006038
            ],
            [
              128.59405623715625,
              35.87165048789866
            ],
            [
              128.59404708093544,
              35.87159907769102
            ],
            [
              128.5940440513813,
              35.87158207478197
            ],
            [
              128.59403766816482,
              35.87156381138121
            ],
            [
              128.59403633763657,
              35.87156000989315
            ],
            [
              128.59400522124403,
              35.871412931213584
            ],
            [
              128.59397861410747,
              35.87127913112864
            ],
            [
              128.59396670688258,
              35.8712752853217
            ],
            [
              128.5939716982896,
              35.871250484778194
            ],
            [
              128.59394848239685,
              35.871124861616195
            ],
            [
              128.5939416754902,
              35.87108802087692
            ],
            [
              128.59392341498096,
              35.871001042203886
            ],
            [
              128.59387917537833,
              35.87079030649579
            ],
            [
              128.59387592566057,
              35.87077114183601
            ],
            [
              128.5938075951428,
              35.870426835478895
            ],
            [
              128.5938049553625,
              35.870412394855954
            ],
            [
              128.59378662956763,
              35.87032048159421
            ],
            [
              128.59377378097463,
              35.870256032324434
            ],
            [
              128.5937378071826,
              35.870075569648506
            ],
            [
              128.5936848201003,
              35.86981855154837
            ],
            [
              128.59367960958875,
              35.869797911745366
            ],
            [
              128.59367779372766,
              35.869790708569134
            ],
            [
              128.59367658140766,
              35.869774065952114
            ],
            [
              128.5936731395979,
              35.86972657054151
            ],
            [
              128.5936637310845,
              35.86962226973606
            ],
            [
              128.59365210614308,
              35.8694572743071
            ],
            [
              128.59364271308684,
              35.86933555517344
            ],
            [
              128.59363020524145,
              35.86917352669942
            ],
            [
              128.5936297225086,
              35.86916725441845
            ],
            [
              128.59362891184566,
              35.8691438897009
            ],
            [
              128.59359110683005,
              35.86868098055908
            ],
            [
              128.59357011541013,
              35.86843613785341
            ],
            [
              128.59355367572357,
              35.86822928520178
            ],
            [
              128.5935461948354,
              35.868135138237314
            ],
            [
              128.59353311324804,
              35.86800612835227
            ],
            [
              128.59352756568558,
              35.867953046177234
            ],
            [
              128.593506753721,
              35.867698982417814
            ],
            [
              128.59348875380095,
              35.86749318072984
            ],
            [
              128.5934822524595,
              35.8674917595454
            ],
            [
              128.59348534781407,
              35.86744279275625
            ],
            [
              128.5934698987193,
              35.86727075839771
            ],
            [
              128.59345987984597,
              35.86721969494168
            ],
            [
              128.5934361999182,
              35.867098998337816
            ],
            [
              128.59341365900377,
              35.86698396759637
            ],
            [
              128.59337208648353,
              35.86655348383895
            ],
            [
              128.59336551756397,
              35.866479088983155
            ],
            [
              128.5933577474414,
              35.866384818391005
            ],
            [
              128.59335029919905,
              35.86628350005676
            ],
            [
              128.59334134187577,
              35.86618310963978
            ],
            [
              128.5933334983146,
              35.866096872632745
            ],
            [
              128.59332290379422,
              35.86606097146443
            ],
            [
              128.59333038873564,
              35.866056922040016
            ],
            [
              128.59331957024875,
              35.86593666369018
            ],
            [
              128.59329691242255,
              35.86568487591802
            ],
            [
              128.59325330331484,
              35.86565611626447
            ],
            [
              128.59323842455663,
              35.86553908277551
            ],
            [
              128.59323678309005,
              35.865526180122885
            ],
            [
              128.5929689046072,
              35.86557557107587
            ],
            [
              128.5929645981058,
              35.865576365767694
            ],
            [
              128.5924533446397,
              35.86567062979164
            ],
            [
              128.59245023562036,
              35.86567119539682
            ],
            [
              128.59244795531566,
              35.865671616427974
            ],
            [
              128.59231444648896,
              35.865696232359106
            ],
            [
              128.59229483181332,
              35.86569984927366
            ],
            [
              128.59227871063868,
              35.865702830372726
            ],
            [
              128.5922568464885,
              35.86570685540682
            ],
            [
              128.59195441451595,
              35.865762413928515
            ],
            [
              128.59179432450185,
              35.86579182469696
            ],
            [
              128.5915168441498,
              35.86584142410698
            ],
            [
              128.59140961718273,
              35.86586064058304
            ],
            [
              128.59108927390747,
              35.86591804468639
            ],
            [
              128.59106793962906,
              35.86592186815146
            ],
            [
              128.59104171616204,
              35.86592656365313
            ],
            [
              128.59049139970486,
              35.86602843893039
            ],
            [
              128.5904292674139,
              35.86603893816376
            ],
            [
              128.59014733712303,
              35.86608659317957
            ],
            [
              128.5898862471949,
              35.86613505738921
            ],
            [
              128.58986467622339,
              35.86613964190483
            ],
            [
              128.58985769550765,
              35.866133937038036
            ],
            [
              128.5898057283704,
              35.8661560640444
            ],
            [
              128.5897967206778,
              35.86615989987123
            ],
            [
              128.58979457787052,
              35.86615806930363
            ],
            [
              128.58978820327425,
              35.86615262579669
            ],
            [
              128.58970575241943,
              35.86616778434365
            ],
            [
              128.58962144318778,
              35.86618328245041
            ],
            [
              128.5895441120109,
              35.866197498294596
            ],
            [
              128.5894798121678,
              35.86620826192329
            ],
            [
              128.58922959449438,
              35.86625403321018
            ],
            [
              128.588899312938,
              35.86631444627814
            ],
            [
              128.58886627917917,
              35.86632040392091
            ],
            [
              128.58882803438468,
              35.86632111841561
            ],
            [
              128.58878146340004,
              35.86631849143983
            ],
            [
              128.58865129151988,
              35.86635224106417
            ],
            [
              128.58860979007673,
              35.86637107576739
            ],
            [
              128.58860832383905,
              35.866371740884794
            ],
            [
              128.58859186283755,
              35.86637921164984
            ],
            [
              128.58842385746516,
              35.866407807943176
            ],
            [
              128.58833624518624,
              35.86642689625306
            ],
            [
              128.58830200783814,
              35.866426813354245
            ],
            [
              128.58829979254804,
              35.86642680818018
            ],
            [
              128.58801483283472,
              35.8664261203994
            ],
            [
              128.58790315098517,
              35.86643346085009
            ],
            [
              128.58782863918955,
              35.86644135354347
            ],
            [
              128.58777838497554,
              35.86645644639866
            ],
            [
              128.58769889689444,
              35.866457954125025
            ],
            [
              128.5876781563537,
              35.86647517785788
            ],
            [
              128.58766244054647,
              35.86648191058125
            ],
            [
              128.58766168294108,
              35.866482234791064
            ],
            [
              128.5876552653703,
              35.86648498496508
            ],
            [
              128.58762959675377,
              35.86652869074689
            ],
            [
              128.5875982583538,
              35.86651834144645
            ],
            [
              128.5875933004636,
              35.8665167040172
            ],
            [
              128.5875444127506,
              35.86650146663774
            ],
            [
              128.58750377940171,
              35.86648804418814
            ],
            [
              128.58749432888033,
              35.8664839627184
            ],
            [
              128.58739847247872,
              35.86646358061611
            ],
            [
              128.5874038978773,
              35.86645825375391
            ],
            [
              128.58736375043077,
              35.86644455999529
            ],
            [
              128.58733246170704,
              35.86643378824356
            ],
            [
              128.58731229245225,
              35.86643332528586
            ],
            [
              128.58731180545414,
              35.86643059435119
            ],
            [
              128.58716724937418,
              35.8663830992786
            ],
            [
              128.58708257887997,
              35.866358903049864
            ],
            [
              128.58699281065813,
              35.86632947513784
            ],
            [
              128.58691044712955,
              35.866302418888885
            ],
            [
              128.58688979729226,
              35.86629563574215
            ],
            [
              128.5867929232368,
              35.86626121059548
            ],
            [
              128.58676684787338,
              35.86625179616469
            ],
            [
              128.5866766516284,
              35.866219232642806
            ],
            [
              128.58661232412985,
              35.8661991200537
            ],
            [
              128.58660028885268,
              35.86619522417461
            ],
            [
              128.58659733842802,
              35.86619426815849
            ],
            [
              128.5865454718281,
              35.86617823328471
            ],
            [
              128.58644855309532,
              35.86614797889309
            ],
            [
              128.58597151998197,
              35.865999065311826
            ],
            [
              128.58591521991974,
              35.86598148980186
            ],
            [
              128.58590910203853,
              35.86597957969743
            ],
            [
              128.5858882834512,
              35.86597308009148
            ],
            [
              128.58579338960078,
              35.8659434523814
            ],
            [
              128.585789258392,
              35.86594216442389
            ],
            [
              128.58576491370928,
              35.86593456430386
            ],
            [
              128.5857340345396,
              35.86592390563278
            ],
            [
              128.58571515180702,
              35.86591738669674
            ],
            [
              128.58568861923504,
              35.86590910852523
            ],
            [
              128.5856518776112,
              35.86589764272495
            ],
            [
              128.58563709109043,
              35.86589325591846
            ],
            [
              128.58551601777353,
              35.86585548003841
            ],
            [
              128.58548443009403,
              35.86584614218433
            ],
            [
              128.5854487664311,
              35.86583501638735
            ],
            [
              128.5854137568318,
              35.86582409473417
            ],
            [
              128.58527388982768,
              35.8657804614653
            ],
            [
              128.58524665368475,
              35.865772321179776
            ],
            [
              128.5852323385483,
              35.86576773532671
            ],
            [
              128.5852084695893,
              35.86576008752002
            ],
            [
              128.58485671181708,
              35.865651576323536
            ],
            [
              128.58471632265312,
              35.86560826987428
            ],
            [
              128.58468824882755,
              35.86559960870868
            ],
            [
              128.5846598646028,
              35.865590764617025
            ],
            [
              128.584506895813,
              35.86554381919663
            ],
            [
              128.58447666824432,
              35.86553454362574
            ],
            [
              128.58446705624402,
              35.865531597539636
            ],
            [
              128.5843756878142,
              35.865503108003324
            ],
            [
              128.58435490964646,
              35.8654966303032
            ],
            [
              128.58434159515085,
              35.865492478879744
            ],
            [
              128.5843333892051,
              35.86548997628216
            ],
            [
              128.5842704916049,
              35.86547083402688
            ],
            [
              128.58425812162304,
              35.865467068953784
            ],
            [
              128.584228100801,
              35.865457761702075
            ],
            [
              128.5841702392544,
              35.86543982170426
            ],
            [
              128.58412840946664,
              35.865426951640295
            ],
            [
              128.58402589589963,
              35.86539564225255
            ],
            [
              128.58401423542173,
              35.86539208532372
            ],
            [
              128.58391014893436,
              35.86535994616641
            ],
            [
              128.58388869804682,
              35.86535383958805
            ],
            [
              128.58386476660013,
              35.86534630206627
            ],
            [
              128.58386043507832,
              35.86534494011773
            ],
            [
              128.58374223929872,
              35.86530850684609
            ],
            [
              128.58372637926033,
              35.86530367870508
            ],
            [
              128.5837139870816,
              35.86529990656312
            ],
            [
              128.58369296906983,
              35.865293051352765
            ],
            [
              128.58366319761785,
              35.86528333961146
            ],
            [
              128.58353013830225,
              35.86524252698265
            ],
            [
              128.58352722424578,
              35.86524163367177
            ],
            [
              128.5835077890094,
              35.86523567292864
            ],
            [
              128.58349014823787,
              35.86523070033925
            ],
            [
              128.5833362459308,
              35.86518594632216
            ],
            [
              128.58331178080044,
              35.865176298433425
            ],
            [
              128.58328933814457,
              35.86516892948586
            ],
            [
              128.58328511263863,
              35.8651675431197
            ],
            [
              128.58325147830226,
              35.865157202558784
            ],
            [
              128.58317827003103,
              35.86513516672239
            ],
            [
              128.58315722818867,
              35.86512883273607
            ],
            [
              128.58314501234125,
              35.86512515451069
            ],
            [
              128.58305884716822,
              35.86509853467333
            ],
            [
              128.5830366200374,
              35.86509186154529
            ],
            [
              128.58300707140205,
              35.86508288511004
            ],
            [
              128.58295082133034,
              35.865065795492164
            ],
            [
              128.58284326265542,
              35.86503303216749
            ],
            [
              128.58281817458632,
              35.86502529569813
            ],
            [
              128.58278634686258,
              35.86501568882229
            ],
            [
              128.58276622127855,
              35.865009615174074
            ],
            [
              128.58273700529776,
              35.86500033635423
            ],
            [
              128.58235857790945,
              35.86488506471403
            ],
            [
              128.5823431784577,
              35.86488037468582
            ],
            [
              128.58234310422102,
              35.86488322339493
            ],
            [
              128.582339196264,
              35.865031599217644
            ],
            [
              128.58233256109327,
              35.865347904148685
            ],
            [
              128.5823317122319,
              35.865388271201844
            ],
            [
              128.58232893448405,
              35.86546907814764
            ],
            [
              128.58232763670892,
              35.865505592354765
            ],
            [
              128.58232683385646,
              35.8655281657297
            ],
            [
              128.58232277268226,
              35.86566706838392
            ],
            [
              128.58232032303758,
              35.86580686529179
            ],
            [
              128.58231848616262,
              35.86591402006898
            ],
            [
              128.5823176232396,
              35.86596345336988
            ],
            [
              128.58231952198176,
              35.865967222830264
            ],
            [
              128.58232800268752,
              35.86598406696849
            ],
            [
              128.58231924349272,
              35.86598518809481
            ],
            [
              128.58231914603016,
              35.865988609505635
            ],
            [
              128.58230635314172,
              35.86643870421413
            ],
            [
              128.5823059819494,
              35.866451807278246
            ],
            [
              128.5823053088816,
              35.86647301090677
            ],
            [
              128.5823043948135,
              35.86650679171621
            ],
            [
              128.5823021658689,
              35.86658902538588
            ],
            [
              128.5823021568206,
              35.86658933740842
            ],
            [
              128.58230009622883,
              35.86665984202068
            ],
            [
              128.58229784165854,
              35.86674589313951
            ],
            [
              128.58229751920297,
              35.86675834483495
            ],
            [
              128.58229470180146,
              35.8668646654681
            ],
            [
              128.58229423062753,
              35.86688532183023
            ],
            [
              128.58228709556843,
              35.867099797765455
            ],
            [
              128.58228501913914,
              35.8671622154896
            ],
            [
              128.58226064227702,
              35.867894932010735
            ],
            [
              128.58225278423438,
              35.868131104236774
            ],
            [
              128.58226522820246,
              35.86818329181589
            ],
            [
              128.58229675059076,
              35.868315497056585
            ],
            [
              128.58232831777352,
              35.868447893013176
            ],
            [
              128.58232840674825,
              35.86845020021368
            ],
            [
              128.58235762011276,
              35.86858412928865
            ],
            [
              128.5823816120919,
              35.86871104976615
            ],
            [
              128.5823912725436,
              35.86876216430284
            ],
            [
              128.58237511999437,
              35.86893556687071
            ],
            [
              128.582393107685,
              35.869280344693834
            ],
            [
              128.58235940625224,
              35.86928147960475
            ],
            [
              128.58234454768944,
              35.8694146788082
            ],
            [
              128.5823442487412,
              35.86941941110244
            ],
            [
              128.58224041364326,
              35.86941994635227
            ],
            [
              128.5821322634371,
              35.869420504157205
            ],
            [
              128.58212845827535,
              35.8695472251986
            ],
            [
              128.58211963500366,
              35.86984106732911
            ],
            [
              128.58210996484397,
              35.870163131492816
            ],
            [
              128.5822285314274,
              35.87016363385512
            ],
            [
              128.5822476663006,
              35.870163715699796
            ],
            [
              128.5822407438335,
              35.87021978316861
            ],
            [
              128.5822470391123,
              35.87030118087361
            ],
            [
              128.58227333395195,
              35.87036658136324
            ],
            [
              128.58229656188104,
              35.87039868410171
            ],
            [
              128.5823457712864,
              35.870450172548786
            ],
            [
              128.58240185046813,
              35.87047787894806
            ],
            [
              128.58243050420793,
              35.87050284287588
            ],
            [
              128.58250187678564,
              35.870541850447125
            ],
            [
              128.58254537958445,
              35.87055115200812
            ],
            [
              128.582572108876,
              35.87054326586301
            ],
            [
              128.5826035432834,
              35.87054570167521
            ],
            [
              128.58260960084297,
              35.870546169987215
            ],
            [
              128.58261854912558,
              35.87055418898126
            ],
            [
              128.5826179647523,
              35.87055503811105
            ],
            [
              128.58261861981273,
              35.87058104230026
            ],
            [
              128.58261912750493,
              35.870601099304764
            ],
            [
              128.58274226820672,
              35.8706068863631
            ],
            [
              128.58277505096837,
              35.87060787829435
            ],
            [
              128.5827968139522,
              35.870608982173756
            ],
            [
              128.58290294145436,
              35.870616438855635
            ],
            [
              128.58311280486805,
              35.870625885688355
            ],
            [
              128.58331831474231,
              35.87063513701027
            ],
            [
              128.5835300514304,
              35.870645975361484
            ],
            [
              128.583615455394,
              35.870649263795165
            ],
            [
              128.58363644597716,
              35.870650421371344
            ],
            [
              128.583766983632,
              35.87065733251393
            ],
            [
              128.58384203260042,
              35.87066220900303
            ],
            [
              128.5839202396669,
              35.870666362744444
            ],
            [
              128.58395799601027,
              35.87066850133889
            ],
            [
              128.58406199125312,
              35.87067342481309
            ],
            [
              128.58407011570924,
              35.870673809485446
            ],
            [
              128.5843106623007,
              35.87069938665294
            ],
            [
              128.58443772332262,
              35.87071289723485
            ],
            [
              128.58452915145756,
              35.8707212659338
            ],
            [
              128.58453886495863,
              35.87072169753367
            ],
            [
              128.5845971577123,
              35.870727424449
            ],
            [
              128.58461245354394,
              35.87072937616108
            ],
            [
              128.5846715120186,
              35.87073691367686
            ],
            [
              128.58473205660496,
              35.8707131372862
            ],
            [
              128.5847573741447,
              35.870718384749736
            ],
            [
              128.58479123408011,
              35.870756137542394
            ],
            [
              128.58485106181993,
              35.87076704347346
            ],
            [
              128.58488755316407,
              35.87072237504446
            ],
            [
              128.58492557191119,
              35.87067583558962
            ],
            [
              128.58498285052562,
              35.87062180507738
            ],
            [
              128.5850215281704,
              35.87063090950546
            ],
            [
              128.58502728122332,
              35.87063300866823
            ],
            [
              128.5850567968534,
              35.87064378259365
            ],
            [
              128.58507489682594,
              35.870650492609
            ],
            [
              128.5850895658417,
              35.870642786972695
            ],
            [
              128.58514031767479,
              35.87063065146348
            ],
            [
              128.58514827270034,
              35.87062121055924
            ],
            [
              128.58515636294365,
              35.87061161336416
            ],
            [
              128.58540362942844,
              35.87056967090602
            ],
            [
              128.58541913935375,
              35.87052795609346
            ],
            [
              128.58542516082122,
              35.870482980416746
            ],
            [
              128.58551672357407,
              35.8704937597309
            ],
            [
              128.58551481008953,
              35.870505006888465
            ],
            [
              128.58552762442724,
              35.870515462811454
            ],
            [
              128.58553999538103,
              35.87051663844669
            ],
            [
              128.58555393743015,
              35.87042479106217
            ],
            [
              128.58555398422007,
              35.87042448591113
            ],
            [
              128.58555497608876,
              35.87041794602678
            ],
            [
              128.5855732648633,
              35.8704203087286
            ],
            [
              128.5855740637845,
              35.87042041149913
            ],
            [
              128.58561126049392,
              35.87042521604528
            ],
            [
              128.58561157159863,
              35.870450943834676
            ],
            [
              128.5856192805447,
              35.87045091383248
            ],
            [
              128.5857275014658,
              35.87046437153707
            ],
            [
              128.58585965803346,
              35.87047353049875
            ],
            [
              128.58587630551773,
              35.87035463608291
            ],
            [
              128.58588371384053,
              35.87030172942162
            ],
            [
              128.5857998042143,
              35.87029688381253
            ],
            [
              128.5857897142899,
              35.87031221142755
            ],
            [
              128.5857133564512,
              35.870303125063906
            ],
            [
              128.58571216087623,
              35.87029522014898
            ],
            [
              128.58569673273362,
              35.87028835625516
            ],
            [
              128.58569057247718,
              35.87028157808768
            ],
            [
              128.58568336311097,
              35.870279254106435
            ],
            [
              128.58567803551506,
              35.87027894884572
            ],
            [
              128.58568781202254,
              35.8702401599998
            ],
            [
              128.58569629827386,
              35.87023832525115
            ],
            [
              128.58585475448626,
              35.87020541039548
            ],
            [
              128.58603056537805,
              35.87016843466067
            ],
            [
              128.58608923488188,
              35.870176467252165
            ],
            [
              128.58609273272677,
              35.870181487983665
            ],
            [
              128.58612100863655,
              35.87018275055185
            ],
            [
              128.58613051032532,
              35.87017123823231
            ],
            [
              128.58614000228866,
              35.87016014973443
            ],
            [
              128.58617115696876,
              35.8701616531235
            ],
            [
              128.58617817776894,
              35.87013733940461
            ],
            [
              128.58620740747682,
              35.870145670595534
            ],
            [
              128.58624977401564,
              35.870151888727804
            ],
            [
              128.58629492780238,
              35.87016689711954
            ],
            [
              128.58630240584398,
              35.870153848792874
            ],
            [
              128.58635076358857,
              35.870166790657144
            ],
            [
              128.58636621098148,
              35.87016775987563
            ],
            [
              128.5863610968801,
              35.870197373777984
            ],
            [
              128.58636520059835,
              35.870248803273675
            ],
            [
              128.58636824064882,
              35.8702869028667
            ],
            [
              128.58638519422922,
              35.870289962707986
            ],
            [
              128.58638955813484,
              35.870295296554154
            ],
            [
              128.58643816102764,
              35.87029990031625
            ],
            [
              128.58647597406323,
              35.870296788709204
            ],
            [
              128.58653503821105,
              35.87029834429199
            ],
            [
              128.5865379601757,
              35.870274002716066
            ],
            [
              128.58666885191286,
              35.87027491391598
            ],
            [
              128.58667400205593,
              35.87027406673779
            ],
            [
              128.5866759294955,
              35.870273749982445
            ],
            [
              128.58667610696853,
              35.870273281367446
            ],
            [
              128.58668367160817,
              35.87025311349537
            ],
            [
              128.58668684748906,
              35.87024461187848
            ],
            [
              128.5867079052091,
              35.8702401461661
            ],
            [
              128.58671644044236,
              35.87023946670576
            ],
            [
              128.58675465334247,
              35.87023935900687
            ],
            [
              128.5867584059363,
              35.87023934669405
            ],
            [
              128.586780482721,
              35.87023910007826
            ],
            [
              128.58679860119014,
              35.8702401857185
            ],
            [
              128.58679901136873,
              35.87024021085742
            ],
            [
              128.58680203343405,
              35.87020974134993
            ],
            [
              128.58680437701747,
              35.870186041504084
            ],
            [
              128.58680455386644,
              35.87018422956617
            ],
            [
              128.5868302710007,
              35.87018451258015
            ],
            [
              128.58689191816214,
              35.8701719586023
            ],
            [
              128.58690169626826,
              35.87016674384153
            ],
            [
              128.58691997496905,
              35.87016788391063
            ],
            [
              128.58693834990507,
              35.870208832507274
            ],
            [
              128.58695684577515,
              35.870204948901566
            ],
            [
              128.58699780238666,
              35.8701953571026
            ],
            [
              128.58702193624637,
              35.87018887825786
            ],
            [
              128.58703783335778,
              35.870226823617124
            ],
            [
              128.58703935409704,
              35.870227709614724
            ],
            [
              128.58706373309934,
              35.870240635580735
            ],
            [
              128.5871107941571,
              35.87026713394902
            ],
            [
              128.5870903814134,
              35.87027259462945
            ],
            [
              128.58713755414254,
              35.870287319371414
            ],
            [
              128.58715933932194,
              35.87028551021228
            ],
            [
              128.58721289005996,
              35.870276727556046
            ],
            [
              128.5872748250665,
              35.870266756458044
            ],
            [
              128.58735093485825,
              35.870928245400414
            ],
            [
              128.58736173486275,
              35.87105666356912
            ],
            [
              128.58736228246545,
              35.87106317871208
            ],
            [
              128.58737069696457,
              35.871163253512336
            ],
            [
              128.58737604480848,
              35.87116373882655
            ],
            [
              128.58743535688748,
              35.87116912335691
            ],
            [
              128.58746755035878,
              35.87141487912142
            ],
            [
              128.58747024867648,
              35.87141487993673
            ],
            [
              128.58748796067593,
              35.87154004036852
            ],
            [
              128.5875014072089,
              35.87165054214202
            ],
            [
              128.58751050830276,
              35.87171848984014
            ],
            [
              128.58751235499457,
              35.87173260601297
            ],
            [
              128.58752184839972,
              35.87180518599111
            ],
            [
              128.58753840209997,
              35.871961156066305
            ],
            [
              128.58754627147508,
              35.87202602074762
            ],
            [
              128.58755371993706,
              35.87209112815259
            ],
            [
              128.58755558554708,
              35.87210743765363
            ],
            [
              128.5875619466122,
              35.872159845578366
            ],
            [
              128.58757353227813,
              35.872283301598486
            ],
            [
              128.58757592003775,
              35.872305801005574
            ],
            [
              128.5875838328319,
              35.87237999645686
            ],
            [
              128.5875852674582,
              35.872399377875276
            ],
            [
              128.58758563955607,
              35.87240439620812
            ],
            [
              128.5875934582598,
              35.872487914663246
            ],
            [
              128.58759575412725,
              35.87251471174689
            ],
            [
              128.58761590787992,
              35.872701780138996
            ],
            [
              128.58761975660386,
              35.87273245610642
            ],
            [
              128.58763484815265,
              35.87289358189193
            ],
            [
              128.5876445933797,
              35.87299485628921
            ],
            [
              128.58764595755176,
              35.8730089191258
            ],
            [
              128.58765425844692,
              35.87305379765595
            ],
            [
              128.58765883646655,
              35.87309374048495
            ],
            [
              128.58766854674747,
              35.873162470602004
            ],
            [
              128.58767332821773,
              35.8732017372189
            ],
            [
              128.58767463102978,
              35.873212444995886
            ],
            [
              128.5876769511909,
              35.87323761183009
            ],
            [
              128.58768162412184,
              35.8733164237478
            ],
            [
              128.58769580970494,
              35.8733976414424
            ],
            [
              128.587704229245,
              35.873445845655574
            ],
            [
              128.58772513189928,
              35.87354666378519
            ],
            [
              128.58774428680317,
              35.87359595903765
            ],
            [
              128.58768046786093,
              35.87361286063117
            ],
            [
              128.5877125592618,
              35.87375846982537
            ],
            [
              128.58765882909935,
              35.873763693173046
            ],
            [
              128.58764933021175,
              35.87376343118247
            ],
            [
              128.58762448153374,
              35.873762747409
            ],
            [
              128.58762706999235,
              35.87383833617952
            ],
            [
              128.5876288259496,
              35.87388964981454
            ],
            [
              128.58763380840978,
              35.87409304938836
            ],
            [
              128.58763762863546,
              35.87415388646186
            ],
            [
              128.58764357156292,
              35.874251049884684
            ],
            [
              128.5876186847175,
              35.87426379251845
            ],
            [
              128.58762079015955,
              35.87426676664005
            ],
            [
              128.58766492158315,
              35.874383934322914
            ],
            [
              128.5876622823975,
              35.8743847011082
            ],
            [
              128.58765053256766,
              35.874397568212245
            ],
            [
              128.5876538139598,
              35.874412178062656
            ],
            [
              128.58766109288675,
              35.87444273460568
            ],
            [
              128.5876663921312,
              35.87447514104837
            ],
            [
              128.5876719910769,
              35.87450937494757
            ],
            [
              128.5876827549145,
              35.874623880428516
            ],
            [
              128.5876890002653,
              35.87469275730124
            ],
            [
              128.58769120552574,
              35.8747169695136
            ],
            [
              128.58769578535262,
              35.8747541174712
            ],
            [
              128.58770365791153,
              35.8748486759243
            ],
            [
              128.5877126170006,
              35.874926772834435
            ],
            [
              128.58772645759095,
              35.875082716878296
            ],
            [
              128.58774211083107,
              35.875137402709726
            ],
            [
              128.58775289224172,
              35.875175069697775
            ],
            [
              128.58781162882707,
              35.87536840241424
            ],
            [
              128.587852609699,
              35.875509471889586
            ],
            [
              128.58790127121077,
              35.87567699122113
            ],
            [
              128.58791014428607,
              35.875707539613394
            ],
            [
              128.58791965192424,
              35.87573629265718
            ],
            [
              128.58800812911502,
              35.87571926944953
            ],
            [
              128.5880104276337,
              35.87572404583933
            ],
            [
              128.58801735976877,
              35.875738457620805
            ],
            [
              128.58809100228783,
              35.8759863150358
            ],
            [
              128.5881183692776,
              35.876078423100275
            ],
            [
              128.58815775943853,
              35.87620889547725
            ],
            [
              128.58823143260267,
              35.87624398575581
            ],
            [
              128.58821741458436,
              35.87637320016054
            ],
            [
              128.5880990520035,
              35.87639460628365
            ],
            [
              128.58810201156612,
              35.876419042446976
            ],
            [
              128.58811926185265,
              35.876561463641245
            ],
            [
              128.58812999460142,
              35.87665985390441
            ],
            [
              128.58813343521078,
              35.87669726819504
            ],
            [
              128.58814290443473,
              35.876800303026286
            ],
            [
              128.58815714922392,
              35.87678241681931
            ],
            [
              128.58817327152988,
              35.87676217314716
            ],
            [
              128.58819230816786,
              35.87672952643203
            ],
            [
              128.588226404506,
              35.876649488822956
            ],
            [
              128.5882490019388,
              35.87663323989637
            ],
            [
              128.5882625722459,
              35.8766363427327
            ],
            [
              128.58826726928908,
              35.87665384817079
            ],
            [
              128.58828039866978,
              35.876707967158445
            ],
            [
              128.58827176090128,
              35.87672047434892
            ],
            [
              128.58825779330516,
              35.8767310878652
            ],
            [
              128.5882720836609,
              35.876861982333885
            ],
            [
              128.58828811924366,
              35.87700886370247
            ],
            [
              128.58828906152917,
              35.8770170124937
            ],
            [
              128.58828841115658,
              35.877051907015236
            ],
            [
              128.588279375372,
              35.87706252994225
            ],
            [
              128.58826913536683,
              35.87709217771233
            ],
            [
              128.58829711115203,
              35.877282840707004
            ],
            [
              128.58847317149898,
              35.87724733942081
            ],
            [
              128.588818765953,
              35.87717755464618
            ],
            [
              128.58884173060133,
              35.877173080279476
            ],
            [
              128.58909238383623,
              35.877124243940735
            ],
            [
              128.5891108144686,
              35.877120503033275
            ]
          ]
        ]
      }
    },
    {
      "type": "Feature",
      "properties": {
        "officialCode": "22010610",
        "officialName": "성내3동",
        "sourceFields": {
          "BASE_DATE": "20250630",
          "ADM_CD": "22010610",
          "ADM_NM": "성내3동"
        }
      },
      "geometry": {
        "type": "Polygon",
        "coordinates": [
          [
            [
              128.58407909911685,
              35.878297310482914
            ],
            [
              128.58424391959028,
              35.8782663497959
            ],
            [
              128.58424391995163,
              35.87827239115791
            ],
            [
              128.5843103681822,
              35.878258046096896
            ],
            [
              128.58462395813197,
              35.87819035726988
            ],
            [
              128.58463872700474,
              35.87818743447086
            ],
            [
              128.5847474960319,
              35.8781659074118
            ],
            [
              128.58501021096953,
              35.878113908919566
            ],
            [
              128.58506757496707,
              35.87810474563729
            ],
            [
              128.58527448919102,
              35.878071696606725
            ],
            [
              128.5854288896412,
              35.87804703389958
            ],
            [
              128.58545150094855,
              35.87804342255962
            ],
            [
              128.5857236399962,
              35.87799995266875
            ],
            [
              128.5861904348165,
              35.87792538969515
            ],
            [
              128.5862195330015,
              35.8779198199582
            ],
            [
              128.58640383353983,
              35.8778837026271
            ],
            [
              128.5865947251935,
              35.87784629205106
            ],
            [
              128.5867613285288,
              35.87781364300264
            ],
            [
              128.58676132899862,
              35.87781075800135
            ],
            [
              128.58688227977203,
              35.877787743914
            ],
            [
              128.5871233104674,
              35.877741882833746
            ],
            [
              128.58714169408412,
              35.877710688300006
            ],
            [
              128.5871443510304,
              35.877690135694905
            ],
            [
              128.58718468068898,
              35.877688050478646
            ],
            [
              128.5871667261378,
              35.87771708099382
            ],
            [
              128.58715388020283,
              35.87773376075497
            ],
            [
              128.58717548033016,
              35.8777304205984
            ],
            [
              128.5872391260231,
              35.87774112303262
            ],
            [
              128.58725469048278,
              35.87774374092121
            ],
            [
              128.58729833245596,
              35.87774733437087
            ],
            [
              128.5873045255623,
              35.87772874220274
            ],
            [
              128.58731394714178,
              35.87770045606861
            ],
            [
              128.58731195091144,
              35.87767792067601
            ],
            [
              128.58733742547395,
              35.87767584005926
            ],
            [
              128.58733521298447,
              35.87769972983178
            ],
            [
              128.58745461789582,
              35.87767743148097
            ],
            [
              128.58745499865634,
              35.87770026278411
            ],
            [
              128.58745506360376,
              35.87770420382311
            ],
            [
              128.58753736534112,
              35.87771337583269
            ],
            [
              128.58753898714144,
              35.87768436692967
            ],
            [
              128.58754200852087,
              35.87763035226536
            ],
            [
              128.58756150289275,
              35.87762791463642
            ],
            [
              128.5875611729766,
              35.87765612928702
            ],
            [
              128.58775877754516,
              35.87761749307057
            ],
            [
              128.5877500238061,
              35.87759171556217
            ],
            [
              128.5877670817756,
              35.877588194650066
            ],
            [
              128.58777716469626,
              35.87761866086129
            ],
            [
              128.58784498225498,
              35.877626449211164
            ],
            [
              128.58785625484168,
              35.877627742732194
            ],
            [
              128.58785705890324,
              35.877624165266205
            ],
            [
              128.58786300716037,
              35.87759772268697
            ],
            [
              128.58805165057183,
              35.8775612623815
            ],
            [
              128.58804832504845,
              35.877537285726866
            ],
            [
              128.5880667125481,
              35.87753313425739
            ],
            [
              128.58807324883742,
              35.87755584848947
            ],
            [
              128.5882843650771,
              35.87751540669657
            ],
            [
              128.58829145325893,
              35.8774864672619
            ],
            [
              128.58832500317968,
              35.87748000290227
            ],
            [
              128.58828655563372,
              35.87728472774979
            ],
            [
              128.58829655862272,
              35.87728293947571
            ],
            [
              128.58829711115203,
              35.877282840707004
            ],
            [
              128.58826913536683,
              35.87709217771233
            ],
            [
              128.588279375372,
              35.87706252994225
            ],
            [
              128.58828841115658,
              35.877051907015236
            ],
            [
              128.58828906152917,
              35.8770170124937
            ],
            [
              128.58828811924366,
              35.87700886370247
            ],
            [
              128.5882720836609,
              35.876861982333885
            ],
            [
              128.58825779330516,
              35.8767310878652
            ],
            [
              128.58827176090128,
              35.87672047434892
            ],
            [
              128.58828039866978,
              35.876707967158445
            ],
            [
              128.58826726928908,
              35.87665384817079
            ],
            [
              128.5882625722459,
              35.8766363427327
            ],
            [
              128.5882490019388,
              35.87663323989637
            ],
            [
              128.588226404506,
              35.876649488822956
            ],
            [
              128.58819230816786,
              35.87672952643203
            ],
            [
              128.58817327152988,
              35.87676217314716
            ],
            [
              128.58815714922392,
              35.87678241681931
            ],
            [
              128.58814290443473,
              35.876800303026286
            ],
            [
              128.58813343521078,
              35.87669726819504
            ],
            [
              128.58812999460142,
              35.87665985390441
            ],
            [
              128.58811926185265,
              35.876561463641245
            ],
            [
              128.58810201156612,
              35.876419042446976
            ],
            [
              128.5880990520035,
              35.87639460628365
            ],
            [
              128.58821741458436,
              35.87637320016054
            ],
            [
              128.58823143260267,
              35.87624398575581
            ],
            [
              128.58815775943853,
              35.87620889547725
            ],
            [
              128.5881183692776,
              35.876078423100275
            ],
            [
              128.58809100228783,
              35.8759863150358
            ],
            [
              128.58801735976877,
              35.875738457620805
            ],
            [
              128.5880104276337,
              35.87572404583933
            ],
            [
              128.58800812911502,
              35.87571926944953
            ],
            [
              128.58791965192424,
              35.87573629265718
            ],
            [
              128.58791014428607,
              35.875707539613394
            ],
            [
              128.58790127121077,
              35.87567699122113
            ],
            [
              128.587852609699,
              35.875509471889586
            ],
            [
              128.58781162882707,
              35.87536840241424
            ],
            [
              128.58775289224172,
              35.875175069697775
            ],
            [
              128.58774211083107,
              35.875137402709726
            ],
            [
              128.58772645759095,
              35.875082716878296
            ],
            [
              128.5877126170006,
              35.874926772834435
            ],
            [
              128.58770365791153,
              35.8748486759243
            ],
            [
              128.58769578535262,
              35.8747541174712
            ],
            [
              128.58769120552574,
              35.8747169695136
            ],
            [
              128.5876890002653,
              35.87469275730124
            ],
            [
              128.5876827549145,
              35.874623880428516
            ],
            [
              128.5876719910769,
              35.87450937494757
            ],
            [
              128.5876663921312,
              35.87447514104837
            ],
            [
              128.58766109288675,
              35.87444273460568
            ],
            [
              128.5876538139598,
              35.874412178062656
            ],
            [
              128.58765053256766,
              35.874397568212245
            ],
            [
              128.5876622823975,
              35.8743847011082
            ],
            [
              128.58766492158315,
              35.874383934322914
            ],
            [
              128.58762079015955,
              35.87426676664005
            ],
            [
              128.5876186847175,
              35.87426379251845
            ],
            [
              128.58764357156292,
              35.874251049884684
            ],
            [
              128.58763762863546,
              35.87415388646186
            ],
            [
              128.58763380840978,
              35.87409304938836
            ],
            [
              128.5876288259496,
              35.87388964981454
            ],
            [
              128.58762706999235,
              35.87383833617952
            ],
            [
              128.58762448153374,
              35.873762747409
            ],
            [
              128.58764933021175,
              35.87376343118247
            ],
            [
              128.58765882909935,
              35.873763693173046
            ],
            [
              128.5877125592618,
              35.87375846982537
            ],
            [
              128.58768046786093,
              35.87361286063117
            ],
            [
              128.58774428680317,
              35.87359595903765
            ],
            [
              128.58772513189928,
              35.87354666378519
            ],
            [
              128.587704229245,
              35.873445845655574
            ],
            [
              128.58769580970494,
              35.8733976414424
            ],
            [
              128.58768162412184,
              35.8733164237478
            ],
            [
              128.5876769511909,
              35.87323761183009
            ],
            [
              128.58767463102978,
              35.873212444995886
            ],
            [
              128.58767332821773,
              35.8732017372189
            ],
            [
              128.58766854674747,
              35.873162470602004
            ],
            [
              128.58765883646655,
              35.87309374048495
            ],
            [
              128.58765425844692,
              35.87305379765595
            ],
            [
              128.58764595755176,
              35.8730089191258
            ],
            [
              128.5876445933797,
              35.87299485628921
            ],
            [
              128.58763484815265,
              35.87289358189193
            ],
            [
              128.58761975660386,
              35.87273245610642
            ],
            [
              128.58761590787992,
              35.872701780138996
            ],
            [
              128.58759575412725,
              35.87251471174689
            ],
            [
              128.5875934582598,
              35.872487914663246
            ],
            [
              128.58758563955607,
              35.87240439620812
            ],
            [
              128.5875852674582,
              35.872399377875276
            ],
            [
              128.5875838328319,
              35.87237999645686
            ],
            [
              128.58757592003775,
              35.872305801005574
            ],
            [
              128.58757353227813,
              35.872283301598486
            ],
            [
              128.5875619466122,
              35.872159845578366
            ],
            [
              128.58755558554708,
              35.87210743765363
            ],
            [
              128.58755371993706,
              35.87209112815259
            ],
            [
              128.58754627147508,
              35.87202602074762
            ],
            [
              128.58753840209997,
              35.871961156066305
            ],
            [
              128.58752184839972,
              35.87180518599111
            ],
            [
              128.58751235499457,
              35.87173260601297
            ],
            [
              128.58751050830276,
              35.87171848984014
            ],
            [
              128.5875014072089,
              35.87165054214202
            ],
            [
              128.58748796067593,
              35.87154004036852
            ],
            [
              128.58747024867648,
              35.87141487993673
            ],
            [
              128.58746755035878,
              35.87141487912142
            ],
            [
              128.58743535688748,
              35.87116912335691
            ],
            [
              128.58737604480848,
              35.87116373882655
            ],
            [
              128.58737069696457,
              35.871163253512336
            ],
            [
              128.58736228246545,
              35.87106317871208
            ],
            [
              128.58736173486275,
              35.87105666356912
            ],
            [
              128.58735093485825,
              35.870928245400414
            ],
            [
              128.5872748250665,
              35.870266756458044
            ],
            [
              128.58721289005996,
              35.870276727556046
            ],
            [
              128.58715933932194,
              35.87028551021228
            ],
            [
              128.58713755414254,
              35.870287319371414
            ],
            [
              128.5870903814134,
              35.87027259462945
            ],
            [
              128.5871107941571,
              35.87026713394902
            ],
            [
              128.58706373309934,
              35.870240635580735
            ],
            [
              128.58703935409704,
              35.870227709614724
            ],
            [
              128.58703783335778,
              35.870226823617124
            ],
            [
              128.58702193624637,
              35.87018887825786
            ],
            [
              128.58699780238666,
              35.8701953571026
            ],
            [
              128.58695684577515,
              35.870204948901566
            ],
            [
              128.58693834990507,
              35.870208832507274
            ],
            [
              128.58691997496905,
              35.87016788391063
            ],
            [
              128.58690169626826,
              35.87016674384153
            ],
            [
              128.58689191816214,
              35.8701719586023
            ],
            [
              128.5868302710007,
              35.87018451258015
            ],
            [
              128.58680455386644,
              35.87018422956617
            ],
            [
              128.58680437701747,
              35.870186041504084
            ],
            [
              128.58680203343405,
              35.87020974134993
            ],
            [
              128.58679901136873,
              35.87024021085742
            ],
            [
              128.58679860119014,
              35.8702401857185
            ],
            [
              128.586780482721,
              35.87023910007826
            ],
            [
              128.5867584059363,
              35.87023934669405
            ],
            [
              128.58675465334247,
              35.87023935900687
            ],
            [
              128.58671644044236,
              35.87023946670576
            ],
            [
              128.5867079052091,
              35.8702401461661
            ],
            [
              128.58668684748906,
              35.87024461187848
            ],
            [
              128.58668367160817,
              35.87025311349537
            ],
            [
              128.58667610696853,
              35.870273281367446
            ],
            [
              128.5866759294955,
              35.870273749982445
            ],
            [
              128.58667400205593,
              35.87027406673779
            ],
            [
              128.58666885191286,
              35.87027491391598
            ],
            [
              128.5865379601757,
              35.870274002716066
            ],
            [
              128.58653503821105,
              35.87029834429199
            ],
            [
              128.58647597406323,
              35.870296788709204
            ],
            [
              128.58643816102764,
              35.87029990031625
            ],
            [
              128.58638955813484,
              35.870295296554154
            ],
            [
              128.58638519422922,
              35.870289962707986
            ],
            [
              128.58636824064882,
              35.8702869028667
            ],
            [
              128.58636520059835,
              35.870248803273675
            ],
            [
              128.5863610968801,
              35.870197373777984
            ],
            [
              128.58636621098148,
              35.87016775987563
            ],
            [
              128.58635076358857,
              35.870166790657144
            ],
            [
              128.58630240584398,
              35.870153848792874
            ],
            [
              128.58629492780238,
              35.87016689711954
            ],
            [
              128.58624977401564,
              35.870151888727804
            ],
            [
              128.58620740747682,
              35.870145670595534
            ],
            [
              128.58617817776894,
              35.87013733940461
            ],
            [
              128.58617115696876,
              35.8701616531235
            ],
            [
              128.58614000228866,
              35.87016014973443
            ],
            [
              128.58613051032532,
              35.87017123823231
            ],
            [
              128.58612100863655,
              35.87018275055185
            ],
            [
              128.58609273272677,
              35.870181487983665
            ],
            [
              128.58608923488188,
              35.870176467252165
            ],
            [
              128.58603056537805,
              35.87016843466067
            ],
            [
              128.58585475448626,
              35.87020541039548
            ],
            [
              128.58569629827386,
              35.87023832525115
            ],
            [
              128.58568781202254,
              35.8702401599998
            ],
            [
              128.58567803551506,
              35.87027894884572
            ],
            [
              128.58568336311097,
              35.870279254106435
            ],
            [
              128.58569057247718,
              35.87028157808768
            ],
            [
              128.58569673273362,
              35.87028835625516
            ],
            [
              128.58571216087623,
              35.87029522014898
            ],
            [
              128.5857133564512,
              35.870303125063906
            ],
            [
              128.5857897142899,
              35.87031221142755
            ],
            [
              128.5857998042143,
              35.87029688381253
            ],
            [
              128.58588371384053,
              35.87030172942162
            ],
            [
              128.58587630551773,
              35.87035463608291
            ],
            [
              128.58585965803346,
              35.87047353049875
            ],
            [
              128.5857275014658,
              35.87046437153707
            ],
            [
              128.5856192805447,
              35.87045091383248
            ],
            [
              128.58561157159863,
              35.870450943834676
            ],
            [
              128.58561126049392,
              35.87042521604528
            ],
            [
              128.5855740637845,
              35.87042041149913
            ],
            [
              128.5855732648633,
              35.8704203087286
            ],
            [
              128.58555497608876,
              35.87041794602678
            ],
            [
              128.58555398422007,
              35.87042448591113
            ],
            [
              128.58555393743015,
              35.87042479106217
            ],
            [
              128.58553999538103,
              35.87051663844669
            ],
            [
              128.58552762442724,
              35.870515462811454
            ],
            [
              128.58551481008953,
              35.870505006888465
            ],
            [
              128.58551672357407,
              35.8704937597309
            ],
            [
              128.58542516082122,
              35.870482980416746
            ],
            [
              128.58541913935375,
              35.87052795609346
            ],
            [
              128.58540362942844,
              35.87056967090602
            ],
            [
              128.58515636294365,
              35.87061161336416
            ],
            [
              128.58514827270034,
              35.87062121055924
            ],
            [
              128.58514031767479,
              35.87063065146348
            ],
            [
              128.5850895658417,
              35.870642786972695
            ],
            [
              128.58507489682594,
              35.870650492609
            ],
            [
              128.5850567968534,
              35.87064378259365
            ],
            [
              128.58502728122332,
              35.87063300866823
            ],
            [
              128.5850215281704,
              35.87063090950546
            ],
            [
              128.58498285052562,
              35.87062180507738
            ],
            [
              128.58492557191119,
              35.87067583558962
            ],
            [
              128.58488755316407,
              35.87072237504446
            ],
            [
              128.58485106181993,
              35.87076704347346
            ],
            [
              128.58479123408011,
              35.870756137542394
            ],
            [
              128.5847573741447,
              35.870718384749736
            ],
            [
              128.58473205660496,
              35.8707131372862
            ],
            [
              128.5846715120186,
              35.87073691367686
            ],
            [
              128.58461245354394,
              35.87072937616108
            ],
            [
              128.5845971577123,
              35.870727424449
            ],
            [
              128.58453886495863,
              35.87072169753367
            ],
            [
              128.58452915145756,
              35.8707212659338
            ],
            [
              128.58443772332262,
              35.87071289723485
            ],
            [
              128.5843106623007,
              35.87069938665294
            ],
            [
              128.58407011570924,
              35.870673809485446
            ],
            [
              128.58406199125312,
              35.87067342481309
            ],
            [
              128.58395799601027,
              35.87066850133889
            ],
            [
              128.5839202396669,
              35.870666362744444
            ],
            [
              128.58384203260042,
              35.87066220900303
            ],
            [
              128.583766983632,
              35.87065733251393
            ],
            [
              128.58363644597716,
              35.870650421371344
            ],
            [
              128.583615455394,
              35.870649263795165
            ],
            [
              128.5835300514304,
              35.870645975361484
            ],
            [
              128.58331831474231,
              35.87063513701027
            ],
            [
              128.58311280486805,
              35.870625885688355
            ],
            [
              128.58290294145436,
              35.870616438855635
            ],
            [
              128.5827968139522,
              35.870608982173756
            ],
            [
              128.58277505096837,
              35.87060787829435
            ],
            [
              128.58274226820672,
              35.8706068863631
            ],
            [
              128.58261912750493,
              35.870601099304764
            ],
            [
              128.58261861981273,
              35.87058104230026
            ],
            [
              128.5826179647523,
              35.87055503811105
            ],
            [
              128.58261854912558,
              35.87055418898126
            ],
            [
              128.58260960084297,
              35.870546169987215
            ],
            [
              128.5826035432834,
              35.87054570167521
            ],
            [
              128.582572108876,
              35.87054326586301
            ],
            [
              128.58254537958445,
              35.87055115200812
            ],
            [
              128.5824663129457,
              35.87058639620773
            ],
            [
              128.58244672185344,
              35.8705951267807
            ],
            [
              128.582222165572,
              35.87057991223077
            ],
            [
              128.5822181321516,
              35.87057963843185
            ],
            [
              128.5822130738917,
              35.87057942795973
            ],
            [
              128.58221285720515,
              35.87058711483541
            ],
            [
              128.5822126360471,
              35.87059512451094
            ],
            [
              128.58221071484337,
              35.87066366782391
            ],
            [
              128.58221070567208,
              35.87066397083173
            ],
            [
              128.58220765649034,
              35.87077272319868
            ],
            [
              128.58220676164703,
              35.87080466281985
            ],
            [
              128.5822001211269,
              35.871041435226196
            ],
            [
              128.5821937706332,
              35.87126785146158
            ],
            [
              128.5821874918241,
              35.87149172102916
            ],
            [
              128.5821872779181,
              35.87149936820989
            ],
            [
              128.58218202790238,
              35.87168665029069
            ],
            [
              128.58218201744756,
              35.8716870218288
            ],
            [
              128.5821819379697,
              35.87168997426177
            ],
            [
              128.58216223611078,
              35.8723928478734
            ],
            [
              128.58216219349816,
              35.87239443861408
            ],
            [
              128.58216211368048,
              35.87239728466534
            ],
            [
              128.58215822055897,
              35.87253610631427
            ],
            [
              128.582125968912,
              35.87327487230667
            ],
            [
              128.58212372358395,
              35.873326267181746
            ],
            [
              128.58210724759024,
              35.87333995347616
            ],
            [
              128.58198036212116,
              35.873423215325985
            ],
            [
              128.58193629501125,
              35.87342091388476
            ],
            [
              128.58189914244167,
              35.873418954949656
            ],
            [
              128.58183499777886,
              35.87343577343595
            ],
            [
              128.5817738840408,
              35.87345179646032
            ],
            [
              128.58177827242702,
              35.87345942923684
            ],
            [
              128.5817923610196,
              35.87348392763657
            ],
            [
              128.58172045266852,
              35.87349547332245
            ],
            [
              128.5816301170635,
              35.87350999777625
            ],
            [
              128.58133102909702,
              35.87355858738748
            ],
            [
              128.58101282619532,
              35.87361028197123
            ],
            [
              128.5807819324294,
              35.87364793177818
            ],
            [
              128.58043695966552,
              35.87370418238947
            ],
            [
              128.58037330304143,
              35.87371456215681
            ],
            [
              128.58023002211283,
              35.87373850706461
            ],
            [
              128.58006058570732,
              35.87376668992756
            ],
            [
              128.5800398894052,
              35.87377013246682
            ],
            [
              128.57999331275107,
              35.87377098220305
            ],
            [
              128.57997140765346,
              35.87377138471055
            ],
            [
              128.5799251513138,
              35.873772166627845
            ],
            [
              128.57990958860134,
              35.873659746427876
            ],
            [
              128.5799004844099,
              35.87361837261675
            ],
            [
              128.57989529929964,
              35.873594791074176
            ],
            [
              128.57987564951557,
              35.87350802101073
            ],
            [
              128.57984304058695,
              35.87341185595663
            ],
            [
              128.57981502145972,
              35.873367395733815
            ],
            [
              128.57979980172252,
              35.87334324625254
            ],
            [
              128.5797828414964,
              35.87333164594236
            ],
            [
              128.57971576432934,
              35.873285769734075
            ],
            [
              128.57960479423545,
              35.873217184549894
            ],
            [
              128.57947510285632,
              35.873055749651755
            ],
            [
              128.57946449326636,
              35.87304317443194
            ],
            [
              128.57940448167844,
              35.87287736093099
            ],
            [
              128.5793953127088,
              35.8728028498061
            ],
            [
              128.57937691658245,
              35.8728052582033
            ],
            [
              128.57935207420516,
              35.87276050786474
            ],
            [
              128.57930904019494,
              35.87270449276807
            ],
            [
              128.57927247003897,
              35.87266312406988
            ],
            [
              128.5792448244769,
              35.87263121731731
            ],
            [
              128.5792090475593,
              35.87259001637487
            ],
            [
              128.57912560099192,
              35.87251410256272
            ],
            [
              128.57908671249763,
              35.87249649459155
            ],
            [
              128.5790381319807,
              35.8724622442681
            ],
            [
              128.57898151479355,
              35.87242232856771
            ],
            [
              128.57892999600247,
              35.87238981936576
            ],
            [
              128.57891192220552,
              35.872378414652374
            ],
            [
              128.57885950182492,
              35.87234533471408
            ],
            [
              128.5787922813536,
              35.87232269434331
            ],
            [
              128.57872827434826,
              35.87232285175285
            ],
            [
              128.57872378611987,
              35.87232286230782
            ],
            [
              128.57868505358456,
              35.872322955897666
            ],
            [
              128.57864769678255,
              35.87232304793989
            ],
            [
              128.57856317574243,
              35.8723381110972
            ],
            [
              128.5785278785244,
              35.872345995751985
            ],
            [
              128.5784548632227,
              35.87236720155397
            ],
            [
              128.5783346341128,
              35.87240855737307
            ],
            [
              128.57829742895407,
              35.87241379406782
            ],
            [
              128.5782766129843,
              35.8724167234849
            ],
            [
              128.57826504634082,
              35.87241835095716
            ],
            [
              128.57822099596277,
              35.87240955223378
            ],
            [
              128.57816876231792,
              35.87239636601179
            ],
            [
              128.5781346361708,
              35.87235661045743
            ],
            [
              128.57803914401921,
              35.87225881486586
            ],
            [
              128.57788742480457,
              35.87215686267978
            ],
            [
              128.57794696003464,
              35.872060961066715
            ],
            [
              128.5779513915636,
              35.872053822389184
            ],
            [
              128.57795206802368,
              35.87205273444272
            ],
            [
              128.57795016566976,
              35.872052455801736
            ],
            [
              128.57793718209413,
              35.87205054920792
            ],
            [
              128.57792105528182,
              35.87204818036898
            ],
            [
              128.57791865183657,
              35.87204051160244
            ],
            [
              128.5779179617189,
              35.87203830175293
            ],
            [
              128.5779012738762,
              35.871985030275276
            ],
            [
              128.5777965843504,
              35.87199045044096
            ],
            [
              128.57770608404735,
              35.871990290556276
            ],
            [
              128.57764943992456,
              35.87199018929579
            ],
            [
              128.57752319818078,
              35.871976393722626
            ],
            [
              128.5774884777469,
              35.871965190409135
            ],
            [
              128.57741197440137,
              35.871940501231215
            ],
            [
              128.5773229020188,
              35.87192013683743
            ],
            [
              128.57729829517024,
              35.871921232044656
            ],
            [
              128.57703422966713,
              35.87191603412524
            ],
            [
              128.57692720532415,
              35.87190984430025
            ],
            [
              128.5767975705684,
              35.87188906061261
            ],
            [
              128.57676596502748,
              35.871883992252926
            ],
            [
              128.57675917234818,
              35.87188290274836
            ],
            [
              128.57674081627846,
              35.87191388453155
            ],
            [
              128.576740679825,
              35.87191411475183
            ],
            [
              128.5767061444023,
              35.87197240566356
            ],
            [
              128.5767275141177,
              35.87197667684976
            ],
            [
              128.57657135887422,
              35.87224161969529
            ],
            [
              128.57655996415133,
              35.87224351052221
            ],
            [
              128.57654306068318,
              35.87228804417781
            ],
            [
              128.57654290507944,
              35.87229652026777
            ],
            [
              128.5764877667258,
              35.872503375055864
            ],
            [
              128.57648727412771,
              35.87250741126157
            ],
            [
              128.57648326031122,
              35.87258031879185
            ],
            [
              128.57646136224994,
              35.872633786609306
            ],
            [
              128.5764569010109,
              35.872641197770896
            ],
            [
              128.5764538251476,
              35.87266225700417
            ],
            [
              128.5764309455989,
              35.87268427987141
            ],
            [
              128.57640678640584,
              35.872724381529835
            ],
            [
              128.5763144874119,
              35.87276500000444
            ],
            [
              128.5762691304148,
              35.872786290227836
            ],
            [
              128.5762163532621,
              35.87280400279762
            ],
            [
              128.57615566616678,
              35.87281968015913
            ],
            [
              128.57614502584127,
              35.87283902746959
            ],
            [
              128.57607033980722,
              35.87284865990554
            ],
            [
              128.57600409376604,
              35.872832193967625
            ],
            [
              128.57595143946318,
              35.872869811839024
            ],
            [
              128.57594595175564,
              35.87287373230764
            ],
            [
              128.57587739995074,
              35.8729121903562
            ],
            [
              128.57583993351116,
              35.8729269707787
            ],
            [
              128.5758097356299,
              35.872935512185
            ],
            [
              128.57572303456772,
              35.87297753519452
            ],
            [
              128.57567527161513,
              35.87302793297749
            ],
            [
              128.57566979587995,
              35.873033806112495
            ],
            [
              128.5756517549331,
              35.87305316014987
            ],
            [
              128.57564679061792,
              35.87305646826429
            ],
            [
              128.57558369222298,
              35.87309586362171
            ],
            [
              128.57557716028094,
              35.873168564673094
            ],
            [
              128.57557472136207,
              35.873274294808226
            ],
            [
              128.57553603806124,
              35.873413283587226
            ],
            [
              128.5755318004437,
              35.87350526655881
            ],
            [
              128.57553691462607,
              35.873543856357834
            ],
            [
              128.5755115226579,
              35.87360950475214
            ],
            [
              128.57550205462422,
              35.873633976813
            ],
            [
              128.5755092920583,
              35.873646079507786
            ],
            [
              128.5755155004924,
              35.873656465823636
            ],
            [
              128.5755048234802,
              35.87371933907511
            ],
            [
              128.5755040560322,
              35.87372386097535
            ],
            [
              128.57549066469227,
              35.87379096522258
            ],
            [
              128.57549336254363,
              35.873860256852865
            ],
            [
              128.57550367279194,
              35.87390317270825
            ],
            [
              128.57550666303072,
              35.87390886545108
            ],
            [
              128.57552370645325,
              35.87394132599258
            ],
            [
              128.57552579850505,
              35.87394531020092
            ],
            [
              128.57554715266136,
              35.87401887046834
            ],
            [
              128.57554893489464,
              35.87402501038324
            ],
            [
              128.5755659997362,
              35.87408379997684
            ],
            [
              128.57565263362412,
              35.87414962627052
            ],
            [
              128.57568321985636,
              35.874191734847464
            ],
            [
              128.57572956090976,
              35.87425553277058
            ],
            [
              128.57574269930316,
              35.874273619468376
            ],
            [
              128.5757492781691,
              35.874277478742144
            ],
            [
              128.57578262291779,
              35.8742620870366
            ],
            [
              128.57594702252672,
              35.87437894739145
            ],
            [
              128.57598583905354,
              35.874389413031054
            ],
            [
              128.57604318897071,
              35.87441978863699
            ],
            [
              128.5760402242431,
              35.87445563069077
            ],
            [
              128.57603965433768,
              35.874462471447394
            ],
            [
              128.57603925181604,
              35.87446727317197
            ],
            [
              128.57605079172984,
              35.87447298126839
            ],
            [
              128.57609768324704,
              35.874476867049374
            ],
            [
              128.57615569411956,
              35.87446961625571
            ],
            [
              128.57616851979282,
              35.874468011963565
            ],
            [
              128.57616931379795,
              35.87446791289031
            ],
            [
              128.57623118557078,
              35.87448289246984
            ],
            [
              128.57625078476028,
              35.87451542196156
            ],
            [
              128.57626044842638,
              35.87453146433641
            ],
            [
              128.576260274748,
              35.874534675457035
            ],
            [
              128.57625830743018,
              35.874571363259506
            ],
            [
              128.5762794345591,
              35.874676555853505
            ],
            [
              128.57628828958974,
              35.87468784702159
            ],
            [
              128.5763116042337,
              35.87481520747152
            ],
            [
              128.57630637514592,
              35.874831376076884
            ],
            [
              128.5763476794411,
              35.87489503315806
            ],
            [
              128.57634996766942,
              35.87489730082015
            ],
            [
              128.5763689023147,
              35.87491606937755
            ],
            [
              128.5763757460613,
              35.87494572536822
            ],
            [
              128.57636995481528,
              35.87498633677933
            ],
            [
              128.57635702270085,
              35.875009065667555
            ],
            [
              128.57634463159738,
              35.875030844868405
            ],
            [
              128.5763489782724,
              35.87513483366069
            ],
            [
              128.57636589589626,
              35.87519315923602
            ],
            [
              128.57636662327744,
              35.87519566807844
            ],
            [
              128.57637261250238,
              35.87523486845793
            ],
            [
              128.57637096308844,
              35.875270323677206
            ],
            [
              128.5763671888159,
              35.87527644845822
            ],
            [
              128.57633037389795,
              35.87533618955033
            ],
            [
              128.57632409600467,
              35.87535278587875
            ],
            [
              128.57632571663538,
              35.875355734793885
            ],
            [
              128.57634728660076,
              35.87539496775485
            ],
            [
              128.5763648037059,
              35.87546632275183
            ],
            [
              128.57638701106197,
              35.875512626359885
            ],
            [
              128.57638423146676,
              35.875551171444506
            ],
            [
              128.57642377333656,
              35.87559931936963
            ],
            [
              128.5764611292693,
              35.875657670925364
            ],
            [
              128.57647819507477,
              35.875714161371526
            ],
            [
              128.5764856196677,
              35.875772656747124
            ],
            [
              128.57649324522026,
              35.87583274067742
            ],
            [
              128.57649259471305,
              35.87585310740234
            ],
            [
              128.57655659230073,
              35.87585253382198
            ],
            [
              128.57656532953322,
              35.875882940956714
            ],
            [
              128.5765763669398,
              35.87597069030928
            ],
            [
              128.57655519064804,
              35.87597293387005
            ],
            [
              128.57650853136974,
              35.875982185571054
            ],
            [
              128.57651100535304,
              35.87598720854363
            ],
            [
              128.57651603010282,
              35.87599654336897
            ],
            [
              128.57652695035932,
              35.87601439921755
            ],
            [
              128.5765434101761,
              35.87603198904067
            ],
            [
              128.57657455544862,
              35.87607586302676
            ],
            [
              128.57661470277029,
              35.87610421795536
            ],
            [
              128.57664132536868,
              35.87612674017969
            ],
            [
              128.5766887449815,
              35.87616302675897
            ],
            [
              128.57669507516974,
              35.87616699459161
            ],
            [
              128.57672007181793,
              35.87618265425213
            ],
            [
              128.5767729497003,
              35.87620447768294
            ],
            [
              128.57678115441456,
              35.87620535077128
            ],
            [
              128.57684963853865,
              35.87621409863937
            ],
            [
              128.57686603719813,
              35.87621619470787
            ],
            [
              128.57687762226752,
              35.87622194198456
            ],
            [
              128.57691019162885,
              35.87623809989287
            ],
            [
              128.57695390722762,
              35.87622283756477
            ],
            [
              128.57696360498713,
              35.87621453016391
            ],
            [
              128.5769819952309,
              35.87619877544875
            ],
            [
              128.5770042031697,
              35.8761792864858
            ],
            [
              128.5770235650672,
              35.8761695184441
            ],
            [
              128.5770364512154,
              35.87616712554948
            ],
            [
              128.57704122455166,
              35.87617097569559
            ],
            [
              128.57732375253136,
              35.876019750840726
            ],
            [
              128.57746142528026,
              35.875947117589206
            ],
            [
              128.5775622912245,
              35.87589389866665
            ],
            [
              128.5776422943422,
              35.875845625287745
            ],
            [
              128.5777708770413,
              35.8757676440276
            ],
            [
              128.57782211141847,
              35.87573650772271
            ],
            [
              128.5778247171252,
              35.875735058068614
            ],
            [
              128.57783046056525,
              35.875731854667336
            ],
            [
              128.57784285962256,
              35.87571837142684
            ],
            [
              128.5778759944748,
              35.87569107048031
            ],
            [
              128.57790588386402,
              35.87567523407111
            ],
            [
              128.5779728543928,
              35.87563933507441
            ],
            [
              128.57803170211514,
              35.875607791366484
            ],
            [
              128.57806315257181,
              35.87559434988335
            ],
            [
              128.5780998594522,
              35.87558623813251
            ],
            [
              128.5781242989933,
              35.87558824562986
            ],
            [
              128.57812874905494,
              35.875585241348595
            ],
            [
              128.57816145187348,
              35.875563182281205
            ],
            [
              128.5781979163198,
              35.8755491169534
            ],
            [
              128.5782114861034,
              35.87554388508691
            ],
            [
              128.57823624319528,
              35.87553434069275
            ],
            [
              128.57826498458797,
              35.87552339015127
            ],
            [
              128.5782677967988,
              35.87552230286517
            ],
            [
              128.57827449669395,
              35.87551970932872
            ],
            [
              128.5784012110096,
              35.87547068974372
            ],
            [
              128.57838640669235,
              35.875453651494446
            ],
            [
              128.57842124176946,
              35.87543151010404
            ],
            [
              128.57844576177288,
              35.87541592011303
            ],
            [
              128.57846561129725,
              35.875399984379754
            ],
            [
              128.5785087190547,
              35.87538226748431
            ],
            [
              128.5785264285211,
              35.875381702766404
            ],
            [
              128.5785445277404,
              35.875381125530524
            ],
            [
              128.57857658736,
              35.87538011099367
            ],
            [
              128.57864881025088,
              35.875378205663026
            ],
            [
              128.57868992136824,
              35.87537745060228
            ],
            [
              128.57876471033913,
              35.87535712306593
            ],
            [
              128.57877190183186,
              35.875355167901006
            ],
            [
              128.57880877753763,
              35.87534514220395
            ],
            [
              128.57883286835198,
              35.875338591450486
            ],
            [
              128.57884903300703,
              35.875334223343714
            ],
            [
              128.57886626553986,
              35.87533671915699
            ],
            [
              128.57890077129852,
              35.875341933998136
            ],
            [
              128.57890214327472,
              35.87534214165597
            ],
            [
              128.5789147285273,
              35.87534404089895
            ],
            [
              128.57891879114464,
              35.87534465353202
            ],
            [
              128.5789320971831,
              35.875342687610555
            ],
            [
              128.5789484478301,
              35.87534027240765
            ],
            [
              128.5790307891676,
              35.875328108132855
            ],
            [
              128.57903634681142,
              35.87533457109516
            ],
            [
              128.57903854826586,
              35.87533713159095
            ],
            [
              128.57904295565444,
              35.87534225614839
            ],
            [
              128.57910375062187,
              35.87539283219311
            ],
            [
              128.57900141995512,
              35.87549254652271
            ],
            [
              128.57885691350387,
              35.87559058222685
            ],
            [
              128.57876723929184,
              35.875691520597194
            ],
            [
              128.57876475162237,
              35.87569432155544
            ],
            [
              128.57870560891416,
              35.87565931671835
            ],
            [
              128.57867551261057,
              35.875640922849655
            ],
            [
              128.57856043461945,
              35.87574196658876
            ],
            [
              128.57852738505358,
              35.87572046537006
            ],
            [
              128.5784673409563,
              35.875768343754736
            ],
            [
              128.578363634499,
              35.87586823578569
            ],
            [
              128.57836451012923,
              35.87586892753703
            ],
            [
              128.5784226736035,
              35.87591488359851
            ],
            [
              128.5784244306864,
              35.87591375439297
            ],
            [
              128.57849991553235,
              35.87596449636207
            ],
            [
              128.57849402182504,
              35.875970505905734
            ],
            [
              128.57824151088684,
              35.876228090048166
            ],
            [
              128.5782064979396,
              35.876239914599495
            ],
            [
              128.5781302507249,
              35.87631783047375
            ],
            [
              128.5781144733112,
              35.87633395318874
            ],
            [
              128.5780462054883,
              35.876423919798754
            ],
            [
              128.57800692723185,
              35.87649425521991
            ],
            [
              128.57799116047906,
              35.87654828672674
            ],
            [
              128.57798532761018,
              35.8765682762305
            ],
            [
              128.5779552167759,
              35.87660556462416
            ],
            [
              128.57796923020152,
              35.876638457687356
            ],
            [
              128.5780145216579,
              35.87668431218262
            ],
            [
              128.57807573105407,
              35.87679470909863
            ],
            [
              128.5780789243096,
              35.876830403951395
            ],
            [
              128.57808483275963,
              35.8768964336499
            ],
            [
              128.57805677328128,
              35.87704636471042
            ],
            [
              128.57805304526983,
              35.877063012164655
            ],
            [
              128.578039172585,
              35.87712496402973
            ],
            [
              128.57803556230994,
              35.8772017230072
            ],
            [
              128.578018366132,
              35.87735236435148
            ],
            [
              128.57800260623054,
              35.87738565624935
            ],
            [
              128.5779979037777,
              35.87751540083457
            ],
            [
              128.57795282147168,
              35.87763209978069
            ],
            [
              128.5778958609837,
              35.87774401523134
            ],
            [
              128.57788324458733,
              35.877783995542195
            ],
            [
              128.57787035096337,
              35.877870724350224
            ],
            [
              128.57786711505676,
              35.87793097595425
            ],
            [
              128.5778613896033,
              35.877972966213335
            ],
            [
              128.57786131927458,
              35.87797349876627
            ],
            [
              128.57786157785776,
              35.87800272329527
            ],
            [
              128.57786160958253,
              35.87800653661947
            ],
            [
              128.577857013182,
              35.878036852331796
            ],
            [
              128.5778522388034,
              35.87805076120569
            ],
            [
              128.5778367066577,
              35.87807504082152
            ],
            [
              128.5778150033406,
              35.87818707439051
            ],
            [
              128.5778098329318,
              35.878228008443344
            ],
            [
              128.5778008024834,
              35.87829981056594
            ],
            [
              128.57779933830741,
              35.878347748955726
            ],
            [
              128.57780126010775,
              35.87837038436599
            ],
            [
              128.57780208509692,
              35.87838009219875
            ],
            [
              128.57779639095796,
              35.87842897731995
            ],
            [
              128.57778960991095,
              35.87849673828689
            ],
            [
              128.57780775579292,
              35.87855793398448
            ],
            [
              128.57780258216272,
              35.878600267288405
            ],
            [
              128.57779223264407,
              35.878653696584685
            ],
            [
              128.57779234403245,
              35.87867336587134
            ],
            [
              128.57777679357997,
              35.87871789112524
            ],
            [
              128.57776577945648,
              35.87879111567427
            ],
            [
              128.57778166417285,
              35.878795628804596
            ],
            [
              128.57781236191605,
              35.878805683441165
            ],
            [
              128.57787840857623,
              35.87882731425942
            ],
            [
              128.57792350091327,
              35.87884530145751
            ],
            [
              128.57792690356703,
              35.878846657523134
            ],
            [
              128.57796324388514,
              35.878891011002956
            ],
            [
              128.57798992730812,
              35.878978093233236
            ],
            [
              128.5779794584971,
              35.87903268662771
            ],
            [
              128.5779565062441,
              35.87910193065011
            ],
            [
              128.57794596099978,
              35.87913486199001
            ],
            [
              128.5779068586548,
              35.879206834820856
            ],
            [
              128.57790670308563,
              35.87920712652003
            ],
            [
              128.57788917792143,
              35.87923059549029
            ],
            [
              128.57787127848027,
              35.87925456728224
            ],
            [
              128.57784521291475,
              35.87929615585249
            ],
            [
              128.5778048382967,
              35.87936057956631
            ],
            [
              128.57780127656756,
              35.87937168631762
            ],
            [
              128.57776658520535,
              35.87947988215405
            ],
            [
              128.57775173593532,
              35.87952629619215
            ],
            [
              128.5777352255017,
              35.8795779019038
            ],
            [
              128.57772771264024,
              35.879601384689074
            ],
            [
              128.57789533868527,
              35.87957163543407
            ],
            [
              128.57795001640739,
              35.87956193166229
            ],
            [
              128.57802580459563,
              35.87954473393595
            ],
            [
              128.57814802772415,
              35.87950535564112
            ],
            [
              128.5782302751092,
              35.879475144357805
            ],
            [
              128.578237506229,
              35.879472488353464
            ],
            [
              128.57885276768275,
              35.879350135451745
            ],
            [
              128.57887713071554,
              35.87934535290647
            ],
            [
              128.57904945949696,
              35.879311523511205
            ],
            [
              128.57916804899511,
              35.87928788294082
            ],
            [
              128.5792090330483,
              35.87927940965333
            ],
            [
              128.5795324240413,
              35.87922247285982
            ],
            [
              128.5796734217107,
              35.8791950854453
            ],
            [
              128.57999719278087,
              35.879132413660024
            ],
            [
              128.58017744456674,
              35.87909817332445
            ],
            [
              128.58053550571998,
              35.87903015377969
            ],
            [
              128.58067665007533,
              35.87900334087191
            ],
            [
              128.58078667940472,
              35.87898243894268
            ],
            [
              128.5807894305696,
              35.878961685473875
            ],
            [
              128.58079113265458,
              35.878948840930995
            ],
            [
              128.58121926554716,
              35.87885971703638
            ],
            [
              128.58143054456772,
              35.87881573452761
            ],
            [
              128.58166184301567,
              35.87876758375482
            ],
            [
              128.58172636926153,
              35.87875415177574
            ],
            [
              128.5819853506977,
              35.87870297966086
            ],
            [
              128.58256388148806,
              35.87858866598533
            ],
            [
              128.58256721691478,
              35.87858800753413
            ],
            [
              128.58301018804943,
              35.87849857494901
            ],
            [
              128.5831450590013,
              35.878472134870755
            ],
            [
              128.58329814408813,
              35.8784421260686
            ],
            [
              128.583522152335,
              35.878398213513364
            ],
            [
              128.58361861813495,
              35.87837873771974
            ],
            [
              128.5838546851628,
              35.878331077050035
            ],
            [
              128.58407909911685,
              35.878297310482914
            ]
          ]
        ]
      }
    },
    {
      "type": "Feature",
      "properties": {
        "officialCode": "22010620",
        "officialName": "대신동",
        "sourceFields": {
          "BASE_DATE": "20250630",
          "ADM_CD": "22010620",
          "ADM_NM": "대신동"
        }
      },
      "geometry": {
        "type": "Polygon",
        "coordinates": [
          [
            [
              128.58183499777886,
              35.87343577343595
            ],
            [
              128.58189914244167,
              35.873418954949656
            ],
            [
              128.58193629501125,
              35.87342091388476
            ],
            [
              128.58198036212116,
              35.873423215325985
            ],
            [
              128.58210724759024,
              35.87333995347616
            ],
            [
              128.58212372358395,
              35.873326267181746
            ],
            [
              128.582125968912,
              35.87327487230667
            ],
            [
              128.58215822055897,
              35.87253610631427
            ],
            [
              128.58216211368048,
              35.87239728466534
            ],
            [
              128.58216219349816,
              35.87239443861408
            ],
            [
              128.58216223611078,
              35.8723928478734
            ],
            [
              128.5821819379697,
              35.87168997426177
            ],
            [
              128.58218201744756,
              35.8716870218288
            ],
            [
              128.58218202790238,
              35.87168665029069
            ],
            [
              128.5821872779181,
              35.87149936820989
            ],
            [
              128.5821874918241,
              35.87149172102916
            ],
            [
              128.5821937706332,
              35.87126785146158
            ],
            [
              128.5822001211269,
              35.871041435226196
            ],
            [
              128.58220676164703,
              35.87080466281985
            ],
            [
              128.58220765649034,
              35.87077272319868
            ],
            [
              128.58221070567208,
              35.87066397083173
            ],
            [
              128.58221071484337,
              35.87066366782391
            ],
            [
              128.5822126360471,
              35.87059512451094
            ],
            [
              128.58221285720515,
              35.87058711483541
            ],
            [
              128.5822130738917,
              35.87057942795973
            ],
            [
              128.5822181321516,
              35.87057963843185
            ],
            [
              128.582222165572,
              35.87057991223077
            ],
            [
              128.58244672185344,
              35.8705951267807
            ],
            [
              128.5824663129457,
              35.87058639620773
            ],
            [
              128.58254537958445,
              35.87055115200812
            ],
            [
              128.58250187678564,
              35.870541850447125
            ],
            [
              128.58243050420793,
              35.87050284287588
            ],
            [
              128.58240185046813,
              35.87047787894806
            ],
            [
              128.5823457712864,
              35.870450172548786
            ],
            [
              128.58229656188104,
              35.87039868410171
            ],
            [
              128.58227333395195,
              35.87036658136324
            ],
            [
              128.5822470391123,
              35.87030118087361
            ],
            [
              128.5822407438335,
              35.87021978316861
            ],
            [
              128.5822476663006,
              35.870163715699796
            ],
            [
              128.5822285314274,
              35.87016363385512
            ],
            [
              128.58210996484397,
              35.870163131492816
            ],
            [
              128.58211963500366,
              35.86984106732911
            ],
            [
              128.58212845827535,
              35.8695472251986
            ],
            [
              128.5821322634371,
              35.869420504157205
            ],
            [
              128.58224041364326,
              35.86941994635227
            ],
            [
              128.5823442487412,
              35.86941941110244
            ],
            [
              128.58234454768944,
              35.8694146788082
            ],
            [
              128.58235940625224,
              35.86928147960475
            ],
            [
              128.582393107685,
              35.869280344693834
            ],
            [
              128.58237511999437,
              35.86893556687071
            ],
            [
              128.5823912725436,
              35.86876216430284
            ],
            [
              128.5823816120919,
              35.86871104976615
            ],
            [
              128.58235762011276,
              35.86858412928865
            ],
            [
              128.58232840674825,
              35.86845020021368
            ],
            [
              128.58232831777352,
              35.868447893013176
            ],
            [
              128.58229675059076,
              35.868315497056585
            ],
            [
              128.58226522820246,
              35.86818329181589
            ],
            [
              128.58225278423438,
              35.868131104236774
            ],
            [
              128.58226064227702,
              35.867894932010735
            ],
            [
              128.58228501913914,
              35.8671622154896
            ],
            [
              128.58228709556843,
              35.867099797765455
            ],
            [
              128.58229423062753,
              35.86688532183023
            ],
            [
              128.58229470180146,
              35.8668646654681
            ],
            [
              128.58229751920297,
              35.86675834483495
            ],
            [
              128.58229784165854,
              35.86674589313951
            ],
            [
              128.58230009622883,
              35.86665984202068
            ],
            [
              128.5823021568206,
              35.86658933740842
            ],
            [
              128.5823021658689,
              35.86658902538588
            ],
            [
              128.5823043948135,
              35.86650679171621
            ],
            [
              128.5823053088816,
              35.86647301090677
            ],
            [
              128.5823059819494,
              35.866451807278246
            ],
            [
              128.58230635314172,
              35.86643870421413
            ],
            [
              128.58231914603016,
              35.865988609505635
            ],
            [
              128.58231924349272,
              35.86598518809481
            ],
            [
              128.58232800268752,
              35.86598406696849
            ],
            [
              128.58231952198176,
              35.865967222830264
            ],
            [
              128.5823176232396,
              35.86596345336988
            ],
            [
              128.58231848616262,
              35.86591402006898
            ],
            [
              128.58232032303758,
              35.86580686529179
            ],
            [
              128.58232277268226,
              35.86566706838392
            ],
            [
              128.58232683385646,
              35.8655281657297
            ],
            [
              128.58232763670892,
              35.865505592354765
            ],
            [
              128.58232893448405,
              35.86546907814764
            ],
            [
              128.5823317122319,
              35.865388271201844
            ],
            [
              128.58233256109327,
              35.865347904148685
            ],
            [
              128.582339196264,
              35.865031599217644
            ],
            [
              128.58234310422102,
              35.86488322339493
            ],
            [
              128.5823431784577,
              35.86488037468582
            ],
            [
              128.5823413098951,
              35.86487980009537
            ],
            [
              128.58219743131463,
              35.86483560522184
            ],
            [
              128.58203124821924,
              35.864784072201275
            ],
            [
              128.58199923140444,
              35.86477406652365
            ],
            [
              128.58190872745288,
              35.86474597932067
            ],
            [
              128.5819032148467,
              35.86474702790115
            ],
            [
              128.58189460680725,
              35.864748666935135
            ],
            [
              128.5818937071571,
              35.86474408247079
            ],
            [
              128.58189320971346,
              35.864741546343666
            ],
            [
              128.5818106116802,
              35.864715081001364
            ],
            [
              128.58173665282754,
              35.86469138314382
            ],
            [
              128.581690382887,
              35.86467968997879
            ],
            [
              128.5816651941254,
              35.86467332995956
            ],
            [
              128.58160742137582,
              35.86465874353665
            ],
            [
              128.58146777173621,
              35.86461417702729
            ],
            [
              128.58140181258656,
              35.864593126962234
            ],
            [
              128.58128558053406,
              35.86455628409649
            ],
            [
              128.5811944427587,
              35.86452748711483
            ],
            [
              128.58119125495176,
              35.86451703692715
            ],
            [
              128.5811787114856,
              35.86452249429213
            ],
            [
              128.58117789889053,
              35.864522847806185
            ],
            [
              128.5811632931775,
              35.86451771051822
            ],
            [
              128.58114749885848,
              35.86451215297815
            ],
            [
              128.58107140470136,
              35.86448745696013
            ],
            [
              128.58102098012534,
              35.86447109295594
            ],
            [
              128.58101648448087,
              35.86447215578493
            ],
            [
              128.58100258463446,
              35.86447544174922
            ],
            [
              128.58099733562673,
              35.86446621369209
            ],
            [
              128.5809961033844,
              35.864464048404905
            ],
            [
              128.5809505186874,
              35.86444929428712
            ],
            [
              128.58082795340576,
              35.86441078417117
            ],
            [
              128.58080089934302,
              35.86440228240712
            ],
            [
              128.5807866904377,
              35.86439781587276
            ],
            [
              128.58078003424515,
              35.864395722822294
            ],
            [
              128.58067558427356,
              35.864364357646764
            ],
            [
              128.58056368883075,
              35.864331658321035
            ],
            [
              128.5803155789878,
              35.864259153747554
            ],
            [
              128.58016951904332,
              35.86421646902836
            ],
            [
              128.5801386848953,
              35.86420575981446
            ],
            [
              128.58008213781585,
              35.86418611828096
            ],
            [
              128.58003903304007,
              35.86417093581301
            ],
            [
              128.57998015940265,
              35.864150590290464
            ],
            [
              128.57997753542762,
              35.864149683466
            ],
            [
              128.57995988155383,
              35.86414371153797
            ],
            [
              128.57980643213153,
              35.864090567942974
            ],
            [
              128.57978661540002,
              35.86408371386614
            ],
            [
              128.57969722016668,
              35.8640528201655
            ],
            [
              128.57967071561464,
              35.86404365866986
            ],
            [
              128.57965763802855,
              35.86403913675461
            ],
            [
              128.57959280667754,
              35.864016731317754
            ],
            [
              128.57957560842826,
              35.864010867031936
            ],
            [
              128.57954825551943,
              35.864001543638835
            ],
            [
              128.57946666415668,
              35.863973731503656
            ],
            [
              128.57934229499506,
              35.863930812991335
            ],
            [
              128.5792005487216,
              35.863881894577816
            ],
            [
              128.57907408845847,
              35.863836830815906
            ],
            [
              128.57905682407608,
              35.863842095959114
            ],
            [
              128.5790263011484,
              35.863850891710044
            ],
            [
              128.57898590981097,
              35.86384106502357
            ],
            [
              128.5789333281348,
              35.863827941699704
            ],
            [
              128.57886613927047,
              35.86381036778773
            ],
            [
              128.57886077509593,
              35.863808964443564
            ],
            [
              128.57884233513312,
              35.86380414619911
            ],
            [
              128.5788291014296,
              35.86380068403132
            ],
            [
              128.57881380922336,
              35.86379668498455
            ],
            [
              128.57846424506536,
              35.86370525859797
            ],
            [
              128.5783511045696,
              35.86367486735859
            ],
            [
              128.5782793782989,
              35.86365607165544
            ],
            [
              128.5782331369214,
              35.863643953155545
            ],
            [
              128.57816291345452,
              35.863625549597835
            ],
            [
              128.57805020789317,
              35.86359601606482
            ],
            [
              128.57802667141974,
              35.86359041218759
            ],
            [
              128.57774570911363,
              35.8635169366767
            ],
            [
              128.57762218073842,
              35.86348462564691
            ],
            [
              128.57747530869284,
              35.86344621291315
            ],
            [
              128.5774707615202,
              35.86344502306187
            ],
            [
              128.57740169600504,
              35.863426961181474
            ],
            [
              128.57720200558043,
              35.86337473561233
            ],
            [
              128.57702670839114,
              35.863328887763316
            ],
            [
              128.5769820716543,
              35.86331721599265
            ],
            [
              128.57697979862274,
              35.86331662060187
            ],
            [
              128.5769495189607,
              35.86330787100102
            ],
            [
              128.57694564247612,
              35.86330688878794
            ],
            [
              128.57693257484556,
              35.863302755058214
            ],
            [
              128.57690972478483,
              35.86329703661923
            ],
            [
              128.57689637659848,
              35.863293696072716
            ],
            [
              128.57687718170737,
              35.86328889240567
            ],
            [
              128.57675690935923,
              35.8632588061043
            ],
            [
              128.57638068541183,
              35.86316469058788
            ],
            [
              128.5760402558099,
              35.863079528570424
            ],
            [
              128.57600264198263,
              35.863070118662584
            ],
            [
              128.57598904391838,
              35.86306672255245
            ],
            [
              128.57597423887248,
              35.86306301809736
            ],
            [
              128.57587651794853,
              35.863038723424424
            ],
            [
              128.5758195062333,
              35.863024556523726
            ],
            [
              128.57565246728615,
              35.86298303864452
            ],
            [
              128.57561052921824,
              35.86297261520582
            ],
            [
              128.57553312418116,
              35.86295337644062
            ],
            [
              128.5755042516256,
              35.86294619972708
            ],
            [
              128.57547520906604,
              35.862938982154965
            ],
            [
              128.575467114397,
              35.862936970204174
            ],
            [
              128.57545576107992,
              35.862934123726276
            ],
            [
              128.57542421064633,
              35.862926223569275
            ],
            [
              128.57539300028535,
              35.86291840871304
            ],
            [
              128.57533447810292,
              35.86290375563485
            ],
            [
              128.57492721126994,
              35.86280200036682
            ],
            [
              128.57491204016205,
              35.86279808267971
            ],
            [
              128.574892092074,
              35.8627929293143
            ],
            [
              128.57484051398214,
              35.86278020812195
            ],
            [
              128.57458953799377,
              35.862718305239135
            ],
            [
              128.57455073223872,
              35.86270869186414
            ],
            [
              128.57453452103783,
              35.8627046824571
            ],
            [
              128.57449157272214,
              35.86269406210423
            ],
            [
              128.57436978885247,
              35.86266394814649
            ],
            [
              128.57436674192635,
              35.86266320726253
            ],
            [
              128.57435345176341,
              35.8626599650845
            ],
            [
              128.5742430637461,
              35.86263305782579
            ],
            [
              128.57421283106143,
              35.86262561437841
            ],
            [
              128.57420595021432,
              35.86262392146085
            ],
            [
              128.57417456846932,
              35.86261619256521
            ],
            [
              128.57416554038716,
              35.86267460274024
            ],
            [
              128.57412711410154,
              35.862923253537296
            ],
            [
              128.57412222804226,
              35.86295366012809
            ],
            [
              128.574116870676,
              35.862988291157954
            ],
            [
              128.57410830226434,
              35.86304367246564
            ],
            [
              128.57410696159997,
              35.86305233496793
            ],
            [
              128.57404175714083,
              35.86347572933968
            ],
            [
              128.574016656865,
              35.86363871234769
            ],
            [
              128.57400523081387,
              35.8637128933776
            ],
            [
              128.57399339197238,
              35.86378701859291
            ],
            [
              128.57392429763726,
              35.86421960302729
            ],
            [
              128.57390495392363,
              35.864340702832074
            ],
            [
              128.5739002996848,
              35.86436983252341
            ],
            [
              128.57389987371883,
              35.86437273936977
            ],
            [
              128.57389202082499,
              35.86442625432773
            ],
            [
              128.57388743410186,
              35.86445603795067
            ],
            [
              128.57384340414762,
              35.86474689315351
            ],
            [
              128.5738263508542,
              35.86486192927515
            ],
            [
              128.5737972127954,
              35.865186908077746
            ],
            [
              128.57377955065473,
              35.86532250439977
            ],
            [
              128.57377447281243,
              35.865361455907426
            ],
            [
              128.5737727232461,
              35.865374870599105
            ],
            [
              128.57379693827193,
              35.86539405491809
            ],
            [
              128.57415071685355,
              35.86567432321473
            ],
            [
              128.57416675249462,
              35.86568702892491
            ],
            [
              128.5747317859801,
              35.86614044770699
            ],
            [
              128.57474688716724,
              35.86615119809014
            ],
            [
              128.57484825962004,
              35.86622335747843
            ],
            [
              128.5749360598475,
              35.86628585715656
            ],
            [
              128.57495759502547,
              35.86630118758592
            ],
            [
              128.57500642719188,
              35.86633594857473
            ],
            [
              128.5751761880411,
              35.86645555083928
            ],
            [
              128.57540790651618,
              35.86661880371033
            ],
            [
              128.575417113145,
              35.86662529008682
            ],
            [
              128.5756771235728,
              35.866808474263294
            ],
            [
              128.57608312606004,
              35.867082183484406
            ],
            [
              128.57612578948118,
              35.8671109443602
            ],
            [
              128.5761631483729,
              35.86713617082763
            ],
            [
              128.57639926193193,
              35.86729560751195
            ],
            [
              128.5765517433265,
              35.86739857008084
            ],
            [
              128.57669194056908,
              35.86749057134934
            ],
            [
              128.57671313311906,
              35.867504023863894
            ],
            [
              128.5767627466218,
              35.86753551435587
            ],
            [
              128.57677851284467,
              35.86754552193774
            ],
            [
              128.57728299706065,
              35.867865730393454
            ],
            [
              128.57730230571332,
              35.867881227313624
            ],
            [
              128.57743780919472,
              35.86798998387726
            ],
            [
              128.57753947266042,
              35.86807158400725
            ],
            [
              128.57762372445455,
              35.868139206431614
            ],
            [
              128.57768552157737,
              35.868189672438945
            ],
            [
              128.57790689423726,
              35.868370453024234
            ],
            [
              128.578155485794,
              35.868573460367344
            ],
            [
              128.5781568152662,
              35.86857454563789
            ],
            [
              128.5782906637547,
              35.868683850689074
            ],
            [
              128.57835289851312,
              35.86873467123545
            ],
            [
              128.5784130269825,
              35.868783148560965
            ],
            [
              128.57841637700542,
              35.86879634622817
            ],
            [
              128.57841793559027,
              35.86880248630947
            ],
            [
              128.5784327281725,
              35.868860765816784
            ],
            [
              128.5784592865015,
              35.86890288464458
            ],
            [
              128.57854692527047,
              35.86897004143667
            ],
            [
              128.5786292612537,
              35.86901541351406
            ],
            [
              128.57869233756523,
              35.86907941799992
            ],
            [
              128.57870302382588,
              35.869090262512316
            ],
            [
              128.5788239343107,
              35.86921386111784
            ],
            [
              128.57884091296202,
              35.869233923489716
            ],
            [
              128.5789289296445,
              35.86933985194622
            ],
            [
              128.57900613164378,
              35.86941720234886
            ],
            [
              128.57901321382755,
              35.8694242989502
            ],
            [
              128.57902514452329,
              35.86943607528975
            ],
            [
              128.5790962461707,
              35.8695062679212
            ],
            [
              128.57911118759472,
              35.86953152983927
            ],
            [
              128.57912305903145,
              35.869569974047565
            ],
            [
              128.5791092816821,
              35.869575666773635
            ],
            [
              128.5791351228115,
              35.86962341854277
            ],
            [
              128.57917941251904,
              35.869683788735024
            ],
            [
              128.5791854601562,
              35.86968271473459
            ],
            [
              128.5792182215729,
              35.86973901063664
            ],
            [
              128.57922887593182,
              35.86975418830034
            ],
            [
              128.5792767668143,
              35.869841186232144
            ],
            [
              128.57930221935314,
              35.8698645190014
            ],
            [
              128.5793100040531,
              35.869896130895704
            ],
            [
              128.5793377617133,
              35.86991758933081
            ],
            [
              128.5793509295644,
              35.86993367751635
            ],
            [
              128.57941411569115,
              35.87004814472572
            ],
            [
              128.57943318977954,
              35.87008604724801
            ],
            [
              128.57944711897687,
              35.870109264454776
            ],
            [
              128.57945091283156,
              35.87011580546383
            ],
            [
              128.5794983129791,
              35.87019753987357
            ],
            [
              128.57956089094517,
              35.870292538694486
            ],
            [
              128.57958123697514,
              35.87030800337137
            ],
            [
              128.57958759222083,
              35.870312944521125
            ],
            [
              128.57961105303815,
              35.87033118686383
            ],
            [
              128.57963854404903,
              35.87035256828493
            ],
            [
              128.57967220222736,
              35.870378252425176
            ],
            [
              128.57961824884222,
              35.87043711177796
            ],
            [
              128.57961102958743,
              35.870444987807105
            ],
            [
              128.57952280377614,
              35.87054230569528
            ],
            [
              128.57944775461945,
              35.87062509091555
            ],
            [
              128.5794464033856,
              35.87067964763809
            ],
            [
              128.5794442995918,
              35.87073621259341
            ],
            [
              128.57943185385565,
              35.87081771215836
            ],
            [
              128.57943166157682,
              35.87081897066544
            ],
            [
              128.5794182503087,
              35.87090678624124
            ],
            [
              128.57941215645886,
              35.8710196824622
            ],
            [
              128.57939150010134,
              35.871088898975145
            ],
            [
              128.57939859786842,
              35.871289768395386
            ],
            [
              128.57939870989551,
              35.87129296433189
            ],
            [
              128.57939796999037,
              35.87133281646841
            ],
            [
              128.57939934105553,
              35.871390042592864
            ],
            [
              128.5794007179338,
              35.871447533724044
            ],
            [
              128.5794037715654,
              35.871613121637196
            ],
            [
              128.57940409978016,
              35.87163086686035
            ],
            [
              128.57940710744413,
              35.87179379917646
            ],
            [
              128.57945509751687,
              35.871871913905565
            ],
            [
              128.57946057070953,
              35.87188082265166
            ],
            [
              128.57945888712683,
              35.8720281351629
            ],
            [
              128.5794732308705,
              35.87208327207883
            ],
            [
              128.57948602288423,
              35.87216250549061
            ],
            [
              128.57947614383556,
              35.87219274975329
            ],
            [
              128.57946177585754,
              35.8722350377662
            ],
            [
              128.5794459625068,
              35.872281585128135
            ],
            [
              128.57941084016517,
              35.872424675882236
            ],
            [
              128.57940923362992,
              35.87249601657767
            ],
            [
              128.5794133542953,
              35.872590088304094
            ],
            [
              128.57942811815738,
              35.872637484230765
            ],
            [
              128.57942358003058,
              35.872691548470954
            ],
            [
              128.57942320132437,
              35.872696048870445
            ],
            [
              128.5793953127088,
              35.8728028498061
            ],
            [
              128.57940448167844,
              35.87287736093099
            ],
            [
              128.57946449326636,
              35.87304317443194
            ],
            [
              128.57947510285632,
              35.873055749651755
            ],
            [
              128.57960479423545,
              35.873217184549894
            ],
            [
              128.57971576432934,
              35.873285769734075
            ],
            [
              128.5797828414964,
              35.87333164594236
            ],
            [
              128.57979980172252,
              35.87334324625254
            ],
            [
              128.57981502145972,
              35.873367395733815
            ],
            [
              128.57984304058695,
              35.87341185595663
            ],
            [
              128.57987564951557,
              35.87350802101073
            ],
            [
              128.57989529929964,
              35.873594791074176
            ],
            [
              128.5799004844099,
              35.87361837261675
            ],
            [
              128.57990958860134,
              35.873659746427876
            ],
            [
              128.5799251513138,
              35.873772166627845
            ],
            [
              128.57997140765346,
              35.87377138471055
            ],
            [
              128.57999331275107,
              35.87377098220305
            ],
            [
              128.5800398894052,
              35.87377013246682
            ],
            [
              128.58006058570732,
              35.87376668992756
            ],
            [
              128.58023002211283,
              35.87373850706461
            ],
            [
              128.58037330304143,
              35.87371456215681
            ],
            [
              128.58043695966552,
              35.87370418238947
            ],
            [
              128.5807819324294,
              35.87364793177818
            ],
            [
              128.58101282619532,
              35.87361028197123
            ],
            [
              128.58133102909702,
              35.87355858738748
            ],
            [
              128.5816301170635,
              35.87350999777625
            ],
            [
              128.58172045266852,
              35.87349547332245
            ],
            [
              128.5817923610196,
              35.87348392763657
            ],
            [
              128.58177827242702,
              35.87345942923684
            ],
            [
              128.5817738840408,
              35.87345179646032
            ],
            [
              128.58183499777886,
              35.87343577343595
            ]
          ]
        ]
      }
    },
    {
      "type": "Feature",
      "properties": {
        "officialCode": "22010640",
        "officialName": "남산1동",
        "sourceFields": {
          "BASE_DATE": "20250630",
          "ADM_CD": "22010640",
          "ADM_NM": "남산1동"
        }
      },
      "geometry": {
        "type": "Polygon",
        "coordinates": [
          [
            [
              128.5958654416983,
              35.86132742064244
            ],
            [
              128.59590112640922,
              35.86123440902143
            ],
            [
              128.59593314677699,
              35.86115117310872
            ],
            [
              128.5959377617372,
              35.861139176281064
            ],
            [
              128.59597871471098,
              35.86101679413548
            ],
            [
              128.5959981816639,
              35.860958621684844
            ],
            [
              128.5960311265938,
              35.86089380526007
            ],
            [
              128.59604590804406,
              35.86088578533055
            ],
            [
              128.5960705229815,
              35.860831975445166
            ],
            [
              128.59607721267216,
              35.860817350558754
            ],
            [
              128.59608927401405,
              35.86078922173313
            ],
            [
              128.5960943997635,
              35.86077973740307
            ],
            [
              128.5962317997573,
              35.86052541311229
            ],
            [
              128.59618882706476,
              35.86053566021964
            ],
            [
              128.59618954458233,
              35.86053436173248
            ],
            [
              128.59622443917118,
              35.860473781038145
            ],
            [
              128.59628957763775,
              35.860344331614805
            ],
            [
              128.59632175012615,
              35.860280398476384
            ],
            [
              128.59633999116585,
              35.8602485618989
            ],
            [
              128.59635060746206,
              35.860230035259704
            ],
            [
              128.5964712612113,
              35.860001687889536
            ],
            [
              128.59647868522393,
              35.85998763868771
            ],
            [
              128.59648618489786,
              35.85999693387343
            ],
            [
              128.59650059616615,
              35.86001480114778
            ],
            [
              128.59651482374235,
              35.85998781191666
            ],
            [
              128.59653620932434,
              35.8599472429162
            ],
            [
              128.5965081131683,
              35.85992999010136
            ],
            [
              128.5965074329264,
              35.85992957167383
            ],
            [
              128.59645908730394,
              35.85989988268417
            ],
            [
              128.59630318526234,
              35.8599483724931
            ],
            [
              128.5962979453902,
              35.85995004673
            ],
            [
              128.59622825086507,
              35.85997236260168
            ],
            [
              128.59624333242553,
              35.859960091743666
            ],
            [
              128.59626950566113,
              35.85993936758731
            ],
            [
              128.59628006701303,
              35.85993100748244
            ],
            [
              128.59630111732292,
              35.8599149821343
            ],
            [
              128.59636544388738,
              35.85984756942867
            ],
            [
              128.59637965966135,
              35.859832749621475
            ],
            [
              128.59639223452018,
              35.85982938021667
            ],
            [
              128.5963945610802,
              35.85981721312332
            ],
            [
              128.59646885402154,
              35.85973974893473
            ],
            [
              128.5965020566138,
              35.85970399462094
            ],
            [
              128.59651746827325,
              35.859689322557564
            ],
            [
              128.59659225365823,
              35.85958394680838
            ],
            [
              128.5966530556735,
              35.85950029831319
            ],
            [
              128.59666056161672,
              35.85949220227577
            ],
            [
              128.5966864020971,
              35.859505066102585
            ],
            [
              128.59669752752342,
              35.85949344256226
            ],
            [
              128.5967878274607,
              35.85933170357365
            ],
            [
              128.59680038128062,
              35.859299642968004
            ],
            [
              128.5968162468222,
              35.85926856728603
            ],
            [
              128.59684564792067,
              35.8592082024494
            ],
            [
              128.59688100275923,
              35.85913560673177
            ],
            [
              128.5968560555137,
              35.859128405623366
            ],
            [
              128.5968658993974,
              35.859112998186355
            ],
            [
              128.5968539527827,
              35.85911051075809
            ],
            [
              128.59670327417209,
              35.85906371403827
            ],
            [
              128.59669075229925,
              35.85905982540624
            ],
            [
              128.59667360212055,
              35.85905456717458
            ],
            [
              128.5965458724482,
              35.85901541698523
            ],
            [
              128.5964977310212,
              35.858998342616395
            ],
            [
              128.5964334762389,
              35.858995641959
            ],
            [
              128.59637280095464,
              35.858982006895936
            ],
            [
              128.59635317269928,
              35.858968902387836
            ],
            [
              128.59632957406973,
              35.85895314564686
            ],
            [
              128.59625114375882,
              35.85890077549539
            ],
            [
              128.5961952681123,
              35.8588768169184
            ],
            [
              128.5961941626627,
              35.85887760956219
            ],
            [
              128.59618414139825,
              35.85888480712436
            ],
            [
              128.59616229207649,
              35.85892997646982
            ],
            [
              128.5961595224011,
              35.85893570142509
            ],
            [
              128.59615617004482,
              35.8589423819447
            ],
            [
              128.59607969967658,
              35.858977176784066
            ],
            [
              128.5960330694023,
              35.85893921544403
            ],
            [
              128.5959247903543,
              35.858898949509225
            ],
            [
              128.59590096941838,
              35.85889036754976
            ],
            [
              128.59584284184473,
              35.85886918993745
            ],
            [
              128.59581016164282,
              35.858857282663664
            ],
            [
              128.59580357441172,
              35.858854883282845
            ],
            [
              128.59580024096533,
              35.858853766899465
            ],
            [
              128.59579223515448,
              35.85885097475372
            ],
            [
              128.59578369785905,
              35.85884883477775
            ],
            [
              128.5958295489093,
              35.858744749377365
            ],
            [
              128.59582322241727,
              35.85874326901705
            ],
            [
              128.59589489377598,
              35.85854554428791
            ],
            [
              128.59589385358922,
              35.8585452851106
            ],
            [
              128.59584372882995,
              35.85853278056089
            ],
            [
              128.59584899959987,
              35.85851629968475
            ],
            [
              128.59585050742857,
              35.85851159058807
            ],
            [
              128.5958517305455,
              35.85850776040816
            ],
            [
              128.5958669840559,
              35.85848192851262
            ],
            [
              128.59587466244307,
              35.85846833862518
            ],
            [
              128.59587865191045,
              35.858461277250804
            ],
            [
              128.59591466535832,
              35.85847043678911
            ],
            [
              128.5959310947432,
              35.85842769074454
            ],
            [
              128.59593255554088,
              35.85841296840983
            ],
            [
              128.5959380618218,
              35.85840346077824
            ],
            [
              128.5959403840147,
              35.85839934108652
            ],
            [
              128.59594882739626,
              35.85839208761669
            ],
            [
              128.59594128904465,
              35.85838962118821
            ],
            [
              128.59585305505786,
              35.858359067879114
            ],
            [
              128.59583313595695,
              35.858352172299085
            ],
            [
              128.59582017302642,
              35.85837657505524
            ],
            [
              128.5958073767439,
              35.858400855480426
            ],
            [
              128.59579204606163,
              35.85842993189825
            ],
            [
              128.59573062891093,
              35.85854115539564
            ],
            [
              128.59568106006725,
              35.858632775392564
            ],
            [
              128.59563266298417,
              35.85872231288941
            ],
            [
              128.59557354577643,
              35.85881350422642
            ],
            [
              128.59554254770137,
              35.85880536269652
            ],
            [
              128.5954720016894,
              35.85878682883654
            ],
            [
              128.59543144852807,
              35.85877565950385
            ],
            [
              128.5954308059665,
              35.85877548324704
            ],
            [
              128.59540849824333,
              35.85876933603769
            ],
            [
              128.59541284271495,
              35.85876585605829
            ],
            [
              128.59541633486094,
              35.85876305281045
            ],
            [
              128.59542445405134,
              35.85875653981214
            ],
            [
              128.5954265767714,
              35.858740496066865
            ],
            [
              128.5954255867106,
              35.85873711882179
            ],
            [
              128.595427736519,
              35.85873173671966
            ],
            [
              128.59542789272126,
              35.85873053260965
            ],
            [
              128.59542947875147,
              35.85872731940058
            ],
            [
              128.59544363873817,
              35.85869862695087
            ],
            [
              128.5954448411885,
              35.85869619078069
            ],
            [
              128.5954484071857,
              35.8586887744595
            ],
            [
              128.59545176000242,
              35.8586818018482
            ],
            [
              128.5954589894698,
              35.85866922402845
            ],
            [
              128.5955020952953,
              35.858589359941654
            ],
            [
              128.5955061775427,
              35.85858179466098
            ],
            [
              128.59555032847098,
              35.85850078325326
            ],
            [
              128.59555136762629,
              35.858498875084216
            ],
            [
              128.5955562026492,
              35.85848999927622
            ],
            [
              128.59556122785244,
              35.85848077913959
            ],
            [
              128.59547672582352,
              35.85845728322033
            ],
            [
              128.5954633759161,
              35.85845357150306
            ],
            [
              128.59546169078445,
              35.858453123465125
            ],
            [
              128.59545327847678,
              35.85845088766124
            ],
            [
              128.59542972001879,
              35.858444626542074
            ],
            [
              128.5954220858284,
              35.85844259911469
            ],
            [
              128.59529146172468,
              35.85840788261143
            ],
            [
              128.59528960093778,
              35.858407385684956
            ],
            [
              128.59528857083683,
              35.85840592733084
            ],
            [
              128.59528259616138,
              35.858397494482055
            ],
            [
              128.5952777113566,
              35.85839059787829
            ],
            [
              128.5952771161585,
              35.858389758539566
            ],
            [
              128.5952726385937,
              35.85839435045386
            ],
            [
              128.59527215588793,
              35.858394845305206
            ],
            [
              128.5952677645141,
              35.858399342670936
            ],
            [
              128.59526713001847,
              35.85839999397502
            ],
            [
              128.595264856875,
              35.85840108034694
            ],
            [
              128.59516593868838,
              35.85849456188281
            ],
            [
              128.59511259224107,
              35.85856087133224
            ],
            [
              128.59510143948228,
              35.85857566848125
            ],
            [
              128.5950554180442,
              35.8585530945001
            ],
            [
              128.5950165483887,
              35.858534029112825
            ],
            [
              128.59501408219444,
              35.85853283628375
            ],
            [
              128.5950243912145,
              35.85851837319915
            ],
            [
              128.59502245789713,
              35.85851743426194
            ],
            [
              128.59500889792656,
              35.85851084932247
            ],
            [
              128.59498567722585,
              35.8584995119392
            ],
            [
              128.5949685267049,
              35.85848809217908
            ],
            [
              128.59494495922073,
              35.85847585818799
            ],
            [
              128.59493382488017,
              35.85845430951869
            ],
            [
              128.5949238383923,
              35.858453893856606
            ],
            [
              128.59489815956192,
              35.8584174667063
            ],
            [
              128.5948270368102,
              35.858428794801
            ],
            [
              128.59478523992348,
              35.858428477884026
            ],
            [
              128.594750509585,
              35.858428212860524
            ],
            [
              128.59473762141997,
              35.85842811663259
            ],
            [
              128.59468794163823,
              35.858427738983636
            ],
            [
              128.59466954528858,
              35.858427599176075
            ],
            [
              128.59465783905995,
              35.858427278499384
            ],
            [
              128.59450613224126,
              35.858423119703886
            ],
            [
              128.59450635488489,
              35.85841055528752
            ],
            [
              128.59450667350566,
              35.858392566189764
            ],
            [
              128.59450667064385,
              35.85839074686035
            ],
            [
              128.59444276258816,
              35.858384387034945
            ],
            [
              128.59429745674697,
              35.858382129661855
            ],
            [
              128.5942749054884,
              35.858381777906445
            ],
            [
              128.5942749199504,
              35.85842666302408
            ],
            [
              128.5942633715001,
              35.85842573502102
            ],
            [
              128.5942533708312,
              35.85842493175991
            ],
            [
              128.59411937961315,
              35.85841416854021
            ],
            [
              128.59411791969285,
              35.85844090598698
            ],
            [
              128.5940903227134,
              35.85844023591773
            ],
            [
              128.5940723176854,
              35.85843980124988
            ],
            [
              128.5940400662437,
              35.85844197741956
            ],
            [
              128.5940492396427,
              35.85838693275463
            ],
            [
              128.59405055663592,
              35.858324164714595
            ],
            [
              128.59404828341576,
              35.858270282724476
            ],
            [
              128.5940430539704,
              35.85814634189339
            ],
            [
              128.59403259924227,
              35.858034156350456
            ],
            [
              128.59409056659663,
              35.85791577784653
            ],
            [
              128.5941156925272,
              35.857864464617066
            ],
            [
              128.59411612128446,
              35.85783070977081
            ],
            [
              128.59411628609493,
              35.85781755896213
            ],
            [
              128.59411644640042,
              35.85780504740316
            ],
            [
              128.59411652653802,
              35.85779862934235
            ],
            [
              128.5941189562204,
              35.85774559165794
            ],
            [
              128.5941363840562,
              35.85771499794802
            ],
            [
              128.5941425079935,
              35.85769949117499
            ],
            [
              128.59416479225663,
              35.85765222478889
            ],
            [
              128.5941697841209,
              35.85764186002597
            ],
            [
              128.59417426990146,
              35.857632545686016
            ],
            [
              128.5941871155832,
              35.85760586862221
            ],
            [
              128.59421127945018,
              35.85756321373689
            ],
            [
              128.59427650756683,
              35.85745584381881
            ],
            [
              128.59429248519612,
              35.8574306203872
            ],
            [
              128.59425458009105,
              35.8574178623142
            ],
            [
              128.59429659134557,
              35.85734872640001
            ],
            [
              128.59435509221447,
              35.85727148126131
            ],
            [
              128.5944127926728,
              35.85719337968732
            ],
            [
              128.59444065625257,
              35.857166425144555
            ],
            [
              128.59448943219795,
              35.85711923831737
            ],
            [
              128.59452485048948,
              35.85707742747993
            ],
            [
              128.59456794593518,
              35.8570072718415
            ],
            [
              128.59458453320508,
              35.856988705373325
            ],
            [
              128.5946250193291,
              35.85694335928132
            ],
            [
              128.59463065470376,
              35.856940175902785
            ],
            [
              128.59465902409457,
              35.85692408505331
            ],
            [
              128.59466814718738,
              35.856918908091416
            ],
            [
              128.59472851631722,
              35.85690896281684
            ],
            [
              128.59474009202188,
              35.8569070560121
            ],
            [
              128.5947205707637,
              35.85680888770081
            ],
            [
              128.59469924383586,
              35.85670165889225
            ],
            [
              128.59467556221907,
              35.856577817678705
            ],
            [
              128.59467374848936,
              35.85656833532748
            ],
            [
              128.59430996261133,
              35.856608525238876
            ],
            [
              128.59412241667036,
              35.85663012819221
            ],
            [
              128.5938436993162,
              35.856662232058625
            ],
            [
              128.593295720225,
              35.85672326485326
            ],
            [
              128.59312682956306,
              35.856742076542595
            ],
            [
              128.59225750908817,
              35.85683889632461
            ],
            [
              128.59179291600333,
              35.85689063895089
            ],
            [
              128.59116540174372,
              35.85695227212064
            ],
            [
              128.59098633325613,
              35.856969857864875
            ],
            [
              128.59099337194414,
              35.857011286635334
            ],
            [
              128.59099184912353,
              35.85705282560924
            ],
            [
              128.59098783209197,
              35.85706735833863
            ],
            [
              128.59098514192672,
              35.85707713048003
            ],
            [
              128.59098288801525,
              35.85708527945047
            ],
            [
              128.59098162279145,
              35.857089851051605
            ],
            [
              128.59096083234178,
              35.85712874580087
            ],
            [
              128.59091704265063,
              35.85718225728919
            ],
            [
              128.59086700563458,
              35.85721798894206
            ],
            [
              128.59081479591998,
              35.85724387538628
            ],
            [
              128.59081160555243,
              35.8572448663225
            ],
            [
              128.59076148806764,
              35.85726042255764
            ],
            [
              128.59070918713596,
              35.85726890328482
            ],
            [
              128.59066651058336,
              35.85727078191318
            ],
            [
              128.59062817317943,
              35.857269105936666
            ],
            [
              128.59057023121505,
              35.85725644023557
            ],
            [
              128.59050783941785,
              35.857232778850296
            ],
            [
              128.59045278564025,
              35.85720020918801
            ],
            [
              128.59041918265993,
              35.85716917310652
            ],
            [
              128.59038887939673,
              35.85712741902296
            ],
            [
              128.59037372518915,
              35.85709689165786
            ],
            [
              128.59036392908433,
              35.85704389105397
            ],
            [
              128.59036639079056,
              35.85698637866423
            ],
            [
              128.58988052485714,
              35.85694610309327
            ],
            [
              128.58927615118782,
              35.8568960028832
            ],
            [
              128.58883227185723,
              35.8568567812689
            ],
            [
              128.58804023388774,
              35.85678679113646
            ],
            [
              128.58784232298876,
              35.85676891571469
            ],
            [
              128.5877958624422,
              35.85676471948501
            ],
            [
              128.58779469816056,
              35.856764614626634
            ],
            [
              128.5878559777893,
              35.856889334854536
            ],
            [
              128.58806422102637,
              35.8573131569639
            ],
            [
              128.58806762259402,
              35.85732008082483
            ],
            [
              128.58808026049823,
              35.85734579979293
            ],
            [
              128.5881927354257,
              35.8575747052363
            ],
            [
              128.58846325243758,
              35.85812540040864
            ],
            [
              128.5884689188251,
              35.85813693597437
            ],
            [
              128.58847427309732,
              35.85814783786325
            ],
            [
              128.5884770185611,
              35.85815342612788
            ],
            [
              128.5887418667762,
              35.858692606684265
            ],
            [
              128.58874625046698,
              35.85870152940635
            ],
            [
              128.5887545201134,
              35.858718368707336
            ],
            [
              128.5889198632665,
              35.859054942273524
            ],
            [
              128.58893329153287,
              35.85908229121662
            ],
            [
              128.5889365782295,
              35.85908898348737
            ],
            [
              128.58898415023162,
              35.85918582743537
            ],
            [
              128.58906327316367,
              35.85934873866012
            ],
            [
              128.58930969936083,
              35.85985611353342
            ],
            [
              128.58931779522712,
              35.85987278036437
            ],
            [
              128.5893230283889,
              35.859883555286515
            ],
            [
              128.58957118112818,
              35.86039447867992
            ],
            [
              128.5897122213725,
              35.860684873343686
            ],
            [
              128.5897165611638,
              35.860693809045756
            ],
            [
              128.5897195219066,
              35.86069990020118
            ],
            [
              128.5897906455146,
              35.8608463523694
            ],
            [
              128.58991168422642,
              35.861090155081406
            ],
            [
              128.58992201788706,
              35.86111097039439
            ],
            [
              128.58993209983248,
              35.861131277705056
            ],
            [
              128.59002513401234,
              35.861318690915844
            ],
            [
              128.59002701555292,
              35.861322480245526
            ],
            [
              128.59006132538008,
              35.86139158933274
            ],
            [
              128.5900641909873,
              35.86139736128669
            ],
            [
              128.59007045294183,
              35.861409973239226
            ],
            [
              128.59037466786023,
              35.862022735150425
            ],
            [
              128.59038154951028,
              35.86203659463333
            ],
            [
              128.59049554570285,
              35.861995492607775
            ],
            [
              128.5905143928028,
              35.86198869863731
            ],
            [
              128.59053428795812,
              35.861981523705765
            ],
            [
              128.5908227793325,
              35.861888952809295
            ],
            [
              128.59082550188748,
              35.86188807881522
            ],
            [
              128.5908375410603,
              35.86188420997703
            ],
            [
              128.59113267213527,
              35.861789507158804
            ],
            [
              128.59113414423413,
              35.861789034892325
            ],
            [
              128.59114681420579,
              35.86178497006402
            ],
            [
              128.59153509881253,
              35.86166037535911
            ],
            [
              128.59153648488737,
              35.86165993001469
            ],
            [
              128.59154545743618,
              35.86165704733144
            ],
            [
              128.5919465032186,
              35.86152835224649
            ],
            [
              128.59195694125566,
              35.861525002725756
            ],
            [
              128.59198802158141,
              35.86151502840829
            ],
            [
              128.5923628374348,
              35.861394745741194
            ],
            [
              128.5923692925252,
              35.861392672952675
            ],
            [
              128.5923702706087,
              35.861392359330544
            ],
            [
              128.59269314138535,
              35.861288749058296
            ],
            [
              128.5927396659618,
              35.86142552399224
            ],
            [
              128.59282260137005,
              35.86168268521809
            ],
            [
              128.59284561795567,
              35.86175405455852
            ],
            [
              128.59285967754425,
              35.861797648872965
            ],
            [
              128.5928733451168,
              35.86184003595204
            ],
            [
              128.5928848425351,
              35.86187569186571
            ],
            [
              128.59295714714364,
              35.862099911897836
            ],
            [
              128.59295797538624,
              35.86210247832566
            ],
            [
              128.59296361127807,
              35.86211995163725
            ],
            [
              128.59300312969424,
              35.86224247336052
            ],
            [
              128.59303668054332,
              35.86234650961806
            ],
            [
              128.593040825378,
              35.86235936155508
            ],
            [
              128.59306402169392,
              35.862431288176495
            ],
            [
              128.5932427593929,
              35.86298551869244
            ],
            [
              128.59324479308071,
              35.8629918237487
            ],
            [
              128.59325997287482,
              35.863038886040016
            ],
            [
              128.59326858897938,
              35.863065605689954
            ],
            [
              128.59328215161023,
              35.863107657382216
            ],
            [
              128.59329574438615,
              35.86314980616701
            ],
            [
              128.5933025488784,
              35.86317090572869
            ],
            [
              128.59330516850048,
              35.86330195833958
            ],
            [
              128.59330691547157,
              35.8633893129162
            ],
            [
              128.59332080779453,
              35.86364743560512
            ],
            [
              128.5933229969544,
              35.86368811944795
            ],
            [
              128.5933276515952,
              35.86377460549556
            ],
            [
              128.59332885809388,
              35.86379712818033
            ],
            [
              128.59332938407488,
              35.86380687650168
            ],
            [
              128.593329890082,
              35.86381629954054
            ],
            [
              128.59333146599727,
              35.86384555804628
            ],
            [
              128.5933452416528,
              35.86410146212594
            ],
            [
              128.5933541697402,
              35.864267315328064
            ],
            [
              128.59336134370344,
              35.864400611022624
            ],
            [
              128.59337476105182,
              35.864649926107994
            ],
            [
              128.59337817569855,
              35.86471337857737
            ],
            [
              128.59337827661307,
              35.864715242090874
            ],
            [
              128.59342009884196,
              35.865492293448554
            ],
            [
              128.59345963249652,
              35.865484973536425
            ],
            [
              128.59348874922088,
              35.865479347806506
            ],
            [
              128.59351466862788,
              35.86547447062162
            ],
            [
              128.5936069077044,
              35.86545711070435
            ],
            [
              128.59371377346898,
              35.86543699760616
            ],
            [
              128.5937515832894,
              35.865430135058844
            ],
            [
              128.59416267308987,
              35.86535547089499
            ],
            [
              128.5941766810942,
              35.86535379802632
            ],
            [
              128.5943112850634,
              35.86532868411456
            ],
            [
              128.5943708691345,
              35.86532707025893
            ],
            [
              128.59442606945842,
              35.86531644281973
            ],
            [
              128.5944356513749,
              35.86531459927915
            ],
            [
              128.59447401688044,
              35.86520462152336
            ],
            [
              128.59452240086966,
              35.86506132988826
            ],
            [
              128.5945914437712,
              35.86485685386606
            ],
            [
              128.59474069764403,
              35.864424727122575
            ],
            [
              128.59478164990392,
              35.864306716203025
            ],
            [
              128.59478712621632,
              35.864293380866194
            ],
            [
              128.59478886668538,
              35.864289146592334
            ],
            [
              128.59479332737763,
              35.86427750463023
            ],
            [
              128.59479928283037,
              35.86426196330987
            ],
            [
              128.59480298015984,
              35.864252317151774
            ],
            [
              128.59483513521758,
              35.86416840054654
            ],
            [
              128.59484328994137,
              35.86413511806185
            ],
            [
              128.59487370365795,
              35.86407115988497
            ],
            [
              128.5948863087557,
              35.864044652650605
            ],
            [
              128.5949137507192,
              35.86397287975503
            ],
            [
              128.59495915650075,
              35.86384757420464
            ],
            [
              128.59505631617608,
              35.86359824670738
            ],
            [
              128.5950679598733,
              35.86356836555295
            ],
            [
              128.59508360461354,
              35.863528216989344
            ],
            [
              128.59512365451113,
              35.86344273895219
            ],
            [
              128.59518682817915,
              35.863284818677464
            ],
            [
              128.59519882691185,
              35.8632548278885
            ],
            [
              128.5951791577224,
              35.86323800733566
            ],
            [
              128.59516838729297,
              35.863228795986025
            ],
            [
              128.59517116508704,
              35.86321768865119
            ],
            [
              128.59523819089546,
              35.863006180390684
            ],
            [
              128.5952685321381,
              35.862936524891545
            ],
            [
              128.59528765453697,
              35.86287561946364
            ],
            [
              128.595299411083,
              35.8628381767492
            ],
            [
              128.59530882211266,
              35.8628224884953
            ],
            [
              128.59534523946502,
              35.86273924331317
            ],
            [
              128.59536054834507,
              35.86270424750061
            ],
            [
              128.59538837458774,
              35.86262520979665
            ],
            [
              128.59541248269477,
              35.86257120092108
            ],
            [
              128.59541397831916,
              35.86256785150032
            ],
            [
              128.59541856506848,
              35.86255041311713
            ],
            [
              128.59542656185215,
              35.86252000801369
            ],
            [
              128.59549763761302,
              35.86234534019839
            ],
            [
              128.595512662979,
              35.862288707635756
            ],
            [
              128.5955270471456,
              35.86227626291474
            ],
            [
              128.59553814814112,
              35.86224479810655
            ],
            [
              128.59554047548997,
              35.86221754517183
            ],
            [
              128.59554086462418,
              35.86221298602524
            ],
            [
              128.59556397570353,
              35.86220581158958
            ],
            [
              128.59569478283944,
              35.86180308587163
            ],
            [
              128.5957185335036,
              35.861733279397306
            ],
            [
              128.59573338859414,
              35.86168762939497
            ],
            [
              128.59575313588516,
              35.86162694808513
            ],
            [
              128.59575449478274,
              35.86162195545598
            ],
            [
              128.59576080007676,
              35.86159878727621
            ],
            [
              128.59576393170033,
              35.86159247481724
            ],
            [
              128.5958038429227,
              35.86151200779194
            ],
            [
              128.5958090822323,
              35.86147971108942
            ],
            [
              128.59582991350823,
              35.86142183185345
            ],
            [
              128.5958654416983,
              35.86132742064244
            ]
          ]
        ]
      }
    },
    {
      "type": "Feature",
      "properties": {
        "officialCode": "22010650",
        "officialName": "남산2동",
        "sourceFields": {
          "BASE_DATE": "20250630",
          "ADM_CD": "22010650",
          "ADM_NM": "남산2동"
        }
      },
      "geometry": {
        "type": "Polygon",
        "coordinates": [
          [
            [
              128.58790315098517,
              35.86643346085009
            ],
            [
              128.58801483283472,
              35.8664261203994
            ],
            [
              128.58829979254804,
              35.86642680818018
            ],
            [
              128.58830200783814,
              35.866426813354245
            ],
            [
              128.58833624518624,
              35.86642689625306
            ],
            [
              128.58842385746516,
              35.866407807943176
            ],
            [
              128.58859186283755,
              35.86637921164984
            ],
            [
              128.58860832383905,
              35.866371740884794
            ],
            [
              128.58860979007673,
              35.86637107576739
            ],
            [
              128.58865129151988,
              35.86635224106417
            ],
            [
              128.58878146340004,
              35.86631849143983
            ],
            [
              128.58882803438468,
              35.86632111841561
            ],
            [
              128.58886627917917,
              35.86632040392091
            ],
            [
              128.588899312938,
              35.86631444627814
            ],
            [
              128.58922959449438,
              35.86625403321018
            ],
            [
              128.5894798121678,
              35.86620826192329
            ],
            [
              128.5895441120109,
              35.866197498294596
            ],
            [
              128.58962144318778,
              35.86618328245041
            ],
            [
              128.58970575241943,
              35.86616778434365
            ],
            [
              128.58978820327425,
              35.86615262579669
            ],
            [
              128.58979457787052,
              35.86615806930363
            ],
            [
              128.5897967206778,
              35.86615989987123
            ],
            [
              128.5898057283704,
              35.8661560640444
            ],
            [
              128.58985769550765,
              35.866133937038036
            ],
            [
              128.58986467622339,
              35.86613964190483
            ],
            [
              128.5898862471949,
              35.86613505738921
            ],
            [
              128.59014733712303,
              35.86608659317957
            ],
            [
              128.5904292674139,
              35.86603893816376
            ],
            [
              128.59049139970486,
              35.86602843893039
            ],
            [
              128.59104171616204,
              35.86592656365313
            ],
            [
              128.59106793962906,
              35.86592186815146
            ],
            [
              128.59108927390747,
              35.86591804468639
            ],
            [
              128.59140961718273,
              35.86586064058304
            ],
            [
              128.5915168441498,
              35.86584142410698
            ],
            [
              128.59179432450185,
              35.86579182469696
            ],
            [
              128.59195441451595,
              35.865762413928515
            ],
            [
              128.5922568464885,
              35.86570685540682
            ],
            [
              128.59227871063868,
              35.865702830372726
            ],
            [
              128.59229483181332,
              35.86569984927366
            ],
            [
              128.59231444648896,
              35.865696232359106
            ],
            [
              128.59244795531566,
              35.865671616427974
            ],
            [
              128.59245023562036,
              35.86567119539682
            ],
            [
              128.5924533446397,
              35.86567062979164
            ],
            [
              128.5929645981058,
              35.865576365767694
            ],
            [
              128.5929689046072,
              35.86557557107587
            ],
            [
              128.59323678309005,
              35.865526180122885
            ],
            [
              128.5933118209809,
              35.865512343407055
            ],
            [
              128.59341528639754,
              35.86549318472103
            ],
            [
              128.59341562446224,
              35.865493122140784
            ],
            [
              128.59342009884196,
              35.865492293448554
            ],
            [
              128.59337827661307,
              35.864715242090874
            ],
            [
              128.59337817569855,
              35.86471337857737
            ],
            [
              128.59337476105182,
              35.864649926107994
            ],
            [
              128.59336134370344,
              35.864400611022624
            ],
            [
              128.5933541697402,
              35.864267315328064
            ],
            [
              128.5933452416528,
              35.86410146212594
            ],
            [
              128.59333146599727,
              35.86384555804628
            ],
            [
              128.593329890082,
              35.86381629954054
            ],
            [
              128.59332938407488,
              35.86380687650168
            ],
            [
              128.59332885809388,
              35.86379712818033
            ],
            [
              128.5933276515952,
              35.86377460549556
            ],
            [
              128.5933229969544,
              35.86368811944795
            ],
            [
              128.59332080779453,
              35.86364743560512
            ],
            [
              128.59330691547157,
              35.8633893129162
            ],
            [
              128.59330516850048,
              35.86330195833958
            ],
            [
              128.5933025488784,
              35.86317090572869
            ],
            [
              128.59329574438615,
              35.86314980616701
            ],
            [
              128.59328215161023,
              35.863107657382216
            ],
            [
              128.59326858897938,
              35.863065605689954
            ],
            [
              128.59325997287482,
              35.863038886040016
            ],
            [
              128.59324479308071,
              35.8629918237487
            ],
            [
              128.5932427593929,
              35.86298551869244
            ],
            [
              128.59306402169392,
              35.862431288176495
            ],
            [
              128.593040825378,
              35.86235936155508
            ],
            [
              128.59303668054332,
              35.86234650961806
            ],
            [
              128.59300312969424,
              35.86224247336052
            ],
            [
              128.59296361127807,
              35.86211995163725
            ],
            [
              128.59295797538624,
              35.86210247832566
            ],
            [
              128.59295714714364,
              35.862099911897836
            ],
            [
              128.5928848425351,
              35.86187569186571
            ],
            [
              128.5928733451168,
              35.86184003595204
            ],
            [
              128.59285967754425,
              35.861797648872965
            ],
            [
              128.59284561795567,
              35.86175405455852
            ],
            [
              128.59282260137005,
              35.86168268521809
            ],
            [
              128.5927396659618,
              35.86142552399224
            ],
            [
              128.59269314138535,
              35.861288749058296
            ],
            [
              128.5923702706087,
              35.861392359330544
            ],
            [
              128.5923692925252,
              35.861392672952675
            ],
            [
              128.5923628374348,
              35.861394745741194
            ],
            [
              128.59198802158141,
              35.86151502840829
            ],
            [
              128.59195694125566,
              35.861525002725756
            ],
            [
              128.5919465032186,
              35.86152835224649
            ],
            [
              128.59154545743618,
              35.86165704733144
            ],
            [
              128.59153648488737,
              35.86165993001469
            ],
            [
              128.59153509881253,
              35.86166037535911
            ],
            [
              128.59114681420579,
              35.86178497006402
            ],
            [
              128.59113414423413,
              35.861789034892325
            ],
            [
              128.59113267213527,
              35.861789507158804
            ],
            [
              128.5908375410603,
              35.86188420997703
            ],
            [
              128.59082550188748,
              35.86188807881522
            ],
            [
              128.5908227793325,
              35.861888952809295
            ],
            [
              128.59053428795812,
              35.861981523705765
            ],
            [
              128.5905143928028,
              35.86198869863731
            ],
            [
              128.59049554570285,
              35.861995492607775
            ],
            [
              128.59038154951028,
              35.86203659463333
            ],
            [
              128.5903512457728,
              35.86204540027525
            ],
            [
              128.59031975956356,
              35.862054558334265
            ],
            [
              128.59025253559324,
              35.8620741129934
            ],
            [
              128.58994332254463,
              35.862180333583375
            ],
            [
              128.58974223612353,
              35.86226288564794
            ],
            [
              128.58970907191556,
              35.86227650077287
            ],
            [
              128.5895373826226,
              35.862346984367406
            ],
            [
              128.58936258503974,
              35.86241874907774
            ],
            [
              128.58928132189206,
              35.862454867810726
            ],
            [
              128.5886005880064,
              35.862757435502395
            ],
            [
              128.58858439207734,
              35.8627646360981
            ],
            [
              128.58856471079628,
              35.86277338560552
            ],
            [
              128.58853811825395,
              35.86278520625213
            ],
            [
              128.58849973197783,
              35.86280201662376
            ],
            [
              128.58808916973854,
              35.86298180955831
            ],
            [
              128.58805273638237,
              35.86299776364537
            ],
            [
              128.58796960638264,
              35.86303416797323
            ],
            [
              128.58787015102143,
              35.86307771801924
            ],
            [
              128.58782684744963,
              35.863096839237684
            ],
            [
              128.58782440561643,
              35.86309791798182
            ],
            [
              128.5877642051437,
              35.863124503864256
            ],
            [
              128.58772699401032,
              35.86313655751911
            ],
            [
              128.58756121442613,
              35.86319026440013
            ],
            [
              128.58751255960695,
              35.86320602784408
            ],
            [
              128.58749641629797,
              35.8632112569997
            ],
            [
              128.58701537434385,
              35.86335903686981
            ],
            [
              128.58698629204528,
              35.86336797306279
            ],
            [
              128.58696708544443,
              35.86337387358185
            ],
            [
              128.58695604721058,
              35.86337726416485
            ],
            [
              128.58689467881337,
              35.86339135549398
            ],
            [
              128.5868713976145,
              35.863396699634194
            ],
            [
              128.58681789705906,
              35.863408985131954
            ],
            [
              128.58665665108418,
              35.86344600959557
            ],
            [
              128.58656889164118,
              35.86336307608459
            ],
            [
              128.586470327151,
              35.86326993174931
            ],
            [
              128.5864482128911,
              35.8632630716044
            ],
            [
              128.58644475903176,
              35.86326011596
            ],
            [
              128.58642724089987,
              35.863245120906925
            ],
            [
              128.58642627266354,
              35.863244293012215
            ],
            [
              128.5864125217713,
              35.863224701974644
            ],
            [
              128.5863956506184,
              35.863229193775105
            ],
            [
              128.58639023436695,
              35.86323063567244
            ],
            [
              128.58626579181256,
              35.863284944234564
            ],
            [
              128.58622804359473,
              35.86329361781341
            ],
            [
              128.58613010846264,
              35.86331612460855
            ],
            [
              128.58590406498703,
              35.86334014101824
            ],
            [
              128.5858904218276,
              35.86334159144459
            ],
            [
              128.5858708759025,
              35.86334470722106
            ],
            [
              128.58586195984347,
              35.86332261295133
            ],
            [
              128.58583845394867,
              35.8633056434164
            ],
            [
              128.5858260846996,
              35.86329671614055
            ],
            [
              128.5857797208489,
              35.863244018668624
            ],
            [
              128.58578807944394,
              35.863215666474304
            ],
            [
              128.58576943425018,
              35.86319842038883
            ],
            [
              128.58576710526674,
              35.86318162907703
            ],
            [
              128.58571651654643,
              35.863140408805506
            ],
            [
              128.58561125705438,
              35.863089009865355
            ],
            [
              128.58558262852262,
              35.86306276169658
            ],
            [
              128.58558174470744,
              35.86306195106335
            ],
            [
              128.5855674545967,
              35.86304885155094
            ],
            [
              128.58554834277467,
              35.86303133016187
            ],
            [
              128.58551559352625,
              35.8630216854483
            ],
            [
              128.5854983835323,
              35.86301530011228
            ],
            [
              128.58546464930401,
              35.86300278559154
            ],
            [
              128.58540941964088,
              35.86300213872732
            ],
            [
              128.58538479018875,
              35.86300185187312
            ],
            [
              128.58537643980185,
              35.86300206074992
            ],
            [
              128.58535544095915,
              35.863002587655835
            ],
            [
              128.58534285114615,
              35.86300135807078
            ],
            [
              128.5853065843761,
              35.862979207932234
            ],
            [
              128.58527075318452,
              35.862957322513495
            ],
            [
              128.58520268884072,
              35.862955842155415
            ],
            [
              128.5851523506766,
              35.8629391437186
            ],
            [
              128.5850854360743,
              35.86293376897099
            ],
            [
              128.585025466196,
              35.86292029131468
            ],
            [
              128.5849843969235,
              35.86289292292657
            ],
            [
              128.584970888246,
              35.8628839211046
            ],
            [
              128.58488348511838,
              35.862852636418765
            ],
            [
              128.5848475914766,
              35.862818679494794
            ],
            [
              128.58483231322583,
              35.86275508590917
            ],
            [
              128.58481500106836,
              35.86271730262896
            ],
            [
              128.58478983579099,
              35.86266241186013
            ],
            [
              128.58474338861456,
              35.86262481592291
            ],
            [
              128.58473442534878,
              35.86261938469523
            ],
            [
              128.58468799157305,
              35.862564399248775
            ],
            [
              128.5846677792761,
              35.86254046581165
            ],
            [
              128.58452755876357,
              35.86237442403471
            ],
            [
              128.58443295601094,
              35.862318331659914
            ],
            [
              128.58442811227368,
              35.86231171643215
            ],
            [
              128.58425936924993,
              35.86208122563958
            ],
            [
              128.5842187307561,
              35.86201322500727
            ],
            [
              128.58419847548018,
              35.86202457819236
            ],
            [
              128.58417872242754,
              35.862033285258725
            ],
            [
              128.5841587998602,
              35.8620420695831
            ],
            [
              128.5841409998827,
              35.862049916956515
            ],
            [
              128.58408778048872,
              35.86207337989742
            ],
            [
              128.58384198354756,
              35.86213238546222
            ],
            [
              128.5837581214522,
              35.86215251665452
            ],
            [
              128.5837553136942,
              35.86215307751336
            ],
            [
              128.5836871400358,
              35.862166783222655
            ],
            [
              128.58354861670657,
              35.862194630675106
            ],
            [
              128.58316881301877,
              35.862183888579146
            ],
            [
              128.58294371103884,
              35.86217111069943
            ],
            [
              128.5825959660501,
              35.86219143058811
            ],
            [
              128.5824900878229,
              35.86220636163321
            ],
            [
              128.58248600676993,
              35.86228937477293
            ],
            [
              128.5824855316364,
              35.86229906726348
            ],
            [
              128.58247568444142,
              35.86249967289145
            ],
            [
              128.58246402103902,
              35.8627372716307
            ],
            [
              128.58244616143574,
              35.86310108025661
            ],
            [
              128.5824459446209,
              35.86310549807128
            ],
            [
              128.58244146415583,
              35.86319677312436
            ],
            [
              128.5824314666456,
              35.863400427362585
            ],
            [
              128.5824306437858,
              35.86341721017964
            ],
            [
              128.5824199859805,
              35.863634292845184
            ],
            [
              128.5824199219031,
              35.86363560790294
            ],
            [
              128.58241848583378,
              35.863664717920294
            ],
            [
              128.58241493154503,
              35.86373711849066
            ],
            [
              128.58249832804617,
              35.863742055900104
            ],
            [
              128.58251293770488,
              35.86455585799709
            ],
            [
              128.58237454889777,
              35.86455972491648
            ],
            [
              128.58235857790945,
              35.86488506471403
            ],
            [
              128.58273700529776,
              35.86500033635423
            ],
            [
              128.58276622127855,
              35.865009615174074
            ],
            [
              128.58278634686258,
              35.86501568882229
            ],
            [
              128.58281817458632,
              35.86502529569813
            ],
            [
              128.58284326265542,
              35.86503303216749
            ],
            [
              128.58295082133034,
              35.865065795492164
            ],
            [
              128.58300707140205,
              35.86508288511004
            ],
            [
              128.5830366200374,
              35.86509186154529
            ],
            [
              128.58305884716822,
              35.86509853467333
            ],
            [
              128.58314501234125,
              35.86512515451069
            ],
            [
              128.58315722818867,
              35.86512883273607
            ],
            [
              128.58317827003103,
              35.86513516672239
            ],
            [
              128.58325147830226,
              35.865157202558784
            ],
            [
              128.58328511263863,
              35.8651675431197
            ],
            [
              128.58328933814457,
              35.86516892948586
            ],
            [
              128.58331178080044,
              35.865176298433425
            ],
            [
              128.5833362459308,
              35.86518594632216
            ],
            [
              128.58349014823787,
              35.86523070033925
            ],
            [
              128.5835077890094,
              35.86523567292864
            ],
            [
              128.58352722424578,
              35.86524163367177
            ],
            [
              128.58353013830225,
              35.86524252698265
            ],
            [
              128.58366319761785,
              35.86528333961146
            ],
            [
              128.58369296906983,
              35.865293051352765
            ],
            [
              128.5837139870816,
              35.86529990656312
            ],
            [
              128.58372637926033,
              35.86530367870508
            ],
            [
              128.58374223929872,
              35.86530850684609
            ],
            [
              128.58386043507832,
              35.86534494011773
            ],
            [
              128.58386476660013,
              35.86534630206627
            ],
            [
              128.58388869804682,
              35.86535383958805
            ],
            [
              128.58391014893436,
              35.86535994616641
            ],
            [
              128.58401423542173,
              35.86539208532372
            ],
            [
              128.58402589589963,
              35.86539564225255
            ],
            [
              128.58412840946664,
              35.865426951640295
            ],
            [
              128.5841702392544,
              35.86543982170426
            ],
            [
              128.584228100801,
              35.865457761702075
            ],
            [
              128.58425812162304,
              35.865467068953784
            ],
            [
              128.5842704916049,
              35.86547083402688
            ],
            [
              128.5843333892051,
              35.86548997628216
            ],
            [
              128.58434159515085,
              35.865492478879744
            ],
            [
              128.58435490964646,
              35.8654966303032
            ],
            [
              128.5843756878142,
              35.865503108003324
            ],
            [
              128.58446705624402,
              35.865531597539636
            ],
            [
              128.58447666824432,
              35.86553454362574
            ],
            [
              128.584506895813,
              35.86554381919663
            ],
            [
              128.5846598646028,
              35.865590764617025
            ],
            [
              128.58468824882755,
              35.86559960870868
            ],
            [
              128.58471632265312,
              35.86560826987428
            ],
            [
              128.58485671181708,
              35.865651576323536
            ],
            [
              128.5852084695893,
              35.86576008752002
            ],
            [
              128.5852323385483,
              35.86576773532671
            ],
            [
              128.58524665368475,
              35.865772321179776
            ],
            [
              128.58527388982768,
              35.8657804614653
            ],
            [
              128.5854137568318,
              35.86582409473417
            ],
            [
              128.5854487664311,
              35.86583501638735
            ],
            [
              128.58548443009403,
              35.86584614218433
            ],
            [
              128.58551601777353,
              35.86585548003841
            ],
            [
              128.58563709109043,
              35.86589325591846
            ],
            [
              128.5856518776112,
              35.86589764272495
            ],
            [
              128.58568861923504,
              35.86590910852523
            ],
            [
              128.58571515180702,
              35.86591738669674
            ],
            [
              128.5857340345396,
              35.86592390563278
            ],
            [
              128.58576491370928,
              35.86593456430386
            ],
            [
              128.585789258392,
              35.86594216442389
            ],
            [
              128.58579338960078,
              35.8659434523814
            ],
            [
              128.5858882834512,
              35.86597308009148
            ],
            [
              128.58590910203853,
              35.86597957969743
            ],
            [
              128.58591521991974,
              35.86598148980186
            ],
            [
              128.58597151998197,
              35.865999065311826
            ],
            [
              128.58644855309532,
              35.86614797889309
            ],
            [
              128.5865454718281,
              35.86617823328471
            ],
            [
              128.58659733842802,
              35.86619426815849
            ],
            [
              128.58660028885268,
              35.86619522417461
            ],
            [
              128.58661232412985,
              35.8661991200537
            ],
            [
              128.5866766516284,
              35.866219232642806
            ],
            [
              128.58676684787338,
              35.86625179616469
            ],
            [
              128.5867929232368,
              35.86626121059548
            ],
            [
              128.58688979729226,
              35.86629563574215
            ],
            [
              128.58691044712955,
              35.866302418888885
            ],
            [
              128.58699281065813,
              35.86632947513784
            ],
            [
              128.58708257887997,
              35.866358903049864
            ],
            [
              128.58716724937418,
              35.8663830992786
            ],
            [
              128.58731180545414,
              35.86643059435119
            ],
            [
              128.58731229245225,
              35.86643332528586
            ],
            [
              128.58733246170704,
              35.86643378824356
            ],
            [
              128.58736375043077,
              35.86644455999529
            ],
            [
              128.5874038978773,
              35.86645825375391
            ],
            [
              128.58739847247872,
              35.86646358061611
            ],
            [
              128.58749432888033,
              35.8664839627184
            ],
            [
              128.58750377940171,
              35.86648804418814
            ],
            [
              128.5875444127506,
              35.86650146663774
            ],
            [
              128.5875933004636,
              35.8665167040172
            ],
            [
              128.5875982583538,
              35.86651834144645
            ],
            [
              128.58762959675377,
              35.86652869074689
            ],
            [
              128.5876552653703,
              35.86648498496508
            ],
            [
              128.58766168294108,
              35.866482234791064
            ],
            [
              128.58766244054647,
              35.86648191058125
            ],
            [
              128.5876781563537,
              35.86647517785788
            ],
            [
              128.58769889689444,
              35.866457954125025
            ],
            [
              128.58777838497554,
              35.86645644639866
            ],
            [
              128.58782863918955,
              35.86644135354347
            ],
            [
              128.58790315098517,
              35.86643346085009
            ]
          ]
        ]
      }
    },
    {
      "type": "Feature",
      "properties": {
        "officialCode": "22010660",
        "officialName": "남산3동",
        "sourceFields": {
          "BASE_DATE": "20250630",
          "ADM_CD": "22010660",
          "ADM_NM": "남산3동"
        }
      },
      "geometry": {
        "type": "Polygon",
        "coordinates": [
          [
            [
              128.58701537434385,
              35.86335903686981
            ],
            [
              128.58749641629797,
              35.8632112569997
            ],
            [
              128.58751255960695,
              35.86320602784408
            ],
            [
              128.58756121442613,
              35.86319026440013
            ],
            [
              128.58772699401032,
              35.86313655751911
            ],
            [
              128.5877642051437,
              35.863124503864256
            ],
            [
              128.58782440561643,
              35.86309791798182
            ],
            [
              128.58782684744963,
              35.863096839237684
            ],
            [
              128.58787015102143,
              35.86307771801924
            ],
            [
              128.58796960638264,
              35.86303416797323
            ],
            [
              128.58805273638237,
              35.86299776364537
            ],
            [
              128.58808916973854,
              35.86298180955831
            ],
            [
              128.58849973197783,
              35.86280201662376
            ],
            [
              128.58853811825395,
              35.86278520625213
            ],
            [
              128.58856471079628,
              35.86277338560552
            ],
            [
              128.58858439207734,
              35.8627646360981
            ],
            [
              128.5886005880064,
              35.862757435502395
            ],
            [
              128.58928132189206,
              35.862454867810726
            ],
            [
              128.58936258503974,
              35.86241874907774
            ],
            [
              128.5895373826226,
              35.862346984367406
            ],
            [
              128.58970907191556,
              35.86227650077287
            ],
            [
              128.58974223612353,
              35.86226288564794
            ],
            [
              128.58994332254463,
              35.862180333583375
            ],
            [
              128.59025253559324,
              35.8620741129934
            ],
            [
              128.59031975956356,
              35.862054558334265
            ],
            [
              128.5903512457728,
              35.86204540027525
            ],
            [
              128.59038154951028,
              35.86203659463333
            ],
            [
              128.59037466786023,
              35.862022735150425
            ],
            [
              128.59007045294183,
              35.861409973239226
            ],
            [
              128.5900641909873,
              35.86139736128669
            ],
            [
              128.59006132538008,
              35.86139158933274
            ],
            [
              128.59002701555292,
              35.861322480245526
            ],
            [
              128.59002513401234,
              35.861318690915844
            ],
            [
              128.58993209983248,
              35.861131277705056
            ],
            [
              128.58992201788706,
              35.86111097039439
            ],
            [
              128.58991168422642,
              35.861090155081406
            ],
            [
              128.5897906455146,
              35.8608463523694
            ],
            [
              128.5897195219066,
              35.86069990020118
            ],
            [
              128.5897165611638,
              35.860693809045756
            ],
            [
              128.5897122213725,
              35.860684873343686
            ],
            [
              128.58957118112818,
              35.86039447867992
            ],
            [
              128.5893230283889,
              35.859883555286515
            ],
            [
              128.58931779522712,
              35.85987278036437
            ],
            [
              128.58930969936083,
              35.85985611353342
            ],
            [
              128.58906327316367,
              35.85934873866012
            ],
            [
              128.58898415023162,
              35.85918582743537
            ],
            [
              128.5889365782295,
              35.85908898348737
            ],
            [
              128.58893329153287,
              35.85908229121662
            ],
            [
              128.5889198632665,
              35.859054942273524
            ],
            [
              128.5887545201134,
              35.858718368707336
            ],
            [
              128.58874625046698,
              35.85870152940635
            ],
            [
              128.5887418667762,
              35.858692606684265
            ],
            [
              128.5884770185611,
              35.85815342612788
            ],
            [
              128.58847427309732,
              35.85814783786325
            ],
            [
              128.5884689188251,
              35.85813693597437
            ],
            [
              128.58846325243758,
              35.85812540040864
            ],
            [
              128.5881927354257,
              35.8575747052363
            ],
            [
              128.58808026049823,
              35.85734579979293
            ],
            [
              128.58806762259402,
              35.85732008082483
            ],
            [
              128.58806422102637,
              35.8573131569639
            ],
            [
              128.5878559777893,
              35.856889334854536
            ],
            [
              128.58779469816056,
              35.856764614626634
            ],
            [
              128.5873688647332,
              35.856726153707285
            ],
            [
              128.5873652077591,
              35.85672582257391
            ],
            [
              128.58684432812097,
              35.85667877340588
            ],
            [
              128.58681907313417,
              35.85667649101466
            ],
            [
              128.58668461396388,
              35.85666434700786
            ],
            [
              128.58637316999244,
              35.85663771495499
            ],
            [
              128.58637052890856,
              35.85663748910372
            ],
            [
              128.58595338197574,
              35.856601816990214
            ],
            [
              128.58593082746765,
              35.85659988956069
            ],
            [
              128.58539606083932,
              35.85655415689636
            ],
            [
              128.58535485469739,
              35.85655063350132
            ],
            [
              128.58506952131478,
              35.85652611255158
            ],
            [
              128.58506652099388,
              35.8565258556566
            ],
            [
              128.58424257853179,
              35.856455043983786
            ],
            [
              128.5842275609946,
              35.85645372619054
            ],
            [
              128.5828645839563,
              35.856333878302024
            ],
            [
              128.58286305049035,
              35.85633374336538
            ],
            [
              128.5828563267515,
              35.856336734956315
            ],
            [
              128.5828551433878,
              35.856414212599624
            ],
            [
              128.58285330771022,
              35.85653460250298
            ],
            [
              128.582819455449,
              35.85704899260064
            ],
            [
              128.5828190166911,
              35.857055655513946
            ],
            [
              128.58281703442248,
              35.85708579376382
            ],
            [
              128.5827912798201,
              35.857477065250436
            ],
            [
              128.5827754285549,
              35.85771787545077
            ],
            [
              128.58276492071354,
              35.857877485827835
            ],
            [
              128.5827630335814,
              35.85790615276349
            ],
            [
              128.58275405684,
              35.85804251601045
            ],
            [
              128.58274483038736,
              35.85818266987987
            ],
            [
              128.58273568316744,
              35.85832164829265
            ],
            [
              128.582735299414,
              35.858327470450334
            ],
            [
              128.58273389895635,
              35.85834876360697
            ],
            [
              128.58273108415048,
              35.85839155019259
            ],
            [
              128.58272898228014,
              35.85842348452844
            ],
            [
              128.58270706059395,
              35.85875648750762
            ],
            [
              128.5827070330981,
              35.85875690878616
            ],
            [
              128.5827049146756,
              35.85878909300248
            ],
            [
              128.5827005438815,
              35.85885550198107
            ],
            [
              128.5826921895688,
              35.85898243193294
            ],
            [
              128.5826908842764,
              35.85900225467895
            ],
            [
              128.58267207498088,
              35.85928798217706
            ],
            [
              128.58267091492905,
              35.85930561822035
            ],
            [
              128.58259540991568,
              35.86045269570109
            ],
            [
              128.58259318314575,
              35.86048652804209
            ],
            [
              128.58259233842307,
              35.86049933786994
            ],
            [
              128.58259142196084,
              35.86051322481223
            ],
            [
              128.5825912859928,
              35.8605152798014
            ],
            [
              128.58258985239877,
              35.86053707271484
            ],
            [
              128.5825198154627,
              35.861600980039796
            ],
            [
              128.5825162655673,
              35.861673367974184
            ],
            [
              128.58251547600543,
              35.86168942113063
            ],
            [
              128.58250922465612,
              35.86181661065039
            ],
            [
              128.58250571890875,
              35.86188801097141
            ],
            [
              128.58250335432405,
              35.861936146961206
            ],
            [
              128.5825023567421,
              35.861956450162246
            ],
            [
              128.58249196024246,
              35.86216821219984
            ],
            [
              128.5824900878229,
              35.86220636163321
            ],
            [
              128.5825959660501,
              35.86219143058811
            ],
            [
              128.58294371103884,
              35.86217111069943
            ],
            [
              128.58316881301877,
              35.862183888579146
            ],
            [
              128.58354861670657,
              35.862194630675106
            ],
            [
              128.5836871400358,
              35.862166783222655
            ],
            [
              128.5837553136942,
              35.86215307751336
            ],
            [
              128.5837581214522,
              35.86215251665452
            ],
            [
              128.58384198354756,
              35.86213238546222
            ],
            [
              128.58408778048872,
              35.86207337989742
            ],
            [
              128.5841409998827,
              35.862049916956515
            ],
            [
              128.5841587998602,
              35.8620420695831
            ],
            [
              128.58417872242754,
              35.862033285258725
            ],
            [
              128.58419847548018,
              35.86202457819236
            ],
            [
              128.5842187307561,
              35.86201322500727
            ],
            [
              128.58425936924993,
              35.86208122563958
            ],
            [
              128.58442811227368,
              35.86231171643215
            ],
            [
              128.58443295601094,
              35.862318331659914
            ],
            [
              128.58452755876357,
              35.86237442403471
            ],
            [
              128.5846677792761,
              35.86254046581165
            ],
            [
              128.58468799157305,
              35.862564399248775
            ],
            [
              128.58473442534878,
              35.86261938469523
            ],
            [
              128.58474338861456,
              35.86262481592291
            ],
            [
              128.58478983579099,
              35.86266241186013
            ],
            [
              128.58481500106836,
              35.86271730262896
            ],
            [
              128.58483231322583,
              35.86275508590917
            ],
            [
              128.5848475914766,
              35.862818679494794
            ],
            [
              128.58488348511838,
              35.862852636418765
            ],
            [
              128.584970888246,
              35.8628839211046
            ],
            [
              128.5849843969235,
              35.86289292292657
            ],
            [
              128.585025466196,
              35.86292029131468
            ],
            [
              128.5850854360743,
              35.86293376897099
            ],
            [
              128.5851523506766,
              35.8629391437186
            ],
            [
              128.58520268884072,
              35.862955842155415
            ],
            [
              128.58527075318452,
              35.862957322513495
            ],
            [
              128.5853065843761,
              35.862979207932234
            ],
            [
              128.58534285114615,
              35.86300135807078
            ],
            [
              128.58535544095915,
              35.863002587655835
            ],
            [
              128.58537643980185,
              35.86300206074992
            ],
            [
              128.58538479018875,
              35.86300185187312
            ],
            [
              128.58540941964088,
              35.86300213872732
            ],
            [
              128.58546464930401,
              35.86300278559154
            ],
            [
              128.5854983835323,
              35.86301530011228
            ],
            [
              128.58551559352625,
              35.8630216854483
            ],
            [
              128.58554834277467,
              35.86303133016187
            ],
            [
              128.5855674545967,
              35.86304885155094
            ],
            [
              128.58558174470744,
              35.86306195106335
            ],
            [
              128.58558262852262,
              35.86306276169658
            ],
            [
              128.58561125705438,
              35.863089009865355
            ],
            [
              128.58571651654643,
              35.863140408805506
            ],
            [
              128.58576710526674,
              35.86318162907703
            ],
            [
              128.58576943425018,
              35.86319842038883
            ],
            [
              128.58578807944394,
              35.863215666474304
            ],
            [
              128.5857797208489,
              35.863244018668624
            ],
            [
              128.5858260846996,
              35.86329671614055
            ],
            [
              128.58583845394867,
              35.8633056434164
            ],
            [
              128.58586195984347,
              35.86332261295133
            ],
            [
              128.5858708759025,
              35.86334470722106
            ],
            [
              128.5858904218276,
              35.86334159144459
            ],
            [
              128.58590406498703,
              35.86334014101824
            ],
            [
              128.58613010846264,
              35.86331612460855
            ],
            [
              128.58622804359473,
              35.86329361781341
            ],
            [
              128.58626579181256,
              35.863284944234564
            ],
            [
              128.58639023436695,
              35.86323063567244
            ],
            [
              128.5863956506184,
              35.863229193775105
            ],
            [
              128.5864125217713,
              35.863224701974644
            ],
            [
              128.58642627266354,
              35.863244293012215
            ],
            [
              128.58642724089987,
              35.863245120906925
            ],
            [
              128.58644475903176,
              35.86326011596
            ],
            [
              128.5864482128911,
              35.8632630716044
            ],
            [
              128.586470327151,
              35.86326993174931
            ],
            [
              128.58656889164118,
              35.86336307608459
            ],
            [
              128.58665665108418,
              35.86344600959557
            ],
            [
              128.58681789705906,
              35.863408985131954
            ],
            [
              128.5868713976145,
              35.863396699634194
            ],
            [
              128.58689467881337,
              35.86339135549398
            ],
            [
              128.58695604721058,
              35.86337726416485
            ],
            [
              128.58696708544443,
              35.86337387358185
            ],
            [
              128.58698629204528,
              35.86336797306279
            ],
            [
              128.58701537434385,
              35.86335903686981
            ]
          ]
        ]
      }
    },
    {
      "type": "Feature",
      "properties": {
        "officialCode": "22010670",
        "officialName": "남산4동",
        "sourceFields": {
          "BASE_DATE": "20250630",
          "ADM_CD": "22010670",
          "ADM_NM": "남산4동"
        }
      },
      "geometry": {
        "type": "Polygon",
        "coordinates": [
          [
            [
              128.58235857790945,
              35.86488506471403
            ],
            [
              128.58237454889777,
              35.86455972491648
            ],
            [
              128.58251293770488,
              35.86455585799709
            ],
            [
              128.58249832804617,
              35.863742055900104
            ],
            [
              128.58241493154503,
              35.86373711849066
            ],
            [
              128.58241848583378,
              35.863664717920294
            ],
            [
              128.5824199219031,
              35.86363560790294
            ],
            [
              128.5824199859805,
              35.863634292845184
            ],
            [
              128.5824306437858,
              35.86341721017964
            ],
            [
              128.5824314666456,
              35.863400427362585
            ],
            [
              128.58244146415583,
              35.86319677312436
            ],
            [
              128.5824459446209,
              35.86310549807128
            ],
            [
              128.58244616143574,
              35.86310108025661
            ],
            [
              128.58246402103902,
              35.8627372716307
            ],
            [
              128.58247568444142,
              35.86249967289145
            ],
            [
              128.5824855316364,
              35.86229906726348
            ],
            [
              128.58248600676993,
              35.86228937477293
            ],
            [
              128.5824900878229,
              35.86220636163321
            ],
            [
              128.58249196024246,
              35.86216821219984
            ],
            [
              128.5825023567421,
              35.861956450162246
            ],
            [
              128.58250335432405,
              35.861936146961206
            ],
            [
              128.58250571890875,
              35.86188801097141
            ],
            [
              128.58250922465612,
              35.86181661065039
            ],
            [
              128.58251547600543,
              35.86168942113063
            ],
            [
              128.5825162655673,
              35.861673367974184
            ],
            [
              128.5825198154627,
              35.861600980039796
            ],
            [
              128.58258985239877,
              35.86053707271484
            ],
            [
              128.5825912859928,
              35.8605152798014
            ],
            [
              128.58259142196084,
              35.86051322481223
            ],
            [
              128.58259233842307,
              35.86049933786994
            ],
            [
              128.58259318314575,
              35.86048652804209
            ],
            [
              128.58259540991568,
              35.86045269570109
            ],
            [
              128.58267091492905,
              35.85930561822035
            ],
            [
              128.58267207498088,
              35.85928798217706
            ],
            [
              128.5826908842764,
              35.85900225467895
            ],
            [
              128.5826921895688,
              35.85898243193294
            ],
            [
              128.5827005438815,
              35.85885550198107
            ],
            [
              128.5827049146756,
              35.85878909300248
            ],
            [
              128.5827070330981,
              35.85875690878616
            ],
            [
              128.58270706059395,
              35.85875648750762
            ],
            [
              128.58272898228014,
              35.85842348452844
            ],
            [
              128.58273108415048,
              35.85839155019259
            ],
            [
              128.58273389895635,
              35.85834876360697
            ],
            [
              128.582735299414,
              35.858327470450334
            ],
            [
              128.58273568316744,
              35.85832164829265
            ],
            [
              128.58274483038736,
              35.85818266987987
            ],
            [
              128.58275405684,
              35.85804251601045
            ],
            [
              128.5827630335814,
              35.85790615276349
            ],
            [
              128.58276492071354,
              35.857877485827835
            ],
            [
              128.5827754285549,
              35.85771787545077
            ],
            [
              128.5827912798201,
              35.857477065250436
            ],
            [
              128.58281703442248,
              35.85708579376382
            ],
            [
              128.5828190166911,
              35.857055655513946
            ],
            [
              128.582819455449,
              35.85704899260064
            ],
            [
              128.58285330771022,
              35.85653460250298
            ],
            [
              128.5828551433878,
              35.856414212599624
            ],
            [
              128.5828563267515,
              35.856336734956315
            ],
            [
              128.5821170356134,
              35.85666547301912
            ],
            [
              128.58172582950846,
              35.856840105870724
            ],
            [
              128.58159091559827,
              35.856899947520446
            ],
            [
              128.5815803232773,
              35.85690464627163
            ],
            [
              128.58045745557976,
              35.85740268773536
            ],
            [
              128.5804270777577,
              35.85741618959626
            ],
            [
              128.58042225712606,
              35.85741832998925
            ],
            [
              128.58041303856442,
              35.857422421250874
            ],
            [
              128.5795721801228,
              35.8577953304401
            ],
            [
              128.5794121762648,
              35.85786629594158
            ],
            [
              128.579357443114,
              35.85789057188249
            ],
            [
              128.57920906630517,
              35.85795638028298
            ],
            [
              128.57918806377697,
              35.85796569188586
            ],
            [
              128.57851851609138,
              35.85826257466505
            ],
            [
              128.57842231525015,
              35.85830523030813
            ],
            [
              128.5776181674281,
              35.85866202890243
            ],
            [
              128.5776078476851,
              35.8586666085589
            ],
            [
              128.57673307953095,
              35.85905473209295
            ],
            [
              128.57669222175178,
              35.85907286091426
            ],
            [
              128.57630823296967,
              35.85924177678094
            ],
            [
              128.5762819684807,
              35.85925341958763
            ],
            [
              128.57586118519745,
              35.85943995208009
            ],
            [
              128.57539713471974,
              35.85964566355061
            ],
            [
              128.5753824175727,
              35.859652188289466
            ],
            [
              128.57522253456472,
              35.859723062420706
            ],
            [
              128.57474050271043,
              35.859938888290536
            ],
            [
              128.574727141504,
              35.859944871600526
            ],
            [
              128.57467577611285,
              35.85996778548662
            ],
            [
              128.57457017401245,
              35.86001488664271
            ],
            [
              128.57454627690953,
              35.86002554592694
            ],
            [
              128.5744539966096,
              35.86006670641763
            ],
            [
              128.57444806386894,
              35.860069351478266
            ],
            [
              128.57444722378196,
              35.86009285919295
            ],
            [
              128.57444479175214,
              35.86016089322713
            ],
            [
              128.5744373684353,
              35.860234613896054
            ],
            [
              128.5743494506415,
              35.86080593950252
            ],
            [
              128.57434678899608,
              35.86082323729467
            ],
            [
              128.57442819756508,
              35.860788312873346
            ],
            [
              128.57436719831654,
              35.86118035587462
            ],
            [
              128.57436384210118,
              35.86120511131372
            ],
            [
              128.57435704860293,
              35.86125526302768
            ],
            [
              128.57435021457218,
              35.86130569458855
            ],
            [
              128.57431251069534,
              35.86158390946285
            ],
            [
              128.57428789103287,
              35.86176913258485
            ],
            [
              128.57428428051983,
              35.86179630378353
            ],
            [
              128.57427417777956,
              35.861872322133124
            ],
            [
              128.57425124953872,
              35.86204485050444
            ],
            [
              128.57421655990493,
              35.862305920352455
            ],
            [
              128.57417655942993,
              35.862601469336674
            ],
            [
              128.57417456846932,
              35.86261619256521
            ],
            [
              128.57420595021432,
              35.86262392146085
            ],
            [
              128.57421283106143,
              35.86262561437841
            ],
            [
              128.5742430637461,
              35.86263305782579
            ],
            [
              128.57435345176341,
              35.8626599650845
            ],
            [
              128.57436674192635,
              35.86266320726253
            ],
            [
              128.57436978885247,
              35.86266394814649
            ],
            [
              128.57449157272214,
              35.86269406210423
            ],
            [
              128.57453452103783,
              35.8627046824571
            ],
            [
              128.57455073223872,
              35.86270869186414
            ],
            [
              128.57458953799377,
              35.862718305239135
            ],
            [
              128.57484051398214,
              35.86278020812195
            ],
            [
              128.574892092074,
              35.8627929293143
            ],
            [
              128.57491204016205,
              35.86279808267971
            ],
            [
              128.57492721126994,
              35.86280200036682
            ],
            [
              128.57533447810292,
              35.86290375563485
            ],
            [
              128.57539300028535,
              35.86291840871304
            ],
            [
              128.57542421064633,
              35.862926223569275
            ],
            [
              128.57545576107992,
              35.862934123726276
            ],
            [
              128.575467114397,
              35.862936970204174
            ],
            [
              128.57547520906604,
              35.862938982154965
            ],
            [
              128.5755042516256,
              35.86294619972708
            ],
            [
              128.57553312418116,
              35.86295337644062
            ],
            [
              128.57561052921824,
              35.86297261520582
            ],
            [
              128.57565246728615,
              35.86298303864452
            ],
            [
              128.5758195062333,
              35.863024556523726
            ],
            [
              128.57587651794853,
              35.863038723424424
            ],
            [
              128.57597423887248,
              35.86306301809736
            ],
            [
              128.57598904391838,
              35.86306672255245
            ],
            [
              128.57600264198263,
              35.863070118662584
            ],
            [
              128.5760402558099,
              35.863079528570424
            ],
            [
              128.57638068541183,
              35.86316469058788
            ],
            [
              128.57675690935923,
              35.8632588061043
            ],
            [
              128.57687718170737,
              35.86328889240567
            ],
            [
              128.57689637659848,
              35.863293696072716
            ],
            [
              128.57690972478483,
              35.86329703661923
            ],
            [
              128.57693257484556,
              35.863302755058214
            ],
            [
              128.57694564247612,
              35.86330688878794
            ],
            [
              128.5769495189607,
              35.86330787100102
            ],
            [
              128.57697979862274,
              35.86331662060187
            ],
            [
              128.5769820716543,
              35.86331721599265
            ],
            [
              128.57702670839114,
              35.863328887763316
            ],
            [
              128.57720200558043,
              35.86337473561233
            ],
            [
              128.57740169600504,
              35.863426961181474
            ],
            [
              128.5774707615202,
              35.86344502306187
            ],
            [
              128.57747530869284,
              35.86344621291315
            ],
            [
              128.57762218073842,
              35.86348462564691
            ],
            [
              128.57774570911363,
              35.8635169366767
            ],
            [
              128.57802667141974,
              35.86359041218759
            ],
            [
              128.57805020789317,
              35.86359601606482
            ],
            [
              128.57816291345452,
              35.863625549597835
            ],
            [
              128.5782331369214,
              35.863643953155545
            ],
            [
              128.5782793782989,
              35.86365607165544
            ],
            [
              128.5783511045696,
              35.86367486735859
            ],
            [
              128.57846424506536,
              35.86370525859797
            ],
            [
              128.57881380922336,
              35.86379668498455
            ],
            [
              128.5788291014296,
              35.86380068403132
            ],
            [
              128.57884233513312,
              35.86380414619911
            ],
            [
              128.57886077509593,
              35.863808964443564
            ],
            [
              128.57886613927047,
              35.86381036778773
            ],
            [
              128.5789333281348,
              35.863827941699704
            ],
            [
              128.57898590981097,
              35.86384106502357
            ],
            [
              128.5790263011484,
              35.863850891710044
            ],
            [
              128.57905682407608,
              35.863842095959114
            ],
            [
              128.57907408845847,
              35.863836830815906
            ],
            [
              128.5792005487216,
              35.863881894577816
            ],
            [
              128.57934229499506,
              35.863930812991335
            ],
            [
              128.57946666415668,
              35.863973731503656
            ],
            [
              128.57954825551943,
              35.864001543638835
            ],
            [
              128.57957560842826,
              35.864010867031936
            ],
            [
              128.57959280667754,
              35.864016731317754
            ],
            [
              128.57965763802855,
              35.86403913675461
            ],
            [
              128.57967071561464,
              35.86404365866986
            ],
            [
              128.57969722016668,
              35.8640528201655
            ],
            [
              128.57978661540002,
              35.86408371386614
            ],
            [
              128.57980643213153,
              35.864090567942974
            ],
            [
              128.57995988155383,
              35.86414371153797
            ],
            [
              128.57997753542762,
              35.864149683466
            ],
            [
              128.57998015940265,
              35.864150590290464
            ],
            [
              128.58003903304007,
              35.86417093581301
            ],
            [
              128.58008213781585,
              35.86418611828096
            ],
            [
              128.5801386848953,
              35.86420575981446
            ],
            [
              128.58016951904332,
              35.86421646902836
            ],
            [
              128.5803155789878,
              35.864259153747554
            ],
            [
              128.58056368883075,
              35.864331658321035
            ],
            [
              128.58067558427356,
              35.864364357646764
            ],
            [
              128.58078003424515,
              35.864395722822294
            ],
            [
              128.5807866904377,
              35.86439781587276
            ],
            [
              128.58080089934302,
              35.86440228240712
            ],
            [
              128.58082795340576,
              35.86441078417117
            ],
            [
              128.5809505186874,
              35.86444929428712
            ],
            [
              128.5809961033844,
              35.864464048404905
            ],
            [
              128.58099733562673,
              35.86446621369209
            ],
            [
              128.58100258463446,
              35.86447544174922
            ],
            [
              128.58101648448087,
              35.86447215578493
            ],
            [
              128.58102098012534,
              35.86447109295594
            ],
            [
              128.58107140470136,
              35.86448745696013
            ],
            [
              128.58114749885848,
              35.86451215297815
            ],
            [
              128.5811632931775,
              35.86451771051822
            ],
            [
              128.58117789889053,
              35.864522847806185
            ],
            [
              128.5811787114856,
              35.86452249429213
            ],
            [
              128.58119125495176,
              35.86451703692715
            ],
            [
              128.5811944427587,
              35.86452748711483
            ],
            [
              128.58128558053406,
              35.86455628409649
            ],
            [
              128.58140181258656,
              35.864593126962234
            ],
            [
              128.58146777173621,
              35.86461417702729
            ],
            [
              128.58160742137582,
              35.86465874353665
            ],
            [
              128.5816651941254,
              35.86467332995956
            ],
            [
              128.581690382887,
              35.86467968997879
            ],
            [
              128.58173665282754,
              35.86469138314382
            ],
            [
              128.5818106116802,
              35.864715081001364
            ],
            [
              128.58189320971346,
              35.864741546343666
            ],
            [
              128.5818937071571,
              35.86474408247079
            ],
            [
              128.58189460680725,
              35.864748666935135
            ],
            [
              128.5819032148467,
              35.86474702790115
            ],
            [
              128.58190872745288,
              35.86474597932067
            ],
            [
              128.58199923140444,
              35.86477406652365
            ],
            [
              128.58203124821924,
              35.864784072201275
            ],
            [
              128.58219743131463,
              35.86483560522184
            ],
            [
              128.5823413098951,
              35.86487980009537
            ],
            [
              128.5823431784577,
              35.86488037468582
            ],
            [
              128.58235857790945,
              35.86488506471403
            ]
          ]
        ]
      }
    },
    {
      "type": "Feature",
      "properties": {
        "officialCode": "22010680",
        "officialName": "대봉1동",
        "sourceFields": {
          "BASE_DATE": "20250630",
          "ADM_CD": "22010680",
          "ADM_NM": "대봉1동"
        }
      },
      "geometry": {
        "type": "Polygon",
        "coordinates": [
          [
            [
              128.59946547297076,
              35.86384914867432
            ],
            [
              128.5994725836416,
              35.863847388657696
            ],
            [
              128.59947368048563,
              35.863856554721025
            ],
            [
              128.59949902906985,
              35.86385131183452
            ],
            [
              128.5995165075797,
              35.86384769707244
            ],
            [
              128.599518809193,
              35.863847221618876
            ],
            [
              128.5995613225379,
              35.86383842272289
            ],
            [
              128.60025414507285,
              35.86369504176622
            ],
            [
              128.60028002088302,
              35.86368964783371
            ],
            [
              128.60038974171843,
              35.863666770939155
            ],
            [
              128.60045603803732,
              35.863652948546346
            ],
            [
              128.600480389626,
              35.86364770196476
            ],
            [
              128.60049528408305,
              35.8636444875857
            ],
            [
              128.60052043283724,
              35.86363906059334
            ],
            [
              128.60057864110453,
              35.863626801609136
            ],
            [
              128.6010430762897,
              35.863528985231405
            ],
            [
              128.60110493536862,
              35.863515956857114
            ],
            [
              128.6014808688929,
              35.86343677024191
            ],
            [
              128.60153895317038,
              35.86342453717493
            ],
            [
              128.60176481970888,
              35.863376965827634
            ],
            [
              128.60186183754578,
              35.86335652832534
            ],
            [
              128.60212233625984,
              35.86330384684645
            ],
            [
              128.60212941362283,
              35.86330240883656
            ],
            [
              128.60222223510536,
              35.8632837594758
            ],
            [
              128.602269519691,
              35.86327355448915
            ],
            [
              128.60232497128465,
              35.86326157870473
            ],
            [
              128.60233609560757,
              35.86325917583995
            ],
            [
              128.60233684873546,
              35.863259014761994
            ],
            [
              128.60253504852162,
              35.863217602879566
            ],
            [
              128.60267409163154,
              35.86318855226171
            ],
            [
              128.60351554621442,
              35.86301273478514
            ],
            [
              128.60353894763125,
              35.86300784521894
            ],
            [
              128.60412232992238,
              35.862885947049165
            ],
            [
              128.6043786577941,
              35.86283238665072
            ],
            [
              128.604940027302,
              35.862715057663536
            ],
            [
              128.60495515031894,
              35.86271189833157
            ],
            [
              128.60608141573547,
              35.86247649128306
            ],
            [
              128.60631069089612,
              35.86242856809964
            ],
            [
              128.60659147671268,
              35.862369877770234
            ],
            [
              128.60689543336005,
              35.862306342871044
            ],
            [
              128.60720938886172,
              35.86224172152951
            ],
            [
              128.60765722181665,
              35.862149543048616
            ],
            [
              128.6076593709579,
              35.862149101301824
            ],
            [
              128.60827587502465,
              35.86202220214575
            ],
            [
              128.60846298799999,
              35.86198368666138
            ],
            [
              128.60850614408605,
              35.86197505899468
            ],
            [
              128.60850690102032,
              35.86197580932206
            ],
            [
              128.60905384725234,
              35.86186423444962
            ],
            [
              128.6092340591128,
              35.861828157094905
            ],
            [
              128.60941219001418,
              35.861792497178726
            ],
            [
              128.60951074592748,
              35.86177279933729
            ],
            [
              128.60951807605167,
              35.8617713188907
            ],
            [
              128.60950266353814,
              35.86174509957145
            ],
            [
              128.60940154225855,
              35.86157309226851
            ],
            [
              128.6094065214935,
              35.861445365303496
            ],
            [
              128.6093280528827,
              35.86143101220319
            ],
            [
              128.60938143930485,
              35.86121395865497
            ],
            [
              128.60938142371214,
              35.861213475561826
            ],
            [
              128.60938070816704,
              35.86119089984893
            ],
            [
              128.6093794626149,
              35.861151670872296
            ],
            [
              128.6093782012601,
              35.861111864140206
            ],
            [
              128.60936426701124,
              35.86067266351763
            ],
            [
              128.60903818421738,
              35.860729328910644
            ],
            [
              128.60878193656853,
              35.86077385668366
            ],
            [
              128.60866771451006,
              35.86079370751465
            ],
            [
              128.60861643199766,
              35.860678905253835
            ],
            [
              128.6085319511142,
              35.86048978612009
            ],
            [
              128.60847300298946,
              35.86035782206608
            ],
            [
              128.6084030819256,
              35.86020129157969
            ],
            [
              128.60834789974857,
              35.86007775567191
            ],
            [
              128.60822406911333,
              35.859807812749395
            ],
            [
              128.60820950193227,
              35.85974137848382
            ],
            [
              128.60817427829568,
              35.85958072497296
            ],
            [
              128.60814479044618,
              35.85944623686941
            ],
            [
              128.6080981427194,
              35.85911472004555
            ],
            [
              128.60804875187364,
              35.858763688923204
            ],
            [
              128.6080320534437,
              35.858644998089254
            ],
            [
              128.60802504619008,
              35.85858515029432
            ],
            [
              128.60799117509433,
              35.85829577266561
            ],
            [
              128.60799114178704,
              35.85828319347284
            ],
            [
              128.60798898892426,
              35.85742892430807
            ],
            [
              128.60800024996558,
              35.85727813419352
            ],
            [
              128.60801892961533,
              35.85702800550274
            ],
            [
              128.6080364520753,
              35.85679842326556
            ],
            [
              128.60809142350408,
              35.85607818256927
            ],
            [
              128.60809307131433,
              35.85605661100693
            ],
            [
              128.60811269011103,
              35.85580158442068
            ],
            [
              128.6081236034375,
              35.85567485476673
            ],
            [
              128.60812740107082,
              35.85563078290638
            ],
            [
              128.60818154500475,
              35.85534634801911
            ],
            [
              128.608244103437,
              35.855017707584324
            ],
            [
              128.60828749451767,
              35.85495780687396
            ],
            [
              128.60832566340696,
              35.85490510912618
            ],
            [
              128.6083138230505,
              35.854905779126746
            ],
            [
              128.60831015358679,
              35.85490598247149
            ],
            [
              128.6082751337863,
              35.85490796349881
            ],
            [
              128.6080764988126,
              35.8549191872686
            ],
            [
              128.60745331858513,
              35.854954399071524
            ],
            [
              128.60731170865986,
              35.85496240024081
            ],
            [
              128.6072946485439,
              35.85496336437661
            ],
            [
              128.60730104398877,
              35.854947831006186
            ],
            [
              128.60724952917508,
              35.85495080131396
            ],
            [
              128.6071489944942,
              35.85495394566386
            ],
            [
              128.6069764838377,
              35.85496978358841
            ],
            [
              128.60692455211745,
              35.85497455170864
            ],
            [
              128.60689288295873,
              35.854977458020585
            ],
            [
              128.60688855173478,
              35.85497785674711
            ],
            [
              128.60647731159347,
              35.855015606755835
            ],
            [
              128.60644584591805,
              35.85501849484797
            ],
            [
              128.60604903311568,
              35.855041490777566
            ],
            [
              128.60601358424395,
              35.85504376449822
            ],
            [
              128.6059836654987,
              35.855045685276444
            ],
            [
              128.6058459927425,
              35.855054521188706
            ],
            [
              128.60576789182133,
              35.85505928625982
            ],
            [
              128.6057494104982,
              35.855060547249415
            ],
            [
              128.60547287651005,
              35.855076620927214
            ],
            [
              128.60543196048684,
              35.85508003747635
            ],
            [
              128.60534798874696,
              35.85508471023927
            ],
            [
              128.60534728275974,
              35.85508475099403
            ],
            [
              128.60521308287807,
              35.855092793310824
            ],
            [
              128.60519808718064,
              35.855093691276814
            ],
            [
              128.60509182038533,
              35.85510005112369
            ],
            [
              128.60501441857383,
              35.85510468576083
            ],
            [
              128.6049874543257,
              35.855076113495414
            ],
            [
              128.60498382578396,
              35.85508724691377
            ],
            [
              128.6050018505053,
              35.855105431548864
            ],
            [
              128.60498189298238,
              35.85510661674311
            ],
            [
              128.6049430667383,
              35.855108920309476
            ],
            [
              128.60487541298124,
              35.85511293778936
            ],
            [
              128.60478362571016,
              35.85511847540867
            ],
            [
              128.60475130263504,
              35.85512079574475
            ],
            [
              128.60473630859744,
              35.85512141505489
            ],
            [
              128.60455660030559,
              35.85513186574496
            ],
            [
              128.60452065635954,
              35.85513414267567
            ],
            [
              128.604091953676,
              35.85516131917488
            ],
            [
              128.60406608309972,
              35.855162958851594
            ],
            [
              128.6037196079942,
              35.85518028247642
            ],
            [
              128.6037151762518,
              35.855178864460676
            ],
            [
              128.6036458758292,
              35.855156693342074
            ],
            [
              128.60359188295178,
              35.85513941950814
            ],
            [
              128.6036038269341,
              35.85516148103665
            ],
            [
              128.60354188798067,
              35.85518239285694
            ],
            [
              128.60351795415326,
              35.855190892652146
            ],
            [
              128.60348877355085,
              35.85520125457918
            ],
            [
              128.60348921544102,
              35.855197739833095
            ],
            [
              128.60291598980214,
              35.85523205186317
            ],
            [
              128.60277757399416,
              35.855239103284575
            ],
            [
              128.60275220808361,
              35.85525535599417
            ],
            [
              128.60270922817992,
              35.85528288754591
            ],
            [
              128.60265671275988,
              35.85530447874725
            ],
            [
              128.6026315991613,
              35.85531112476173
            ],
            [
              128.60258606749122,
              35.85531321593452
            ],
            [
              128.60251430226154,
              35.8553293687993
            ],
            [
              128.60250441470032,
              35.85533159263401
            ],
            [
              128.60248897799954,
              35.855334238834395
            ],
            [
              128.6024862029076,
              35.85535008853999
            ],
            [
              128.6024639173603,
              35.85546404509179
            ],
            [
              128.60246042113346,
              35.8554697245672
            ],
            [
              128.60245116988102,
              35.855518865323226
            ],
            [
              128.60245224463492,
              35.855526421380304
            ],
            [
              128.6024507338728,
              35.855534085909824
            ],
            [
              128.60244740505843,
              35.85555329631393
            ],
            [
              128.60243982072168,
              35.85558909486369
            ],
            [
              128.60241887037097,
              35.855710870130544
            ],
            [
              128.60241379439876,
              35.855738749769756
            ],
            [
              128.60240990973168,
              35.855745170286674
            ],
            [
              128.60239599166493,
              35.85580887443759
            ],
            [
              128.60239477733884,
              35.855814433800525
            ],
            [
              128.6023959052615,
              35.85582183069476
            ],
            [
              128.60239172497143,
              35.85584081450322
            ],
            [
              128.60238886905077,
              35.855853868298
            ],
            [
              128.60236962547273,
              35.855937511599684
            ],
            [
              128.60235825803124,
              35.85598595231577
            ],
            [
              128.6023529079093,
              35.85600875145336
            ],
            [
              128.60234094567667,
              35.85602239187402
            ],
            [
              128.60232767309716,
              35.85607977193719
            ],
            [
              128.60230887419107,
              35.85619234231133
            ],
            [
              128.6023054014702,
              35.85620580205695
            ],
            [
              128.6022903143369,
              35.856264268017576
            ],
            [
              128.60228489114326,
              35.856282911615416
            ],
            [
              128.60227313197268,
              35.85632338249063
            ],
            [
              128.6021978124187,
              35.85634317223222
            ],
            [
              128.60218513852294,
              35.85638861008851
            ],
            [
              128.6022237338786,
              35.85648829345489
            ],
            [
              128.60222869816184,
              35.856501136657386
            ],
            [
              128.6022218652214,
              35.85652098685539
            ],
            [
              128.60221547729603,
              35.85653954373486
            ],
            [
              128.60217315555292,
              35.85669820322628
            ],
            [
              128.60215687813965,
              35.85674446029974
            ],
            [
              128.60214731796145,
              35.85677162735554
            ],
            [
              128.60214482448356,
              35.85678110762805
            ],
            [
              128.6021408581311,
              35.85679619290717
            ],
            [
              128.60211678293336,
              35.85687021031794
            ],
            [
              128.60208395767623,
              35.856969760922176
            ],
            [
              128.60207533744872,
              35.856997150149326
            ],
            [
              128.602042944546,
              35.85710602074094
            ],
            [
              128.602018933738,
              35.8571767017558
            ],
            [
              128.6020162465141,
              35.85718498832974
            ],
            [
              128.60199110671064,
              35.857259879175636
            ],
            [
              128.60196807432268,
              35.85732844335009
            ],
            [
              128.6019652389042,
              35.85733930614633
            ],
            [
              128.6019428579133,
              35.8574098081106
            ],
            [
              128.6019283349043,
              35.85741560674117
            ],
            [
              128.60184845217762,
              35.85766023656706
            ],
            [
              128.60184502362904,
              35.857670736060726
            ],
            [
              128.60184638767612,
              35.857688634002166
            ],
            [
              128.6018421683177,
              35.85770176970651
            ],
            [
              128.60184018793632,
              35.857707837357616
            ],
            [
              128.60180797996486,
              35.85780674571395
            ],
            [
              128.60180498407536,
              35.85781577890306
            ],
            [
              128.60177826060317,
              35.85789918325901
            ],
            [
              128.60177580366178,
              35.85790682760538
            ],
            [
              128.60175035909404,
              35.857903546660346
            ],
            [
              128.60171003396596,
              35.85801836898972
            ],
            [
              128.60166036062108,
              35.85815986051487
            ],
            [
              128.60158353688848,
              35.85836922811447
            ],
            [
              128.60153571004776,
              35.85849732526111
            ],
            [
              128.6014955119366,
              35.8586019992569
            ],
            [
              128.6014845291496,
              35.85863059655604
            ],
            [
              128.60147850873255,
              35.858646362390715
            ],
            [
              128.6013768023618,
              35.858912687930975
            ],
            [
              128.6013706496096,
              35.85893017876141
            ],
            [
              128.60136167462,
              35.85895397124416
            ],
            [
              128.6013573511862,
              35.85896543818963
            ],
            [
              128.6013504149086,
              35.85898329231931
            ],
            [
              128.60127103251594,
              35.8591876253936
            ],
            [
              128.6012371262942,
              35.859274903664165
            ],
            [
              128.6012276109362,
              35.85930711537599
            ],
            [
              128.6012146737285,
              35.85934111469762
            ],
            [
              128.60121134891435,
              35.85935007695765
            ],
            [
              128.60120534841164,
              35.85936624920003
            ],
            [
              128.60119222061573,
              35.85940184422922
            ],
            [
              128.6011470396128,
              35.859523302191256
            ],
            [
              128.60109002803418,
              35.859678552758766
            ],
            [
              128.60104040804245,
              35.85981428163077
            ],
            [
              128.60101129078697,
              35.85989255170298
            ],
            [
              128.60099479514145,
              35.85993689568705
            ],
            [
              128.60088893715934,
              35.8602190217584
            ],
            [
              128.60086333925693,
              35.86028687534137
            ],
            [
              128.60083757461877,
              35.86035516860589
            ],
            [
              128.6008169044582,
              35.86040983945077
            ],
            [
              128.6008139940234,
              35.86041753841878
            ],
            [
              128.60078862673728,
              35.860484618133846
            ],
            [
              128.60078163679518,
              35.860503094798524
            ],
            [
              128.60073439364314,
              35.86062800914848
            ],
            [
              128.6006540730718,
              35.86084041035499
            ],
            [
              128.60063510485793,
              35.86089050907536
            ],
            [
              128.60052596510675,
              35.86117720874773
            ],
            [
              128.60051322551766,
              35.86120968253738
            ],
            [
              128.60046113799345,
              35.861226658284764
            ],
            [
              128.60045041326558,
              35.86122678537636
            ],
            [
              128.6004252597457,
              35.861227086108
            ],
            [
              128.60042302220614,
              35.86123299200514
            ],
            [
              128.60042158249655,
              35.86123684404679
            ],
            [
              128.60041757737744,
              35.86124756064518
            ],
            [
              128.60041443306756,
              35.86125597217676
            ],
            [
              128.60040799292761,
              35.861273211346365
            ],
            [
              128.60040825109624,
              35.86127362009416
            ],
            [
              128.60040787336033,
              35.86127353520104
            ],
            [
              128.60039625073244,
              35.86130461214366
            ],
            [
              128.60039916604183,
              35.861314086107434
            ],
            [
              128.6003866333595,
              35.86134695106965
            ],
            [
              128.60034549406532,
              35.8614556939167
            ],
            [
              128.6003191552334,
              35.861518961603785
            ],
            [
              128.60029633235854,
              35.86157378369962
            ],
            [
              128.6002911197308,
              35.86158784713486
            ],
            [
              128.60025752098878,
              35.86167852749876
            ],
            [
              128.60024855537512,
              35.861702722805866
            ],
            [
              128.60015690988058,
              35.861950051140916
            ],
            [
              128.60015144960593,
              35.8619647912064
            ],
            [
              128.60015069608298,
              35.861966846457264
            ],
            [
              128.59994016113274,
              35.86253502052958
            ],
            [
              128.59992024709064,
              35.8625891884284
            ],
            [
              128.59968977338937,
              35.86321608664836
            ],
            [
              128.59968721677993,
              35.863221993648494
            ],
            [
              128.5996777824485,
              35.86324379233978
            ],
            [
              128.59959640238262,
              35.86343183416309
            ],
            [
              128.59947311956395,
              35.863601374416845
            ],
            [
              128.59943402079364,
              35.86365514532258
            ],
            [
              128.59940272826918,
              35.863698181094406
            ],
            [
              128.59939146988884,
              35.863713662979926
            ],
            [
              128.59932423311105,
              35.8637975033215
            ],
            [
              128.5991216418573,
              35.86397165468561
            ],
            [
              128.59914479723687,
              35.86396206116556
            ],
            [
              128.59914550315617,
              35.86396176891135
            ],
            [
              128.5992717123597,
              35.863909481961464
            ],
            [
              128.59927361534787,
              35.86390869281034
            ],
            [
              128.59931938420766,
              35.863889730647806
            ],
            [
              128.59934544023233,
              35.86387893130157
            ],
            [
              128.59939956132555,
              35.863865506703505
            ],
            [
              128.5994537993893,
              35.86385205216064
            ],
            [
              128.59945690545683,
              35.86385128174733
            ],
            [
              128.59945887460427,
              35.86385079220806
            ],
            [
              128.59946547297076,
              35.86384914867432
            ]
          ]
        ]
      }
    },
    {
      "type": "Feature",
      "properties": {
        "officialCode": "22010690",
        "officialName": "대봉2동",
        "sourceFields": {
          "BASE_DATE": "20250630",
          "ADM_CD": "22010690",
          "ADM_NM": "대봉2동"
        }
      },
      "geometry": {
        "type": "Polygon",
        "coordinates": [
          [
            [
              128.6008169044582,
              35.86040983945077
            ],
            [
              128.60083757461877,
              35.86035516860589
            ],
            [
              128.60086333925693,
              35.86028687534137
            ],
            [
              128.60088893715934,
              35.8602190217584
            ],
            [
              128.60099479514145,
              35.85993689568705
            ],
            [
              128.60101129078697,
              35.85989255170298
            ],
            [
              128.60104040804245,
              35.85981428163077
            ],
            [
              128.60109002803418,
              35.859678552758766
            ],
            [
              128.6011470396128,
              35.859523302191256
            ],
            [
              128.60119222061573,
              35.85940184422922
            ],
            [
              128.60120534841164,
              35.85936624920003
            ],
            [
              128.60121134891435,
              35.85935007695765
            ],
            [
              128.6012146737285,
              35.85934111469762
            ],
            [
              128.6012276109362,
              35.85930711537599
            ],
            [
              128.6012371262942,
              35.859274903664165
            ],
            [
              128.60127103251594,
              35.8591876253936
            ],
            [
              128.6013504149086,
              35.85898329231931
            ],
            [
              128.6013573511862,
              35.85896543818963
            ],
            [
              128.60136167462,
              35.85895397124416
            ],
            [
              128.6013706496096,
              35.85893017876141
            ],
            [
              128.6013768023618,
              35.858912687930975
            ],
            [
              128.60147850873255,
              35.858646362390715
            ],
            [
              128.6014845291496,
              35.85863059655604
            ],
            [
              128.6014955119366,
              35.8586019992569
            ],
            [
              128.60153571004776,
              35.85849732526111
            ],
            [
              128.60158353688848,
              35.85836922811447
            ],
            [
              128.60166036062108,
              35.85815986051487
            ],
            [
              128.60171003396596,
              35.85801836898972
            ],
            [
              128.60175035909404,
              35.857903546660346
            ],
            [
              128.60177580366178,
              35.85790682760538
            ],
            [
              128.60177826060317,
              35.85789918325901
            ],
            [
              128.60180498407536,
              35.85781577890306
            ],
            [
              128.60180797996486,
              35.85780674571395
            ],
            [
              128.60184018793632,
              35.857707837357616
            ],
            [
              128.6018421683177,
              35.85770176970651
            ],
            [
              128.60184638767612,
              35.857688634002166
            ],
            [
              128.60184502362904,
              35.857670736060726
            ],
            [
              128.60184845217762,
              35.85766023656706
            ],
            [
              128.6019283349043,
              35.85741560674117
            ],
            [
              128.6019428579133,
              35.8574098081106
            ],
            [
              128.6019652389042,
              35.85733930614633
            ],
            [
              128.60196807432268,
              35.85732844335009
            ],
            [
              128.60199110671064,
              35.857259879175636
            ],
            [
              128.6020162465141,
              35.85718498832974
            ],
            [
              128.602018933738,
              35.8571767017558
            ],
            [
              128.602042944546,
              35.85710602074094
            ],
            [
              128.60207533744872,
              35.856997150149326
            ],
            [
              128.60208395767623,
              35.856969760922176
            ],
            [
              128.60211678293336,
              35.85687021031794
            ],
            [
              128.6021408581311,
              35.85679619290717
            ],
            [
              128.60214482448356,
              35.85678110762805
            ],
            [
              128.60214731796145,
              35.85677162735554
            ],
            [
              128.60215687813965,
              35.85674446029974
            ],
            [
              128.60217315555292,
              35.85669820322628
            ],
            [
              128.60221547729603,
              35.85653954373486
            ],
            [
              128.6022218652214,
              35.85652098685539
            ],
            [
              128.60222869816184,
              35.856501136657386
            ],
            [
              128.6022237338786,
              35.85648829345489
            ],
            [
              128.60218513852294,
              35.85638861008851
            ],
            [
              128.6021978124187,
              35.85634317223222
            ],
            [
              128.60227313197268,
              35.85632338249063
            ],
            [
              128.60228489114326,
              35.856282911615416
            ],
            [
              128.6022903143369,
              35.856264268017576
            ],
            [
              128.6023054014702,
              35.85620580205695
            ],
            [
              128.60230887419107,
              35.85619234231133
            ],
            [
              128.60232767309716,
              35.85607977193719
            ],
            [
              128.60234094567667,
              35.85602239187402
            ],
            [
              128.6023529079093,
              35.85600875145336
            ],
            [
              128.60235825803124,
              35.85598595231577
            ],
            [
              128.60236962547273,
              35.855937511599684
            ],
            [
              128.60238886905077,
              35.855853868298
            ],
            [
              128.60239172497143,
              35.85584081450322
            ],
            [
              128.6023959052615,
              35.85582183069476
            ],
            [
              128.60239477733884,
              35.855814433800525
            ],
            [
              128.60239599166493,
              35.85580887443759
            ],
            [
              128.60240990973168,
              35.855745170286674
            ],
            [
              128.60241379439876,
              35.855738749769756
            ],
            [
              128.60241887037097,
              35.855710870130544
            ],
            [
              128.60243982072168,
              35.85558909486369
            ],
            [
              128.60244740505843,
              35.85555329631393
            ],
            [
              128.6024507338728,
              35.855534085909824
            ],
            [
              128.60245224463492,
              35.855526421380304
            ],
            [
              128.60245116988102,
              35.855518865323226
            ],
            [
              128.60246042113346,
              35.8554697245672
            ],
            [
              128.6024639173603,
              35.85546404509179
            ],
            [
              128.6024862029076,
              35.85535008853999
            ],
            [
              128.60248897799954,
              35.855334238834395
            ],
            [
              128.60250441470032,
              35.85533159263401
            ],
            [
              128.60251430226154,
              35.8553293687993
            ],
            [
              128.60258606749122,
              35.85531321593452
            ],
            [
              128.6026315991613,
              35.85531112476173
            ],
            [
              128.60265671275988,
              35.85530447874725
            ],
            [
              128.60270922817992,
              35.85528288754591
            ],
            [
              128.60275220808361,
              35.85525535599417
            ],
            [
              128.60277757399416,
              35.855239103284575
            ],
            [
              128.6027553048566,
              35.85524042743241
            ],
            [
              128.60274721723093,
              35.85524083434376
            ],
            [
              128.60268537587976,
              35.8552439452637
            ],
            [
              128.60250326333485,
              35.855255239882894
            ],
            [
              128.602406277999,
              35.855260185983646
            ],
            [
              128.60233405002393,
              35.85526387166084
            ],
            [
              128.60215353127148,
              35.85527470575462
            ],
            [
              128.60211331241996,
              35.855276262968154
            ],
            [
              128.60207561880318,
              35.8552779178134
            ],
            [
              128.60205121123258,
              35.85528020808859
            ],
            [
              128.60205002398214,
              35.85526620147156
            ],
            [
              128.60105133651658,
              35.85532795903842
            ],
            [
              128.60100600621703,
              35.85533076180538
            ],
            [
              128.6005794927371,
              35.855357134885445
            ],
            [
              128.60052809432528,
              35.85536031401695
            ],
            [
              128.6004962700412,
              35.85536228244014
            ],
            [
              128.60047696803397,
              35.8553634707995
            ],
            [
              128.60046499059936,
              35.85537634845313
            ],
            [
              128.60045575682815,
              35.8553737175225
            ],
            [
              128.600434823223,
              35.85536775158679
            ],
            [
              128.6000986021882,
              35.85539146932635
            ],
            [
              128.60008941333967,
              35.85539216923348
            ],
            [
              128.5999720437628,
              35.8554011172404
            ],
            [
              128.5998513894499,
              35.85540902324436
            ],
            [
              128.59919788932254,
              35.85545187618037
            ],
            [
              128.59877874881377,
              35.85547935466346
            ],
            [
              128.59875519635312,
              35.855481427286655
            ],
            [
              128.59873749102042,
              35.855483001058715
            ],
            [
              128.5986709413298,
              35.85548730336903
            ],
            [
              128.59819105224278,
              35.85551833212199
            ],
            [
              128.59811020026885,
              35.85552356003526
            ],
            [
              128.5980809112053,
              35.85552395035121
            ],
            [
              128.59808641156303,
              35.85555644472585
            ],
            [
              128.59807326689153,
              35.85560059183009
            ],
            [
              128.59805016883638,
              35.855656416800734
            ],
            [
              128.5980445790786,
              35.85566642475889
            ],
            [
              128.59803999549462,
              35.85567462940898
            ],
            [
              128.59801102510286,
              35.85575322203861
            ],
            [
              128.59798610287856,
              35.855820845302496
            ],
            [
              128.59799103420752,
              35.85578975218339
            ],
            [
              128.59799452847375,
              35.85576768422844
            ],
            [
              128.5979936369725,
              35.855762063012286
            ],
            [
              128.5979873733017,
              35.85572264078222
            ],
            [
              128.5979784587801,
              35.85571633467421
            ],
            [
              128.59795590262016,
              35.855724969534016
            ],
            [
              128.59791676302925,
              35.85574747503479
            ],
            [
              128.59787763966463,
              35.855787944933255
            ],
            [
              128.5978700557137,
              35.85579621305753
            ],
            [
              128.59783831946558,
              35.8557985604337
            ],
            [
              128.59776596665202,
              35.8558583875875
            ],
            [
              128.59769709431842,
              35.85588269734989
            ],
            [
              128.59767933304627,
              35.855888977640504
            ],
            [
              128.5975912173944,
              35.85597281670577
            ],
            [
              128.5975003663222,
              35.8560075003946
            ],
            [
              128.59709447102878,
              35.856162464770996
            ],
            [
              128.5970731238658,
              35.856170688131655
            ],
            [
              128.5970110167804,
              35.8561946120643
            ],
            [
              128.59701431212085,
              35.85621499337726
            ],
            [
              128.59701808242343,
              35.856238338300905
            ],
            [
              128.59684893005686,
              35.85629765944929
            ],
            [
              128.5967675477722,
              35.85632619853298
            ],
            [
              128.59669643798227,
              35.85633461374826
            ],
            [
              128.59630799315465,
              35.85638059473593
            ],
            [
              128.59603498178495,
              35.85641291035451
            ],
            [
              128.5959547952282,
              35.85642206517867
            ],
            [
              128.5958842042199,
              35.85643012627665
            ],
            [
              128.5951262584683,
              35.85651667099279
            ],
            [
              128.5947636824334,
              35.85655806925957
            ],
            [
              128.59470535266922,
              35.85656472960155
            ],
            [
              128.59467374848936,
              35.85656833532748
            ],
            [
              128.59467556221907,
              35.856577817678705
            ],
            [
              128.59469924383586,
              35.85670165889225
            ],
            [
              128.5947205707637,
              35.85680888770081
            ],
            [
              128.59474009202188,
              35.8569070560121
            ],
            [
              128.59472851631722,
              35.85690896281684
            ],
            [
              128.59466814718738,
              35.856918908091416
            ],
            [
              128.59465902409457,
              35.85692408505331
            ],
            [
              128.59463065470376,
              35.856940175902785
            ],
            [
              128.5946250193291,
              35.85694335928132
            ],
            [
              128.59458453320508,
              35.856988705373325
            ],
            [
              128.59456794593518,
              35.8570072718415
            ],
            [
              128.59452485048948,
              35.85707742747993
            ],
            [
              128.59448943219795,
              35.85711923831737
            ],
            [
              128.59444065625257,
              35.857166425144555
            ],
            [
              128.5944127926728,
              35.85719337968732
            ],
            [
              128.59435509221447,
              35.85727148126131
            ],
            [
              128.59429659134557,
              35.85734872640001
            ],
            [
              128.59425458009105,
              35.8574178623142
            ],
            [
              128.59429248519612,
              35.8574306203872
            ],
            [
              128.59427650756683,
              35.85745584381881
            ],
            [
              128.59421127945018,
              35.85756321373689
            ],
            [
              128.5941871155832,
              35.85760586862221
            ],
            [
              128.59417426990146,
              35.857632545686016
            ],
            [
              128.5941697841209,
              35.85764186002597
            ],
            [
              128.59416479225663,
              35.85765222478889
            ],
            [
              128.5941425079935,
              35.85769949117499
            ],
            [
              128.5941363840562,
              35.85771499794802
            ],
            [
              128.5941189562204,
              35.85774559165794
            ],
            [
              128.59411652653802,
              35.85779862934235
            ],
            [
              128.59411644640042,
              35.85780504740316
            ],
            [
              128.59411628609493,
              35.85781755896213
            ],
            [
              128.59411612128446,
              35.85783070977081
            ],
            [
              128.5941156925272,
              35.857864464617066
            ],
            [
              128.59409056659663,
              35.85791577784653
            ],
            [
              128.59403259924227,
              35.858034156350456
            ],
            [
              128.5940430539704,
              35.85814634189339
            ],
            [
              128.59404828341576,
              35.858270282724476
            ],
            [
              128.59405055663592,
              35.858324164714595
            ],
            [
              128.5940492396427,
              35.85838693275463
            ],
            [
              128.5940400662437,
              35.85844197741956
            ],
            [
              128.5940723176854,
              35.85843980124988
            ],
            [
              128.5940903227134,
              35.85844023591773
            ],
            [
              128.59411791969285,
              35.85844090598698
            ],
            [
              128.59411937961315,
              35.85841416854021
            ],
            [
              128.5942533708312,
              35.85842493175991
            ],
            [
              128.5942633715001,
              35.85842573502102
            ],
            [
              128.5942749199504,
              35.85842666302408
            ],
            [
              128.5942749054884,
              35.858381777906445
            ],
            [
              128.59429745674697,
              35.858382129661855
            ],
            [
              128.59444276258816,
              35.858384387034945
            ],
            [
              128.59450667064385,
              35.85839074686035
            ],
            [
              128.59450667350566,
              35.858392566189764
            ],
            [
              128.59450635488489,
              35.85841055528752
            ],
            [
              128.59450613224126,
              35.858423119703886
            ],
            [
              128.59465783905995,
              35.858427278499384
            ],
            [
              128.59466954528858,
              35.858427599176075
            ],
            [
              128.59468794163823,
              35.858427738983636
            ],
            [
              128.59473762141997,
              35.85842811663259
            ],
            [
              128.594750509585,
              35.858428212860524
            ],
            [
              128.59478523992348,
              35.858428477884026
            ],
            [
              128.5948270368102,
              35.858428794801
            ],
            [
              128.59489815956192,
              35.8584174667063
            ],
            [
              128.5949238383923,
              35.858453893856606
            ],
            [
              128.59493382488017,
              35.85845430951869
            ],
            [
              128.59494495922073,
              35.85847585818799
            ],
            [
              128.5949685267049,
              35.85848809217908
            ],
            [
              128.59498567722585,
              35.8584995119392
            ],
            [
              128.59500889792656,
              35.85851084932247
            ],
            [
              128.59502245789713,
              35.85851743426194
            ],
            [
              128.5950243912145,
              35.85851837319915
            ],
            [
              128.59501408219444,
              35.85853283628375
            ],
            [
              128.5950165483887,
              35.858534029112825
            ],
            [
              128.5950554180442,
              35.8585530945001
            ],
            [
              128.59510143948228,
              35.85857566848125
            ],
            [
              128.59511259224107,
              35.85856087133224
            ],
            [
              128.59516593868838,
              35.85849456188281
            ],
            [
              128.595264856875,
              35.85840108034694
            ],
            [
              128.59526713001847,
              35.85839999397502
            ],
            [
              128.5952677645141,
              35.858399342670936
            ],
            [
              128.59527215588793,
              35.858394845305206
            ],
            [
              128.5952726385937,
              35.85839435045386
            ],
            [
              128.5952771161585,
              35.858389758539566
            ],
            [
              128.5952777113566,
              35.85839059787829
            ],
            [
              128.59528259616138,
              35.858397494482055
            ],
            [
              128.59528857083683,
              35.85840592733084
            ],
            [
              128.59528960093778,
              35.858407385684956
            ],
            [
              128.59529146172468,
              35.85840788261143
            ],
            [
              128.5954220858284,
              35.85844259911469
            ],
            [
              128.59542972001879,
              35.858444626542074
            ],
            [
              128.59545327847678,
              35.85845088766124
            ],
            [
              128.59546169078445,
              35.858453123465125
            ],
            [
              128.5954633759161,
              35.85845357150306
            ],
            [
              128.59547672582352,
              35.85845728322033
            ],
            [
              128.59556122785244,
              35.85848077913959
            ],
            [
              128.5955562026492,
              35.85848999927622
            ],
            [
              128.59555136762629,
              35.858498875084216
            ],
            [
              128.59555032847098,
              35.85850078325326
            ],
            [
              128.5955061775427,
              35.85858179466098
            ],
            [
              128.5955020952953,
              35.858589359941654
            ],
            [
              128.5954589894698,
              35.85866922402845
            ],
            [
              128.59545176000242,
              35.8586818018482
            ],
            [
              128.5954484071857,
              35.8586887744595
            ],
            [
              128.5954448411885,
              35.85869619078069
            ],
            [
              128.59544363873817,
              35.85869862695087
            ],
            [
              128.59542947875147,
              35.85872731940058
            ],
            [
              128.59542789272126,
              35.85873053260965
            ],
            [
              128.595427736519,
              35.85873173671966
            ],
            [
              128.5954255867106,
              35.85873711882179
            ],
            [
              128.5954265767714,
              35.858740496066865
            ],
            [
              128.59542445405134,
              35.85875653981214
            ],
            [
              128.59541633486094,
              35.85876305281045
            ],
            [
              128.59541284271495,
              35.85876585605829
            ],
            [
              128.59540849824333,
              35.85876933603769
            ],
            [
              128.5954308059665,
              35.85877548324704
            ],
            [
              128.59543144852807,
              35.85877565950385
            ],
            [
              128.5954720016894,
              35.85878682883654
            ],
            [
              128.59554254770137,
              35.85880536269652
            ],
            [
              128.59557354577643,
              35.85881350422642
            ],
            [
              128.59563266298417,
              35.85872231288941
            ],
            [
              128.59568106006725,
              35.858632775392564
            ],
            [
              128.59573062891093,
              35.85854115539564
            ],
            [
              128.59579204606163,
              35.85842993189825
            ],
            [
              128.5958073767439,
              35.858400855480426
            ],
            [
              128.59582017302642,
              35.85837657505524
            ],
            [
              128.59583313595695,
              35.858352172299085
            ],
            [
              128.59585305505786,
              35.858359067879114
            ],
            [
              128.59594128904465,
              35.85838962118821
            ],
            [
              128.59594882739626,
              35.85839208761669
            ],
            [
              128.5959403840147,
              35.85839934108652
            ],
            [
              128.5959380618218,
              35.85840346077824
            ],
            [
              128.59593255554088,
              35.85841296840983
            ],
            [
              128.5959310947432,
              35.85842769074454
            ],
            [
              128.59591466535832,
              35.85847043678911
            ],
            [
              128.59587865191045,
              35.858461277250804
            ],
            [
              128.59587466244307,
              35.85846833862518
            ],
            [
              128.5958669840559,
              35.85848192851262
            ],
            [
              128.5958517305455,
              35.85850776040816
            ],
            [
              128.59585050742857,
              35.85851159058807
            ],
            [
              128.59584899959987,
              35.85851629968475
            ],
            [
              128.59584372882995,
              35.85853278056089
            ],
            [
              128.59589385358922,
              35.8585452851106
            ],
            [
              128.59589489377598,
              35.85854554428791
            ],
            [
              128.59582322241727,
              35.85874326901705
            ],
            [
              128.5958295489093,
              35.858744749377365
            ],
            [
              128.59578369785905,
              35.85884883477775
            ],
            [
              128.59579223515448,
              35.85885097475372
            ],
            [
              128.59580024096533,
              35.858853766899465
            ],
            [
              128.59580357441172,
              35.858854883282845
            ],
            [
              128.59581016164282,
              35.858857282663664
            ],
            [
              128.59584284184473,
              35.85886918993745
            ],
            [
              128.59590096941838,
              35.85889036754976
            ],
            [
              128.5959247903543,
              35.858898949509225
            ],
            [
              128.5960330694023,
              35.85893921544403
            ],
            [
              128.59607969967658,
              35.858977176784066
            ],
            [
              128.59615617004482,
              35.8589423819447
            ],
            [
              128.5961595224011,
              35.85893570142509
            ],
            [
              128.59616229207649,
              35.85892997646982
            ],
            [
              128.59618414139825,
              35.85888480712436
            ],
            [
              128.5961941626627,
              35.85887760956219
            ],
            [
              128.5961952681123,
              35.8588768169184
            ],
            [
              128.59625114375882,
              35.85890077549539
            ],
            [
              128.59632957406973,
              35.85895314564686
            ],
            [
              128.59635317269928,
              35.858968902387836
            ],
            [
              128.59637280095464,
              35.858982006895936
            ],
            [
              128.5964334762389,
              35.858995641959
            ],
            [
              128.5964977310212,
              35.858998342616395
            ],
            [
              128.5965458724482,
              35.85901541698523
            ],
            [
              128.59667360212055,
              35.85905456717458
            ],
            [
              128.59669075229925,
              35.85905982540624
            ],
            [
              128.59670327417209,
              35.85906371403827
            ],
            [
              128.5968539527827,
              35.85911051075809
            ],
            [
              128.5968658993974,
              35.859112998186355
            ],
            [
              128.5968560555137,
              35.859128405623366
            ],
            [
              128.59688100275923,
              35.85913560673177
            ],
            [
              128.59684564792067,
              35.8592082024494
            ],
            [
              128.5968162468222,
              35.85926856728603
            ],
            [
              128.59680038128062,
              35.859299642968004
            ],
            [
              128.5967878274607,
              35.85933170357365
            ],
            [
              128.59669752752342,
              35.85949344256226
            ],
            [
              128.5966864020971,
              35.859505066102585
            ],
            [
              128.59666056161672,
              35.85949220227577
            ],
            [
              128.5966530556735,
              35.85950029831319
            ],
            [
              128.59659225365823,
              35.85958394680838
            ],
            [
              128.59651746827325,
              35.859689322557564
            ],
            [
              128.5965020566138,
              35.85970399462094
            ],
            [
              128.59646885402154,
              35.85973974893473
            ],
            [
              128.5963945610802,
              35.85981721312332
            ],
            [
              128.59639223452018,
              35.85982938021667
            ],
            [
              128.59637965966135,
              35.859832749621475
            ],
            [
              128.59636544388738,
              35.85984756942867
            ],
            [
              128.59630111732292,
              35.8599149821343
            ],
            [
              128.59628006701303,
              35.85993100748244
            ],
            [
              128.59626950566113,
              35.85993936758731
            ],
            [
              128.59624333242553,
              35.859960091743666
            ],
            [
              128.59622825086507,
              35.85997236260168
            ],
            [
              128.5962979453902,
              35.85995004673
            ],
            [
              128.59630318526234,
              35.8599483724931
            ],
            [
              128.59645908730394,
              35.85989988268417
            ],
            [
              128.5965074329264,
              35.85992957167383
            ],
            [
              128.5965081131683,
              35.85992999010136
            ],
            [
              128.59653620932434,
              35.8599472429162
            ],
            [
              128.59657759857623,
              35.859923215320926
            ],
            [
              128.5966488881613,
              35.85990012286618
            ],
            [
              128.59684423394114,
              35.85983514172355
            ],
            [
              128.5971448473035,
              35.85974835480637
            ],
            [
              128.59718587469348,
              35.859745825377885
            ],
            [
              128.5974674216668,
              35.859728464462684
            ],
            [
              128.5974803918247,
              35.85972766439457
            ],
            [
              128.59760792576483,
              35.85975820543207
            ],
            [
              128.59761111819407,
              35.859758969640225
            ],
            [
              128.5976304203663,
              35.859763335360554
            ],
            [
              128.59764974695256,
              35.85976770446094
            ],
            [
              128.5978948555812,
              35.8598231061479
            ],
            [
              128.59791572560195,
              35.859827762222096
            ],
            [
              128.59793312837394,
              35.85983164308138
            ],
            [
              128.59794181699462,
              35.85983358137282
            ],
            [
              128.598021573223,
              35.85985137234679
            ],
            [
              128.59803015853845,
              35.85985328813534
            ],
            [
              128.59804942660105,
              35.85985758648241
            ],
            [
              128.59805762973653,
              35.85985941560584
            ],
            [
              128.59811360312383,
              35.85987190272285
            ],
            [
              128.59815549125216,
              35.85988183010657
            ],
            [
              128.59819586992384,
              35.85989160268173
            ],
            [
              128.5981964333292,
              35.85989173997842
            ],
            [
              128.59836711832466,
              35.85993082744063
            ],
            [
              128.5983718246765,
              35.85993190775905
            ],
            [
              128.59880099097796,
              35.860032108329214
            ],
            [
              128.59881150886957,
              35.860034098344876
            ],
            [
              128.59883127878234,
              35.86003783931735
            ],
            [
              128.59891037803934,
              35.86005582683748
            ],
            [
              128.59920730383968,
              35.86012334666421
            ],
            [
              128.59924644263327,
              35.86013241889507
            ],
            [
              128.59924789365246,
              35.860132751818256
            ],
            [
              128.59929859431026,
              35.86014402173238
            ],
            [
              128.5993236080311,
              35.86014958177636
            ],
            [
              128.59934405581677,
              35.8601541260644
            ],
            [
              128.59961030968017,
              35.86021756830663
            ],
            [
              128.5996302009726,
              35.86022231327841
            ],
            [
              128.599768824564,
              35.860255386667355
            ],
            [
              128.5998559593383,
              35.860276020916025
            ],
            [
              128.59987110221084,
              35.86027960753692
            ],
            [
              128.59997827497043,
              35.86030525665187
            ],
            [
              128.6000590435445,
              35.86032458948549
            ],
            [
              128.60035665170372,
              35.86039630418995
            ],
            [
              128.6003812087508,
              35.8604021467779
            ],
            [
              128.60038357557838,
              35.860402711114546
            ],
            [
              128.60038273079823,
              35.86039479772156
            ],
            [
              128.60040632310714,
              35.86039959250933
            ],
            [
              128.6004317281027,
              35.86040476376967
            ],
            [
              128.60045796384242,
              35.860410102317964
            ],
            [
              128.6005023521212,
              35.860419621909685
            ],
            [
              128.60059368727752,
              35.86044027664449
            ],
            [
              128.60060818632303,
              35.86044327223556
            ],
            [
              128.60063140961114,
              35.860447969384616
            ],
            [
              128.60067732532363,
              35.860457417217354
            ],
            [
              128.60070900983618,
              35.860465138204745
            ],
            [
              128.60071269929196,
              35.86046604022289
            ],
            [
              128.60072382884024,
              35.8604687655504
            ],
            [
              128.60078862673728,
              35.860484618133846
            ],
            [
              128.6008139940234,
              35.86041753841878
            ],
            [
              128.6008169044582,
              35.86040983945077
            ]
          ]
        ]
      }
    },
    {
      "type": "Feature",
      "properties": {
        "officialCode": "22010700",
        "officialName": "동인동",
        "sourceFields": {
          "BASE_DATE": "20250630",
          "ADM_CD": "22010700",
          "ADM_NM": "동인동"
        }
      },
      "geometry": {
        "type": "Polygon",
        "coordinates": [
          [
            [
              128.61261745810913,
              35.87380392740772
            ],
            [
              128.61270236209268,
              35.87361138458406
            ],
            [
              128.61274068266778,
              35.873519147134466
            ],
            [
              128.6127509714447,
              35.873494384244545
            ],
            [
              128.61287856139998,
              35.87319644027921
            ],
            [
              128.61289315823953,
              35.87316235319993
            ],
            [
              128.61290810989323,
              35.8731279752338
            ],
            [
              128.61294452748112,
              35.87304424713906
            ],
            [
              128.61316718386672,
              35.87254272699646
            ],
            [
              128.61323670587083,
              35.872383976146715
            ],
            [
              128.61324440476554,
              35.87236595654073
            ],
            [
              128.61330879429747,
              35.872215262672434
            ],
            [
              128.6133497834588,
              35.87211933274027
            ],
            [
              128.6134403277629,
              35.87191207592727
            ],
            [
              128.61354332947374,
              35.871676308028164
            ],
            [
              128.6135079991424,
              35.87162487158373
            ],
            [
              128.613473466042,
              35.87157459796274
            ],
            [
              128.61348106552185,
              35.87140501621648
            ],
            [
              128.6135247805024,
              35.871175341574045
            ],
            [
              128.6135643783878,
              35.87096730104539
            ],
            [
              128.61356935373752,
              35.87094115836536
            ],
            [
              128.6135754290988,
              35.870909244518806
            ],
            [
              128.61358505477773,
              35.87086175486343
            ],
            [
              128.6136050845554,
              35.87076295924182
            ],
            [
              128.6136351255674,
              35.870614787923124
            ],
            [
              128.61364132217813,
              35.870549275410646
            ],
            [
              128.61366739211059,
              35.87027367652707
            ],
            [
              128.61367359080242,
              35.870208157679585
            ],
            [
              128.61369336941863,
              35.86999906839897
            ],
            [
              128.61380246198541,
              35.86976588533299
            ],
            [
              128.6138061992017,
              35.86976588493956
            ],
            [
              128.61399464673033,
              35.8694800991073
            ],
            [
              128.61416222498826,
              35.86922106110172
            ],
            [
              128.61418811897258,
              35.869181306443274
            ],
            [
              128.61432815859328,
              35.86896630610377
            ],
            [
              128.6144490912467,
              35.868661966049174
            ],
            [
              128.61445196692424,
              35.86865470705339
            ],
            [
              128.61453609621276,
              35.8684488981771
            ],
            [
              128.61461276393544,
              35.86826134835484
            ],
            [
              128.61466446497207,
              35.868135535504
            ],
            [
              128.61466815818653,
              35.86812654693637
            ],
            [
              128.61466510352946,
              35.868123871502185
            ],
            [
              128.6144487686801,
              35.867934334139
            ],
            [
              128.61418325249048,
              35.86769238504895
            ],
            [
              128.61408613169962,
              35.86738673724482
            ],
            [
              128.61413323537698,
              35.86718228174492
            ],
            [
              128.61414973213476,
              35.86711067105383
            ],
            [
              128.6141686201519,
              35.86702869187225
            ],
            [
              128.61417790847528,
              35.866981922917944
            ],
            [
              128.61418633281502,
              35.86693950299029
            ],
            [
              128.61419854168804,
              35.86687800339432
            ],
            [
              128.61422018482702,
              35.866769008629554
            ],
            [
              128.61422379579665,
              35.86675082311578
            ],
            [
              128.61422982622585,
              35.86648772606352
            ],
            [
              128.61422891439744,
              35.86640297339972
            ],
            [
              128.6140312751249,
              35.866062220608114
            ],
            [
              128.6139300290217,
              35.865890472765635
            ],
            [
              128.61388519409894,
              35.86580354530758
            ],
            [
              128.6138015595009,
              35.86564137991075
            ],
            [
              128.6137754910027,
              35.86559182300135
            ],
            [
              128.6137074863229,
              35.865454844669024
            ],
            [
              128.61366952807637,
              35.86537838359615
            ],
            [
              128.61366794707388,
              35.865378587580985
            ],
            [
              128.61324109403404,
              35.865464087537724
            ],
            [
              128.61317015206222,
              35.86547829811368
            ],
            [
              128.61302228604677,
              35.865507915942715
            ],
            [
              128.61267511474523,
              35.86557824250141
            ],
            [
              128.6124818266243,
              35.865618691606116
            ],
            [
              128.6124753595025,
              35.86562004794177
            ],
            [
              128.61237077390015,
              35.865640668670245
            ],
            [
              128.61228391257518,
              35.865657843514285
            ],
            [
              128.61220245906736,
              35.865673949463456
            ],
            [
              128.61219209403683,
              35.86567600001234
            ],
            [
              128.61209625152327,
              35.865694233361936
            ],
            [
              128.61208736893525,
              35.86569592217534
            ],
            [
              128.61197252506847,
              35.86571776808238
            ],
            [
              128.61193072027237,
              35.86572572094694
            ],
            [
              128.61133181530124,
              35.865846726016066
            ],
            [
              128.6108259834786,
              35.865948922817445
            ],
            [
              128.61081711225938,
              35.865950716013224
            ],
            [
              128.61074510865268,
              35.8659652676558
            ],
            [
              128.6103189851532,
              35.86605135907896
            ],
            [
              128.6101680754518,
              35.866081847205564
            ],
            [
              128.60980314769319,
              35.86615465201681
            ],
            [
              128.60942368583198,
              35.866230357746794
            ],
            [
              128.6094138643163,
              35.866232316487455
            ],
            [
              128.6094104932765,
              35.86623298863024
            ],
            [
              128.60934491278775,
              35.86624607638621
            ],
            [
              128.60934102784813,
              35.86623101652379
            ],
            [
              128.60933427682386,
              35.86620485966783
            ],
            [
              128.60927184268294,
              35.86621784169543
            ],
            [
              128.60925141961224,
              35.86622189798198
            ],
            [
              128.60914925798917,
              35.86624219962443
            ],
            [
              128.6090283932259,
              35.866265834726185
            ],
            [
              128.60882958748644,
              35.866305939442874
            ],
            [
              128.6085559548737,
              35.866363609799734
            ],
            [
              128.60849794336332,
              35.86637557332113
            ],
            [
              128.60844801187338,
              35.86638587010049
            ],
            [
              128.60843490036297,
              35.86638859839951
            ],
            [
              128.6084309687243,
              35.86638941993751
            ],
            [
              128.6083815561445,
              35.86639991655564
            ],
            [
              128.60825517542833,
              35.866426762650605
            ],
            [
              128.608144011968,
              35.866449068618614
            ],
            [
              128.6081351957809,
              35.86645068620658
            ],
            [
              128.60812776515462,
              35.86645206111441
            ],
            [
              128.60796482785534,
              35.86648472922203
            ],
            [
              128.6079056020007,
              35.86649731311426
            ],
            [
              128.60788012255477,
              35.866502722164995
            ],
            [
              128.60777608713656,
              35.86652309582246
            ],
            [
              128.60775033979138,
              35.8665285163319
            ],
            [
              128.60764530044938,
              35.866550296554216
            ],
            [
              128.60755398510673,
              35.866565287613746
            ],
            [
              128.60752441086748,
              35.866570145623584
            ],
            [
              128.60752274065445,
              35.86657046845482
            ],
            [
              128.60749958112768,
              35.86657496799839
            ],
            [
              128.60740119667167,
              35.86659407753496
            ],
            [
              128.60733668008106,
              35.866606617060484
            ],
            [
              128.60725649868527,
              35.866621635084655
            ],
            [
              128.6072445835869,
              35.866624064628326
            ],
            [
              128.60722190424707,
              35.86662868861577
            ],
            [
              128.60712002940838,
              35.866649458314065
            ],
            [
              128.60697849707313,
              35.86667831164948
            ],
            [
              128.60689695654105,
              35.866694049684824
            ],
            [
              128.60673411843018,
              35.86672548097838
            ],
            [
              128.6066128535866,
              35.866751197247225
            ],
            [
              128.60659145998594,
              35.866755732639
            ],
            [
              128.6065874622113,
              35.866756579969866
            ],
            [
              128.60653742722735,
              35.866766319746745
            ],
            [
              128.60649373595515,
              35.866774576603355
            ],
            [
              128.60647474376867,
              35.86677816485272
            ],
            [
              128.60641631408413,
              35.866788934852856
            ],
            [
              128.60639223871817,
              35.866793534578356
            ],
            [
              128.60631797420035,
              35.8668084208494
            ],
            [
              128.6063154050392,
              35.86680893495987
            ],
            [
              128.6061934202503,
              35.86683371440434
            ],
            [
              128.60618634496996,
              35.86683515984831
            ],
            [
              128.6061679709387,
              35.86683891725991
            ],
            [
              128.60612502452776,
              35.86684769724198
            ],
            [
              128.606089588545,
              35.866854942115836
            ],
            [
              128.60608019790038,
              35.86685683350833
            ],
            [
              128.6060085962174,
              35.86687125961608
            ],
            [
              128.6058707430882,
              35.86689903467016
            ],
            [
              128.60579388818837,
              35.8669145169569
            ],
            [
              128.60573075121405,
              35.866927777696
            ],
            [
              128.6055970921373,
              35.866955851015746
            ],
            [
              128.60541075448063,
              35.866994987876254
            ],
            [
              128.6053914181567,
              35.86699836815647
            ],
            [
              128.60538512698662,
              35.86699965036791
            ],
            [
              128.60532157877103,
              35.86701257929623
            ],
            [
              128.6052533518907,
              35.86702646001268
            ],
            [
              128.60466206137534,
              35.867145308143954
            ],
            [
              128.604527041442,
              35.867172507458996
            ],
            [
              128.6043800377553,
              35.86720247640343
            ],
            [
              128.6042973465532,
              35.86722205399446
            ],
            [
              128.60394491733348,
              35.86729293387632
            ],
            [
              128.60394246087785,
              35.867293430672404
            ],
            [
              128.60393983094048,
              35.86728173995162
            ],
            [
              128.60393973203546,
              35.86728131712667
            ],
            [
              128.603921702512,
              35.86728788750811
            ],
            [
              128.60391980911632,
              35.867288572063465
            ],
            [
              128.60391660819897,
              35.867290016930625
            ],
            [
              128.60388019847517,
              35.86730646422768
            ],
            [
              128.6038250973333,
              35.8673346286666
            ],
            [
              128.60379193869133,
              35.86733855583022
            ],
            [
              128.60378950150732,
              35.86733884508695
            ],
            [
              128.6037868321027,
              35.867339161721176
            ],
            [
              128.603719663983,
              35.867352754160585
            ],
            [
              128.60348086417824,
              35.86740107823866
            ],
            [
              128.60335140300808,
              35.86742727222361
            ],
            [
              128.60335161314927,
              35.867428208818986
            ],
            [
              128.60335356540565,
              35.86743704241826
            ],
            [
              128.6033464984229,
              35.8674386147396
            ],
            [
              128.60333556083663,
              35.86744094476253
            ],
            [
              128.60325414873301,
              35.86745742835307
            ],
            [
              128.60312923828255,
              35.8674827193134
            ],
            [
              128.60305871461787,
              35.867496688399015
            ],
            [
              128.6030574620068,
              35.86749693611038
            ],
            [
              128.60292414591424,
              35.86752376277027
            ],
            [
              128.6027881936031,
              35.867551230152394
            ],
            [
              128.60253921305065,
              35.86760191686237
            ],
            [
              128.60251634537636,
              35.86760657865762
            ],
            [
              128.60247818073324,
              35.8676143902545
            ],
            [
              128.60245141048432,
              35.86761974238812
            ],
            [
              128.6024550545985,
              35.867635576427446
            ],
            [
              128.6022963701527,
              35.867667763293845
            ],
            [
              128.60217384062773,
              35.8676929070013
            ],
            [
              128.60214642251756,
              35.86769834975834
            ],
            [
              128.6020660548052,
              35.867714303665174
            ],
            [
              128.6020611332101,
              35.86769643659197
            ],
            [
              128.60182671295527,
              35.86774155002957
            ],
            [
              128.60182300221152,
              35.86774233596827
            ],
            [
              128.60163230994883,
              35.86778258700459
            ],
            [
              128.60150440643378,
              35.867809535557335
            ],
            [
              128.60148164763632,
              35.86781406993941
            ],
            [
              128.60144302788248,
              35.86782438631384
            ],
            [
              128.60141399355692,
              35.867832143607465
            ],
            [
              128.60137989525163,
              35.867839748079064
            ],
            [
              128.60127813019,
              35.86786531535708
            ],
            [
              128.6011316481914,
              35.867901952525486
            ],
            [
              128.60097962490195,
              35.86793949318143
            ],
            [
              128.60090842817016,
              35.86795706981905
            ],
            [
              128.6007385414776,
              35.8679985027429
            ],
            [
              128.60061602421905,
              35.86802925246913
            ],
            [
              128.6006041715451,
              35.86803222172192
            ],
            [
              128.6004753441925,
              35.86806450677937
            ],
            [
              128.60030210049416,
              35.868106389970684
            ],
            [
              128.60012364524155,
              35.86815059979013
            ],
            [
              128.59999188054425,
              35.86818292024804
            ],
            [
              128.59994061408625,
              35.86819568609224
            ],
            [
              128.59993832016673,
              35.86819624623094
            ],
            [
              128.5998747000755,
              35.86821196418298
            ],
            [
              128.59982171652078,
              35.86822503419849
            ],
            [
              128.59982009824265,
              35.8682254330803
            ],
            [
              128.5998275925194,
              35.86825476980175
            ],
            [
              128.59983068400865,
              35.868266878320604
            ],
            [
              128.59983097788566,
              35.86826802602267
            ],
            [
              128.59983222954187,
              35.86827291725535
            ],
            [
              128.59983285042367,
              35.868275365621685
            ],
            [
              128.59986543425347,
              35.868403720140684
            ],
            [
              128.59990142760785,
              35.86853592915909
            ],
            [
              128.59992142666079,
              35.86860626078174
            ],
            [
              128.5999950696567,
              35.86886914536188
            ],
            [
              128.60004349369217,
              35.8690422399075
            ],
            [
              128.60007091976502,
              35.8691467862633
            ],
            [
              128.60008116403196,
              35.869184020701915
            ],
            [
              128.6001072831624,
              35.86927895033785
            ],
            [
              128.60009299452955,
              35.86928087530306
            ],
            [
              128.60012061354803,
              35.86938206065697
            ],
            [
              128.60022516931608,
              35.86977177489232
            ],
            [
              128.600230956796,
              35.86979332509893
            ],
            [
              128.60025916886232,
              35.86989427598114
            ],
            [
              128.6002604108193,
              35.86989870209079
            ],
            [
              128.60028213926824,
              35.869978541886795
            ],
            [
              128.60029821120693,
              35.87003701058827
            ],
            [
              128.60035794788692,
              35.87025430767244
            ],
            [
              128.6004443345068,
              35.870575195197354
            ],
            [
              128.60044965421815,
              35.87058565866752
            ],
            [
              128.60051033330905,
              35.87081288943402
            ],
            [
              128.60056708773854,
              35.87102542460653
            ],
            [
              128.60056805006465,
              35.87102901121573
            ],
            [
              128.60059334849777,
              35.87112297634421
            ],
            [
              128.60060743994183,
              35.87117452472069
            ],
            [
              128.6006365442285,
              35.871284010502606
            ],
            [
              128.60065445993123,
              35.87135177176647
            ],
            [
              128.60066647066606,
              35.8713971923548
            ],
            [
              128.60070633316704,
              35.87153584601385
            ],
            [
              128.60077597867382,
              35.87178288467674
            ],
            [
              128.6007806029196,
              35.87179831489174
            ],
            [
              128.60078371762197,
              35.8718093575188
            ],
            [
              128.60080572574222,
              35.87188739510782
            ],
            [
              128.60082253186363,
              35.87194699115023
            ],
            [
              128.6008282818318,
              35.87196884819239
            ],
            [
              128.60082911661567,
              35.87197202124951
            ],
            [
              128.60088020646222,
              35.872156416319264
            ],
            [
              128.60088178940606,
              35.87216210508688
            ],
            [
              128.6008908946314,
              35.87219221131078
            ],
            [
              128.60089488304985,
              35.872205395247875
            ],
            [
              128.6008969769736,
              35.872212309061304
            ],
            [
              128.6009312417756,
              35.8723197189378
            ],
            [
              128.60093415013336,
              35.87232881427598
            ],
            [
              128.600951799557,
              35.87239874887947
            ],
            [
              128.6009645169088,
              35.87245070287456
            ],
            [
              128.60099388923157,
              35.87255707209096
            ],
            [
              128.6009979659927,
              35.872571834748655
            ],
            [
              128.60105658189838,
              35.8727781317753
            ],
            [
              128.60105735742584,
              35.8727808636086
            ],
            [
              128.6010674794521,
              35.87280471087397
            ],
            [
              128.6010676648886,
              35.87280514372652
            ],
            [
              128.60108556209786,
              35.87280171241186
            ],
            [
              128.60109650588424,
              35.87279961243031
            ],
            [
              128.60116849677874,
              35.87278580591857
            ],
            [
              128.60116906132876,
              35.872787859908264
            ],
            [
              128.60118548028962,
              35.87284761991448
            ],
            [
              128.60118561512857,
              35.87284807847441
            ],
            [
              128.60119470445403,
              35.872879742713366
            ],
            [
              128.601213287379,
              35.87294826948871
            ],
            [
              128.6012233095506,
              35.872985226350764
            ],
            [
              128.6012349519138,
              35.873028158328346
            ],
            [
              128.6012350196455,
              35.873028410144435
            ],
            [
              128.60128293577375,
              35.87302563399343
            ],
            [
              128.60128335467058,
              35.873026767922674
            ],
            [
              128.6012872678192,
              35.87303738669184
            ],
            [
              128.60128932792952,
              35.873042973709445
            ],
            [
              128.6012997919724,
              35.87307135627509
            ],
            [
              128.60129182439132,
              35.873093373317964
            ],
            [
              128.60128591470342,
              35.873111853602055
            ],
            [
              128.60128883489054,
              35.873133163168205
            ],
            [
              128.60129130967587,
              35.873151263654925
            ],
            [
              128.6012942285936,
              35.873172481273215
            ],
            [
              128.60129495820615,
              35.87317781723347
            ],
            [
              128.6012976429746,
              35.87318867986712
            ],
            [
              128.6013128468995,
              35.87325011527202
            ],
            [
              128.60131276693605,
              35.87325234105737
            ],
            [
              128.60131028519058,
              35.87332513419751
            ],
            [
              128.601310497478,
              35.873326066268135
            ],
            [
              128.6013294247055,
              35.873409689202944
            ],
            [
              128.60133019113718,
              35.87341304319444
            ],
            [
              128.6012889785463,
              35.873451829353826
            ],
            [
              128.60128390484502,
              35.873456601853846
            ],
            [
              128.60125103969847,
              35.87348753099682
            ],
            [
              128.60125004244884,
              35.87348846874745
            ],
            [
              128.60125597484875,
              35.8735097236497
            ],
            [
              128.60126307018865,
              35.87353496901629
            ],
            [
              128.6012681694968,
              35.873551734570384
            ],
            [
              128.60128606641845,
              35.87361901985455
            ],
            [
              128.6013001564315,
              35.873667836405446
            ],
            [
              128.60130066789185,
              35.87366957533465
            ],
            [
              128.60113074512512,
              35.873704139313894
            ],
            [
              128.60109723014057,
              35.87371053388684
            ],
            [
              128.60109396237866,
              35.87371101281946
            ],
            [
              128.60109317717973,
              35.87379659436591
            ],
            [
              128.6011021301363,
              35.87379518519713
            ],
            [
              128.60114170235295,
              35.873788967696896
            ],
            [
              128.60114304337523,
              35.873788697556925
            ],
            [
              128.6011573940037,
              35.87378575312951
            ],
            [
              128.60116819367812,
              35.873783315474924
            ],
            [
              128.6013041347976,
              35.87375263139046
            ],
            [
              128.60136410054005,
              35.87373941644396
            ],
            [
              128.6013937565363,
              35.87373288227854
            ],
            [
              128.60139127464214,
              35.87375396369268
            ],
            [
              128.60138198965535,
              35.873832856961826
            ],
            [
              128.6013800883434,
              35.87384978767553
            ],
            [
              128.6013617435749,
              35.8739923177357
            ],
            [
              128.60136143737412,
              35.87399468443557
            ],
            [
              128.60134761932724,
              35.87410204998156
            ],
            [
              128.6013469191402,
              35.87410748379721
            ],
            [
              128.60134111609574,
              35.874152559145166
            ],
            [
              128.60133939252364,
              35.87416456570623
            ],
            [
              128.60132799920146,
              35.8742833741627
            ],
            [
              128.60132726530466,
              35.87429101440623
            ],
            [
              128.60132500140534,
              35.87431264196757
            ],
            [
              128.6013169391716,
              35.87440225529129
            ],
            [
              128.6013168086295,
              35.87440370800091
            ],
            [
              128.60131562927012,
              35.874416778822415
            ],
            [
              128.60132305184015,
              35.87443588696174
            ],
            [
              128.60134005436242,
              35.874479671330704
            ],
            [
              128.6013466153934,
              35.87448647385206
            ],
            [
              128.60134862031407,
              35.87448855069575
            ],
            [
              128.6013576268776,
              35.8744978912254
            ],
            [
              128.6013668446131,
              35.874507442586385
            ],
            [
              128.60140263281474,
              35.87449911758646
            ],
            [
              128.60140179214252,
              35.87458754856171
            ],
            [
              128.60138227499505,
              35.87459177553118
            ],
            [
              128.6013763639989,
              35.87460232479894
            ],
            [
              128.60137869163435,
              35.8746065885738
            ],
            [
              128.60139541557265,
              35.874637284827
            ],
            [
              128.60181764117937,
              35.87451085973957
            ],
            [
              128.602393689793,
              35.8743383744339
            ],
            [
              128.6026566922174,
              35.874291630629585
            ],
            [
              128.60264893520713,
              35.87424249646503
            ],
            [
              128.60304054451376,
              35.874123468679805
            ],
            [
              128.60315986461202,
              35.87408394566918
            ],
            [
              128.60343186182135,
              35.87399385438033
            ],
            [
              128.6034658093328,
              35.873984307835215
            ],
            [
              128.60385998534804,
              35.873873456211655
            ],
            [
              128.6043950067213,
              35.87379445066014
            ],
            [
              128.60456368338808,
              35.87378751373774
            ],
            [
              128.6048026048723,
              35.873776625380906
            ],
            [
              128.60483670774278,
              35.8737766110228
            ],
            [
              128.60490260225058,
              35.87378475905349
            ],
            [
              128.60502976115205,
              35.87379563685022
            ],
            [
              128.60523732243306,
              35.8738133938097
            ],
            [
              128.60551191738205,
              35.873861559768336
            ],
            [
              128.605514655487,
              35.873862026819545
            ],
            [
              128.6057347168173,
              35.873899577927375
            ],
            [
              128.60592745213017,
              35.873946767274646
            ],
            [
              128.60594623194913,
              35.873951365421135
            ],
            [
              128.6059467946685,
              35.87394857622173
            ],
            [
              128.60596853659254,
              35.87384073333853
            ],
            [
              128.60597311480677,
              35.87381802415471
            ],
            [
              128.60603201053195,
              35.873825425502964
            ],
            [
              128.60610345200038,
              35.87383440622708
            ],
            [
              128.6061814226265,
              35.873844204899584
            ],
            [
              128.60637842542405,
              35.87386896216898
            ],
            [
              128.6064340255836,
              35.873875951008415
            ],
            [
              128.6065242166883,
              35.87388751123308
            ],
            [
              128.60661936146138,
              35.87389970552842
            ],
            [
              128.6066427099364,
              35.87390321927127
            ],
            [
              128.60666598579465,
              35.873906449687134
            ],
            [
              128.60726907255932,
              35.87399017504466
            ],
            [
              128.6072727428474,
              35.873990683949806
            ],
            [
              128.60728860603433,
              35.87399288627998
            ],
            [
              128.60732880373897,
              35.87400282955818
            ],
            [
              128.6074194837877,
              35.874028171258274
            ],
            [
              128.607446557494,
              35.87403573817261
            ],
            [
              128.60763117273208,
              35.87408733073313
            ],
            [
              128.60791315863554,
              35.874166136470556
            ],
            [
              128.608031094911,
              35.87419923124931
            ],
            [
              128.60818722080995,
              35.87424234061773
            ],
            [
              128.60824956281462,
              35.87425950001993
            ],
            [
              128.6083260848363,
              35.8742805639313
            ],
            [
              128.6083984547911,
              35.87430080511816
            ],
            [
              128.6084518688527,
              35.87431511402457
            ],
            [
              128.60864749269683,
              35.87438848427945
            ],
            [
              128.6088306404736,
              35.87442821858524
            ],
            [
              128.6089477926772,
              35.87445936511176
            ],
            [
              128.60903070808774,
              35.87448140904238
            ],
            [
              128.60918824915188,
              35.87452329233505
            ],
            [
              128.60919593198042,
              35.87452533554651
            ],
            [
              128.6092495327041,
              35.874539584671496
            ],
            [
              128.60925062952603,
              35.87453991533209
            ],
            [
              128.6092872268799,
              35.874550915370286
            ],
            [
              128.6093900117206,
              35.874550241962524
            ],
            [
              128.6093994862919,
              35.874550179697934
            ],
            [
              128.60945689037717,
              35.87456637162373
            ],
            [
              128.60945852884225,
              35.874568844795085
            ],
            [
              128.60946807207554,
              35.874583239305146
            ],
            [
              128.6094797311625,
              35.87460193093932
            ],
            [
              128.6094635995311,
              35.8746439628091
            ],
            [
              128.60946120850343,
              35.87465043645675
            ],
            [
              128.6096971463293,
              35.874715069738954
            ],
            [
              128.60996506865666,
              35.87478952880444
            ],
            [
              128.6102737921218,
              35.87487532680033
            ],
            [
              128.61033098863868,
              35.8748912209047
            ],
            [
              128.6103724987968,
              35.87490275760262
            ],
            [
              128.61060827550267,
              35.87496828130962
            ],
            [
              128.610617158448,
              35.87497074788449
            ],
            [
              128.6106293230462,
              35.87497412804815
            ],
            [
              128.6106808407404,
              35.8749450542075
            ],
            [
              128.61078532344936,
              35.8748860870816
            ],
            [
              128.61100838609585,
              35.87476019843155
            ],
            [
              128.61109527679793,
              35.87471116215502
            ],
            [
              128.61114601709542,
              35.874682525351574
            ],
            [
              128.61139899120758,
              35.87454940103785
            ],
            [
              128.61156746541786,
              35.87450245844659
            ],
            [
              128.6119342905925,
              35.87440024956589
            ],
            [
              128.61228403581117,
              35.87419152609763
            ],
            [
              128.61240242018752,
              35.87414546088878
            ],
            [
              128.612483230259,
              35.874114015264745
            ],
            [
              128.61253499420087,
              35.87398951186989
            ],
            [
              128.61256562593735,
              35.87392147413565
            ],
            [
              128.6126160280204,
              35.87380717274594
            ],
            [
              128.61261745810913,
              35.87380392740772
            ]
          ]
        ]
      }
    }
  ]
}
