{"type":"FeatureCollection","name":"localtwin-central-daegu-building-context","source":{"provider":"OpenStreetMap","retrievedAt":"2026-09-20","method":"Overpass building footprints; nearest 360 features to LocalTwin central-Daegu center","center":{"lon":128.5967,"lat":35.8714},"note":"Context-only building geometry. Heights use source height/levels when available, otherwise 9m fallback."},"features":[{"type":"Feature","id":1368009309,"properties":{"building":"retail","source":"OpenStreetMap","heightM":9},"geometry":{"type":"Polygon","coordinates":[[[128.5968016,35.8713961],[128.5966728,35.8714176],[128.5966358,35.871272],[128.5967746,35.8712489],[128.5967847,35.8712887],[128.596694,35.8713038],[128.5967103,35.871368],[128.596791,35.8713546],[128.5968016,35.8713961]]]}},{"type":"Feature","id":1368009299,"properties":{"building":"retail","source":"OpenStreetMap","heightM":9},"geometry":{"type":"Polygon","coordinates":[[[128.5964979,35.8714372],[128.5964592,35.8712881],[128.5965919,35.8712655],[128.5966307,35.8714145],[128.5964979,35.8714372]]]}},{"type":"Feature","id":1368009300,"properties":{"building":"retail","source":"OpenStreetMap","heightM":9},"geometry":{"type":"Polygon","coordinates":[[[128.5966046,35.8712347],[128.5967231,35.8712182],[128.5967077,35.8711453],[128.5965891,35.8711618],[128.5966046,35.8712347]]]}},{"type":"Feature","id":1368009301,"properties":{"building":"retail","source":"OpenStreetMap","heightM":9},"geometry":{"type":"Polygon","coordinates":[[[128.596474,35.8712515],[128.5965925,35.871235],[128.5965771,35.871162],[128.5964585,35.8711785],[128.596474,35.8712515]]]}},{"type":"Feature","id":1368009308,"properties":{"building":"retail","source":"OpenStreetMap","heightM":9},"geometry":{"type":"Polygon","coordinates":[[[128.5968061,35.8713049],[128.5967784,35.871195],[128.5971797,35.8711286],[128.597207,35.8712368],[128.5970767,35.8712584],[128.5970628,35.871203],[128.5969527,35.8712212],[128.596967,35.8712783],[128.5968061,35.8713049]]]}},{"type":"Feature","id":886869402,"properties":{"building":"commercial","source":"OpenStreetMap","heightM":9},"geometry":{"type":"Polygon","coordinates":[[[128.5965067,35.8718694],[128.5964501,35.8716039],[128.5968088,35.8715537],[128.5968653,35.8718193],[128.5965067,35.8718694]]]}},{"type":"Feature","id":1368009297,"properties":{"building":"retail","source":"OpenStreetMap","heightM":9},"geometry":{"type":"Polygon","coordinates":[[[128.5962324,35.8714835],[128.5961813,35.8712565],[128.5963241,35.8712354],[128.5963487,35.8713445],[128.596309,35.8713504],[128.5963356,35.8714683],[128.5962324,35.8714835]]]}},{"type":"Feature","id":1368009298,"properties":{"building":"retail","source":"OpenStreetMap","heightM":9},"geometry":{"type":"Polygon","coordinates":[[[128.596187,35.8712326],[128.5963643,35.8712069],[128.5963425,35.8711077],[128.5963007,35.8711137],[128.5963091,35.871152],[128.5961736,35.8711716],[128.596187,35.8712326]]]}},{"type":"Feature","id":1368009302,"properties":{"building":"retail","source":"OpenStreetMap","heightM":9},"geometry":{"type":"Polygon","coordinates":[[[128.5965625,35.8710329],[128.596681,35.8710165],[128.5966655,35.8709435],[128.596547,35.87096],[128.5965625,35.8710329]]]}},{"type":"Feature","id":1368009310,"properties":{"building":"retail","source":"OpenStreetMap","heightM":9},"geometry":{"type":"Polygon","coordinates":[[[128.596758,35.87117],[128.5966975,35.8709271],[128.5970963,35.8708618],[128.5971569,35.8711047],[128.596758,35.87117]]]}},{"type":"Feature","id":1368009279,"properties":{"building":"retail","source":"OpenStreetMap","heightM":9},"geometry":{"type":"Polygon","coordinates":[[[128.5960983,35.8714113],[128.5960771,35.8713043],[128.5961775,35.8712913],[128.5961986,35.8713983],[128.5960983,35.8714113]]]}},{"type":"Feature","id":1368009278,"properties":{"building":"retail","source":"OpenStreetMap","heightM":9},"geometry":{"type":"Polygon","coordinates":[[[128.5960674,35.8712873],[128.5960462,35.8711802],[128.5961466,35.8711672],[128.5961677,35.8712743],[128.5960674,35.8712873]]]}},{"type":"Feature","id":1368009284,"properties":{"building":"retail","source":"OpenStreetMap","heightM":9},"geometry":{"type":"Polygon","coordinates":[[[128.5964887,35.8709527],[128.5964676,35.8708456],[128.5965679,35.8708326],[128.5965891,35.8709396],[128.5964887,35.8709527]]]}},{"type":"Feature","id":1368009306,"properties":{"building":"retail","source":"OpenStreetMap","heightM":9},"geometry":{"type":"Polygon","coordinates":[[[128.5972282,35.8712025],[128.5973468,35.871186],[128.5973313,35.8711131],[128.5972128,35.8711296],[128.5972282,35.8712025]]]}},{"type":"Feature","id":1368009304,"properties":{"building":"retail","source":"OpenStreetMap","heightM":9},"geometry":{"type":"Polygon","coordinates":[[[128.5966467,35.8709066],[128.5967653,35.8708901],[128.5967498,35.8708172],[128.5966313,35.8708337],[128.5966467,35.8709066]]]}},{"type":"Feature","id":1368009283,"properties":{"building":"retail","source":"OpenStreetMap","heightM":9},"geometry":{"type":"Polygon","coordinates":[[[128.5963651,35.8709663],[128.596344,35.8708593],[128.5964443,35.8708462],[128.5964655,35.8709533],[128.5963651,35.8709663]]]}},{"type":"Feature","id":1368009285,"properties":{"building":"retail","source":"OpenStreetMap","heightM":9},"geometry":{"type":"Polygon","coordinates":[[[128.5961453,35.8710197],[128.5961148,35.8708849],[128.5963074,35.8708563],[128.5963588,35.8710836],[128.5962365,35.8711018],[128.5962156,35.8710093],[128.5961453,35.8710197]]]}},{"type":"Feature","id":1368009311,"properties":{"building":"retail","source":"OpenStreetMap","heightM":9},"geometry":{"type":"Polygon","coordinates":[[[128.5971773,35.8710877],[128.5973048,35.8710701],[128.5972908,35.8710033],[128.5971632,35.8710209],[128.5971773,35.8710877]]]}},{"type":"Feature","id":1368009280,"properties":{"building":"retail","source":"OpenStreetMap","heightM":9},"geometry":{"type":"Polygon","coordinates":[[[128.5959663,35.8714329],[128.5959451,35.8713259],[128.5960454,35.8713129],[128.5960666,35.8714199],[128.5959663,35.8714329]]]}},{"type":"Feature","id":1368009303,"properties":{"building":"retail","source":"OpenStreetMap","heightM":9},"geometry":{"type":"Polygon","coordinates":[[[128.5968265,35.870893],[128.5969451,35.8708765],[128.5969296,35.8708035],[128.5968111,35.87082],[128.5968265,35.870893]]]}},{"type":"Feature","id":1368009282,"properties":{"building":"retail","source":"OpenStreetMap","heightM":9},"geometry":{"type":"Polygon","coordinates":[[[128.5959564,35.8715581],[128.5959353,35.8714511],[128.5960356,35.8714381],[128.5960568,35.8715451],[128.5959564,35.8715581]]]}},{"type":"Feature","id":1368009281,"properties":{"building":"retail","source":"OpenStreetMap","heightM":9},"geometry":{"type":"Polygon","coordinates":[[[128.595941,35.8713089],[128.5959198,35.8712018],[128.5960202,35.8711888],[128.5960413,35.8712959],[128.595941,35.8713089]]]}},{"type":"Feature","id":1368009286,"properties":{"building":"retail","source":"OpenStreetMap","heightM":9},"geometry":{"type":"Polygon","coordinates":[[[128.596001,35.8711337],[128.5959844,35.8710338],[128.5961133,35.8710197],[128.5961224,35.8710747],[128.5960728,35.8710801],[128.5960803,35.8711251],[128.596001,35.8711337]]]}},{"type":"Feature","id":886869405,"properties":{"building":"commercial","source":"OpenStreetMap","heightM":9},"geometry":{"type":"Polygon","coordinates":[[[128.596666,35.8721184],[128.5966213,35.8719828],[128.5968743,35.871928],[128.596919,35.8720636],[128.596666,35.8721184]]]}},{"type":"Feature","id":886869404,"properties":{"building":"commercial","source":"OpenStreetMap","heightM":9},"geometry":{"type":"Polygon","coordinates":[[[128.5965691,35.8721332],[128.5964983,35.87205],[128.5964733,35.8719582],[128.5965898,35.8719374],[128.5966396,35.8721206],[128.5965691,35.8721332]]]}},{"type":"Feature","id":1368009305,"properties":{"building":"retail","source":"OpenStreetMap","heightM":9},"geometry":{"type":"Polygon","coordinates":[[[128.5971734,35.8709373],[128.597292,35.8709208],[128.5972765,35.8708479],[128.597158,35.8708644],[128.5971734,35.8709373]]]}},{"type":"Feature","id":1368009277,"properties":{"building":"retail","source":"OpenStreetMap","heightM":9},"geometry":{"type":"Polygon","coordinates":[[[128.5960042,35.8710198],[128.595983,35.8709128],[128.5960834,35.8708997],[128.5961045,35.8710068],[128.5960042,35.8710198]]]}},{"type":"Feature","id":1368009288,"properties":{"building":"retail","source":"OpenStreetMap","heightM":9},"geometry":{"type":"Polygon","coordinates":[[[128.5957785,35.871432],[128.595774,35.8713171],[128.5959179,35.8713134],[128.5959225,35.8714283],[128.5957785,35.871432]]]}},{"type":"Feature","id":1368009287,"properties":{"building":"retail","source":"OpenStreetMap","heightM":9},"geometry":{"type":"Polygon","coordinates":[[[128.5957741,35.8715766],[128.5957685,35.8714674],[128.5958907,35.8714606],[128.5959047,35.8715596],[128.5957741,35.8715766]]]}},{"type":"Feature","id":1368009307,"properties":{"building":"retail","source":"OpenStreetMap","heightM":9},"geometry":{"type":"Polygon","coordinates":[[[128.597123,35.8708332],[128.5972796,35.8708154],[128.5972692,35.8707556],[128.5971127,35.8707734],[128.597123,35.8708332]]]}},{"type":"Feature","id":886869409,"properties":{"building":"commercial","source":"OpenStreetMap","heightM":9},"geometry":{"type":"Polygon","coordinates":[[[128.5957692,35.8717661],[128.5957391,35.8716485],[128.5959285,35.8716026],[128.595978,35.8717475],[128.5957692,35.8717661]]]}},{"type":"Feature","id":1368009274,"properties":{"building":"retail","source":"OpenStreetMap","heightM":9},"geometry":{"type":"Polygon","coordinates":[[[128.5957482,35.871185],[128.5959349,35.8711838],[128.5959336,35.8710597],[128.5957469,35.8710609],[128.5957482,35.871185]]]}},{"type":"Feature","id":1368009276,"properties":{"building":"retail","source":"OpenStreetMap","heightM":9},"geometry":{"type":"Polygon","coordinates":[[[128.5958892,35.8710151],[128.595868,35.8709081],[128.5959684,35.8708951],[128.5959895,35.8710021],[128.5958892,35.8710151]]]}},{"type":"Feature","id":886869406,"properties":{"building":"commercial","source":"OpenStreetMap","heightM":9},"geometry":{"type":"Polygon","coordinates":[[[128.5962356,35.8722018],[128.5961727,35.8720472],[128.5963093,35.8720107],[128.5963722,35.8721653],[128.5962356,35.8722018]]]}},{"type":"Feature","id":1416447696,"properties":{"building":"yes","source":"OpenStreetMap","heightM":9},"geometry":{"type":"Polygon","coordinates":[[[128.5957516,35.8710512],[128.5957457,35.8710051],[128.5958597,35.8709955],[128.5958656,35.8710416],[128.5957516,35.8710512]]]}},{"type":"Feature","id":1368009275,"properties":{"building":"yes","source":"OpenStreetMap","heightM":9},"geometry":{"type":"Polygon","coordinates":[[[128.595753,35.8709979],[128.5957446,35.8709433],[128.5957797,35.8709046],[128.5958429,35.8708955],[128.5958611,35.8709831],[128.595753,35.8709979]]]}},{"type":"Feature","id":886869407,"properties":{"building":"commercial","source":"OpenStreetMap","heightM":9},"geometry":{"type":"Polygon","coordinates":[[[128.596102,35.8722329],[128.5960198,35.8720361],[128.5961087,35.8720117],[128.596191,35.8722085],[128.596102,35.8722329]]]}},{"type":"Feature","id":1161687838,"properties":{"addr:city":"대구광역시","addr:district":"중구","addr:housenumber":"600-1","addr:postcode":"41938","addr:street":"국채보상로","building":"yes","source":"OpenStreetMap","heightM":9},"geometry":{"type":"Polygon","coordinates":[[[128.5963254,35.8705839],[128.5963223,35.8705527],[128.5963412,35.8705166],[128.5963996,35.8705128],[128.5964062,35.8705785],[128.5963254,35.8705839]]]}},{"type":"Feature","id":1161687825,"properties":{"addr:city":"대구광역시","addr:district":"중구","addr:housenumber":"604","addr:postcode":"41938","addr:street":"국채보상로","building":"yes","source":"OpenStreetMap","heightM":9},"geometry":{"type":"Polygon","coordinates":[[[128.5966635,35.8705223],[128.5966863,35.8705191],[128.5966902,35.8705308],[128.5968402,35.8705111],[128.5968027,35.8704215],[128.5967792,35.8704073],[128.5966504,35.8704225],[128.5966635,35.8705223]]]}},{"type":"Feature","id":1368009290,"properties":{"building":"retail","source":"OpenStreetMap","heightM":9},"geometry":{"type":"Polygon","coordinates":[[[128.595506,35.8715071],[128.5956226,35.8715028],[128.5956201,35.8714579],[128.5955035,35.8714622],[128.595506,35.8715071]]]}},{"type":"Feature","id":1416447697,"properties":{"building":"yes","source":"OpenStreetMap","heightM":9},"geometry":{"type":"Polygon","coordinates":[[[128.5955204,35.8712984],[128.5955131,35.8711586],[128.5956283,35.8711547],[128.5956356,35.8712944],[128.5955204,35.8712984]]]}},{"type":"Feature","id":1368009289,"properties":{"building":"retail","source":"OpenStreetMap","heightM":9},"geometry":{"type":"Polygon","coordinates":[[[128.5955158,35.8715869],[128.5955121,35.871518],[128.5956223,35.8715142],[128.5956259,35.871583],[128.5955158,35.8715869]]]}},{"type":"Feature","id":1368009291,"properties":{"building":"retail","source":"OpenStreetMap","heightM":9},"geometry":{"type":"Polygon","coordinates":[[[128.5954847,35.8714414],[128.5956152,35.8714376],[128.5956128,35.8713841],[128.5954823,35.8713879],[128.5954847,35.8714414]]]}},{"type":"Feature","id":1161687839,"properties":{"addr:city":"대구광역시","addr:district":"중구","addr:housenumber":"600","addr:postcode":"41938","addr:street":"국채보상로","building":"yes","source":"OpenStreetMap","heightM":9},"geometry":{"type":"Polygon","coordinates":[[[128.5961372,35.8706042],[128.5961365,35.8705688],[128.59615,35.8705691],[128.5961473,35.8704788],[128.5963021,35.8704653],[128.5963238,35.8705854],[128.5961372,35.8706042]]]}},{"type":"Feature","id":1161687828,"properties":{"addr:city":"대구광역시","addr:district":"중구","addr:housenumber":"602-1","addr:postcode":"41938","addr:street":"국채보상로","building":"yes","source":"OpenStreetMap","heightM":9},"geometry":{"type":"Polygon","coordinates":[[[128.5965975,35.8705573],[128.5966863,35.8705486],[128.5966809,35.8705247],[128.5966578,35.8705266],[128.5966467,35.870416],[128.5966659,35.8704147],[128.5966491,35.8703166],[128.5965649,35.870319],[128.5965592,35.8703924],[128.5965975,35.8705573]]]}},{"type":"Feature","id":886869408,"properties":{"building":"commercial","source":"OpenStreetMap","heightM":9},"geometry":{"type":"Polygon","coordinates":[[[128.5958623,35.8722772],[128.5958707,35.8720407],[128.5959939,35.8720192],[128.5960616,35.8722457],[128.5958623,35.8722772]]]}},{"type":"Feature","id":1161687830,"properties":{"addr:city":"대구광역시","addr:district":"중구","addr:housenumber":"602","addr:postcode":"41938","addr:street":"국채보상로","building":"yes","source":"OpenStreetMap","heightM":9},"geometry":{"type":"Polygon","coordinates":[[[128.5964332,35.8705714],[128.5965914,35.8705573],[128.5965552,35.8703932],[128.5965659,35.8702595],[128.5964721,35.8702606],[128.5964587,35.8704182],[128.5963447,35.8704193],[128.5963473,35.8704943],[128.5964332,35.8704899],[128.5964332,35.8705714]]]}},{"type":"Feature","id":886869421,"properties":{"addr:city":"대구광역시","addr:district":"중구","addr:housenumber":"598","addr:postcode":"41938","addr:street":"국채보상로","building":"commercial","building:levels":"9","source":"OpenStreetMap","heightM":28.8},"geometry":{"type":"Polygon","coordinates":[[[128.5959246,35.8706099],[128.5959356,35.8704683],[128.5960989,35.8704601],[128.5961012,35.8704908],[128.5961276,35.8704895],[128.5961326,35.8705556],[128.596107,35.8705569],[128.5961096,35.8705911],[128.5960872,35.8705922],[128.5960879,35.8706017],[128.5959246,35.8706099]]]}},{"type":"Feature","id":1161687826,"properties":{"addr:city":"대구광역시","addr:district":"중구","addr:housenumber":"604-1","addr:postcode":"41938","addr:street":"국채보상로","building":"yes","source":"OpenStreetMap","heightM":9},"geometry":{"type":"Polygon","coordinates":[[[128.5968496,35.8705111],[128.5968959,35.8705051],[128.5968912,35.8703155],[128.5966649,35.8703207],[128.5966816,35.8703669],[128.5967939,35.8703698],[128.5967919,35.8703872],[128.5968033,35.8703905],[128.5968496,35.8705111]]]}},{"type":"Feature","id":1161103774,"properties":{"addr:city":"대구광역시","addr:district":"중구","addr:housenumber":"593","addr:postcode":"41909","addr:street":"국채보상로","building":"commercial","source":"OpenStreetMap","heightM":9},"geometry":{"type":"Polygon","coordinates":[[[128.5953583,35.8711113],[128.5953442,35.8710002],[128.5955631,35.8709681],[128.5956161,35.8710029],[128.5956225,35.8711482],[128.5953583,35.8711113]]]}},{"type":"Feature","id":1161687827,"properties":{"addr:city":"대구광역시","addr:district":"중구","addr:housenumber":"606","addr:postcode":"41938","addr:street":"국채보상로","building":"yes","source":"OpenStreetMap","heightM":9},"geometry":{"type":"Polygon","coordinates":[[[128.5969095,35.8705049],[128.5970338,35.870493],[128.5970368,35.8703421],[128.5969744,35.8703413],[128.5969749,35.8703169],[128.5969132,35.8703161],[128.5969095,35.8705049]]]}},{"type":"Feature","id":886869420,"properties":{"addr:city":"대구광역시","addr:district":"중구","addr:housenumber":"608","addr:postcode":"41938","addr:street":"국채보상로","building":"commercial","source":"OpenStreetMap","heightM":9},"geometry":{"type":"Polygon","coordinates":[[[128.5970732,35.8704883],[128.5970561,35.8704128],[128.5970583,35.8703332],[128.5972065,35.8703261],[128.5972275,35.8704763],[128.5970732,35.8704883]]]}},{"type":"Feature","id":1368009292,"properties":{"building":"retail","source":"OpenStreetMap","heightM":9},"geometry":{"type":"Polygon","coordinates":[[[128.5953443,35.8715778],[128.5953401,35.8714435],[128.5954665,35.8714446],[128.5954876,35.8715835],[128.5953443,35.8715778]]]}},{"type":"Feature","id":1161103739,"properties":{"addr:city":"대구광역시","addr:district":"중구","addr:housenumber":"596","addr:postcode":"41938","addr:street":"국채보상로","building":"yes","source":"OpenStreetMap","heightM":9},"geometry":{"type":"Polygon","coordinates":[[[128.5957258,35.870554],[128.5959003,35.8705539],[128.5958922,35.8706175],[128.5957678,35.8706225],[128.5957254,35.870599],[128.5957258,35.870554]]]}},{"type":"Feature","id":1161687836,"properties":{"addr:city":"대구광역시","addr:district":"중구","addr:housenumber":"600-2","addr:postcode":"41938","addr:street":"국채보상로","building":"yes","source":"OpenStreetMap","heightM":9},"geometry":{"type":"Polygon","coordinates":[[[128.596129,35.8704552],[128.5961357,35.8703095],[128.5962868,35.8703141],[128.59628,35.8704598],[128.596129,35.8704552]]]}},{"type":"Feature","id":1161687829,"properties":{"addr:city":"대구광역시","addr:district":"중구","addr:housenumber":"36-3","addr:postcode":"41938","addr:street":"동성로","building":"yes","source":"OpenStreetMap","heightM":9},"geometry":{"type":"Polygon","coordinates":[[[128.5963454,35.8703901],[128.5963457,35.8703565],[128.596319,35.8703563],[128.5963194,35.8703022],[128.5963496,35.8703024],[128.5963501,35.8702428],[128.5963717,35.8702429],[128.5963719,35.8702196],[128.5964659,35.8702201],[128.5964655,35.8702735],[128.5964429,35.8702733],[128.596442,35.8703755],[128.5964284,35.8703754],[128.5964282,35.8703906],[128.5963454,35.8703901]]]}},{"type":"Feature","id":1161103741,"properties":{"addr:city":"대구광역시","addr:district":"중구","addr:housenumber":"44","addr:postcode":"41938","addr:street":"동성로","building":"yes","source":"OpenStreetMap","heightM":9},"geometry":{"type":"Polygon","coordinates":[[[128.5957258,35.8705536],[128.5957259,35.870493],[128.5959024,35.8704928],[128.5959003,35.8705537],[128.5957258,35.8705536]]]}},{"type":"Feature","id":1161687837,"properties":{"addr:city":"대구광역시","addr:district":"중구","addr:housenumber":"598-1","addr:postcode":"41938","addr:street":"국채보상로","building":"yes","source":"OpenStreetMap","heightM":9},"geometry":{"type":"Polygon","coordinates":[[[128.5959401,35.870452],[128.5961128,35.8704518],[128.5961128,35.870431],[128.5961234,35.870431],[128.5961233,35.8703767],[128.5960109,35.8703768],[128.5960109,35.8703269],[128.5959399,35.870327],[128.5959401,35.870452]]]}},{"type":"Feature","id":1368009238,"properties":{"building":"roof","layer":"2","source":"OpenStreetMap","heightM":9},"geometry":{"type":"Polygon","coordinates":[[[128.5980532,35.870786],[128.5977582,35.8708436],[128.5975924,35.870877],[128.5976448,35.8710479],[128.5981069,35.8709573],[128.5981162,35.8709365],[128.5981209,35.8708674],[128.5981127,35.8708466],[128.5980789,35.870805],[128.5980532,35.870786]]]}},{"type":"Feature","id":1280081451,"properties":{"building":"apartments","building:levels":"22","start_date":"2023","source":"OpenStreetMap","heightM":70.4},"geometry":{"type":"Polygon","coordinates":[[[128.5979921,35.8717474],[128.597867,35.8712601],[128.5981363,35.8712147],[128.5982199,35.8715406],[128.5981807,35.8715472],[128.5982221,35.8717087],[128.5979921,35.8717474]]]}},{"type":"Feature","id":32895857,"properties":{"building":"yes","name":"동아백화점","name:en":"Donga Dept. Store","name:ko":"동아백화점","name:ko-Latn":"Dongabaekhwajeom","shop":"department_store","source":"OpenStreetMap","heightM":9},"geometry":{"type":"Polygon","coordinates":[[[128.5967356,35.8722205],[128.5969662,35.872164],[128.5972184,35.8726247],[128.5970628,35.8726726],[128.5971272,35.8727856],[128.5970628,35.872803],[128.5969931,35.872703],[128.5967946,35.8727639],[128.5967088,35.8725943],[128.5968643,35.8725378],[128.5967302,35.8723031],[128.5967678,35.8722857],[128.5967356,35.8722205]]]}},{"type":"Feature","id":1368009240,"properties":{"building":"roof","layer":"3","source":"OpenStreetMap","heightM":9},"geometry":{"type":"Polygon","coordinates":[[[128.5979645,35.8709069],[128.5979558,35.8708691],[128.5979665,35.8708675],[128.5979693,35.8708798],[128.5979856,35.8708774],[128.5979829,35.8708657],[128.5979965,35.8708637],[128.5980051,35.8709009],[128.5979943,35.8709025],[128.5979908,35.8708877],[128.597969,35.870891],[128.5979724,35.8709057],[128.5979645,35.8709069]]]}},{"type":"Feature","id":1368009239,"properties":{"building":"roof","layer":"1","source":"OpenStreetMap","heightM":9},"geometry":{"type":"Polygon","coordinates":[[[128.5980179,35.8708992],[128.5980101,35.8709085],[128.597999,35.8709153],[128.5979859,35.8709189],[128.5979711,35.8709189],[128.5979572,35.8709148],[128.5979457,35.8709072],[128.5979381,35.870897],[128.5979352,35.8708852],[128.5979373,35.8708733],[128.5979441,35.8708627],[128.597955,35.8708546],[128.5979686,35.8708499],[128.5979825,35.8708491],[128.5979959,35.8708519],[128.5980076,35.8708579],[128.5980163,35.8708667],[128.5980212,35.8708772],[128.5980218,35.8708884],[128.5980179,35.8708992]]]}},{"type":"Feature","id":1161103740,"properties":{"addr:city":"대구광역시","addr:district":"중구","addr:housenumber":"42","addr:postcode":"41938","addr:street":"동성로","building":"yes","source":"OpenStreetMap","heightM":9},"geometry":{"type":"Polygon","coordinates":[[[128.5957261,35.8703995],[128.5958995,35.870395],[128.5959024,35.8704918],[128.595726,35.8704926],[128.5957261,35.8703995]]]}},{"type":"Feature","id":129282140,"properties":{"addr:housenumber":"611","building":"hotel","building:levels":"25","source":"OpenStreetMap","heightM":80},"geometry":{"type":"Polygon","coordinates":[[[128.5977397,35.8707833],[128.5983061,35.8706691],[128.5985714,35.8706156],[128.5986693,35.8709346],[128.5984017,35.8709886],[128.5976718,35.8711357],[128.5976448,35.8710479],[128.5975924,35.870877],[128.5977582,35.8708436],[128.5977397,35.8707833]]]}},{"type":"Feature","id":1161103738,"properties":{"addr:city":"대구광역시","addr:district":"중구","addr:housenumber":"95","addr:postcode":"41938","addr:street":"동성로2길","building":"yes","building:levels":"12","start_date":"2008","source":"OpenStreetMap","heightM":38.400000000000006},"geometry":{"type":"Polygon","coordinates":[[[128.5967564,35.8700177],[128.5971285,35.8700188],[128.5971225,35.8701275],[128.5971725,35.8703144],[128.5970642,35.8703184],[128.5970653,35.8703069],[128.5965733,35.8703133],[128.5966001,35.8701818],[128.5966068,35.8700753],[128.5967571,35.8700775],[128.5967564,35.8700177]]]}},{"type":"Feature","id":1161687835,"properties":{"addr:city":"대구광역시","addr:district":"중구","addr:housenumber":"598-2","addr:postcode":"41938","addr:street":"국채보상로","building":"yes","source":"OpenStreetMap","heightM":9},"geometry":{"type":"Polygon","coordinates":[[[128.5959626,35.870249],[128.5960963,35.8702608],[128.5960874,35.8703269],[128.5959537,35.8703151],[128.5959626,35.870249]]]}},{"type":"Feature","id":1161687831,"properties":{"addr:city":"대구광역시","addr:district":"중구","addr:housenumber":"36-4","addr:postcode":"41938","addr:street":"동성로","building":"yes","source":"OpenStreetMap","heightM":9},"geometry":{"type":"Polygon","coordinates":[[[128.5963384,35.8701348],[128.5963656,35.8701351],[128.596365,35.8701642],[128.5964613,35.8701655],[128.5964604,35.8702078],[128.5963579,35.8702064],[128.5963374,35.8701811],[128.5963384,35.8701348]]]}},{"type":"Feature","id":1161103742,"properties":{"addr:city":"대구광역시","addr:district":"중구","addr:housenumber":"40","addr:postcode":"41938","addr:street":"동성로","building":"yes","source":"OpenStreetMap","heightM":9},"geometry":{"type":"Polygon","coordinates":[[[128.595726,35.870398],[128.595723,35.8703121],[128.5959089,35.8703078],[128.5959102,35.8703422],[128.5958973,35.8703425],[128.5958992,35.870394],[128.595726,35.870398]]]}},{"type":"Feature","id":886869401,"properties":{"building":"commercial","source":"OpenStreetMap","heightM":9},"geometry":{"type":"Polygon","coordinates":[[[128.5959055,35.8726423],[128.5958616,35.8724325],[128.5962143,35.8723841],[128.5962501,35.8725555],[128.5960971,35.8725765],[128.5961037,35.8726078],[128.59607,35.8726437],[128.5959249,35.8726509],[128.5959055,35.8726423]]]}},{"type":"Feature","id":1161687834,"properties":{"addr:city":"대구광역시","addr:district":"중구","addr:housenumber":"600-2","addr:postcode":"41938","addr:street":"국채보상로","building":"yes","source":"OpenStreetMap","heightM":9},"geometry":{"type":"Polygon","coordinates":[[[128.596229,35.8702957],[128.5961963,35.87018],[128.5962023,35.8701078],[128.5962586,35.8701108],[128.5962601,35.8700927],[128.5962925,35.8700945],[128.5962756,35.8702982],[128.596229,35.8702957]]]}},{"type":"Feature","id":661166804,"properties":{"building":"hotel","name":"Rivertain Hotel Daegu","name:en":"Rivertain Hotel Daegu","tourism":"hotel","source":"OpenStreetMap","heightM":9},"geometry":{"type":"Polygon","coordinates":[[[128.5980615,35.8719402],[128.5981186,35.872098],[128.5981533,35.8720958],[128.598177,35.8721668],[128.5981937,35.8722536],[128.5979294,35.8722874],[128.5979085,35.8721397],[128.5978727,35.8719862],[128.5980615,35.8719402]]]}},{"type":"Feature","id":1161687833,"properties":{"addr:city":"대구광역시","addr:district":"중구","addr:housenumber":"600-2","addr:postcode":"41938","addr:street":"국채보상로","building":"yes","source":"OpenStreetMap","heightM":9},"geometry":{"type":"Polygon","coordinates":[[[128.5959983,35.8701008],[128.5961729,35.8701203],[128.5961621,35.8701837],[128.5960916,35.8701758],[128.5960802,35.8702432],[128.5960005,35.8702343],[128.5960056,35.8702046],[128.5959811,35.8702018],[128.5959983,35.8701008]]]}},{"type":"Feature","id":1161687832,"properties":{"addr:city":"대구광역시","addr:district":"중구","addr:housenumber":"36-6","addr:postcode":"41938","addr:street":"동성로","building":"yes","source":"OpenStreetMap","heightM":9},"geometry":{"type":"Polygon","coordinates":[[[128.5963785,35.8700035],[128.5965837,35.8700031],[128.5965841,35.8701136],[128.5963789,35.870114],[128.5963785,35.8700035]]]}},{"type":"Feature","id":1161103710,"properties":{"addr:city":"대구광역시","addr:district":"중구","addr:housenumber":"36-2","addr:postcode":"41938","addr:street":"동성로","building":"yes","source":"OpenStreetMap","heightM":9},"geometry":{"type":"Polygon","coordinates":[[[128.596164,35.8701007],[128.5961729,35.8699926],[128.5962621,35.8699975],[128.5963006,35.8700322],[128.5962962,35.8700849],[128.596254,35.8700826],[128.5962521,35.8701055],[128.596164,35.8701007]]]}},{"type":"Feature","id":1161103771,"properties":{"addr:city":"대구광역시","addr:district":"중구","addr:housenumber":"36","addr:postcode":"41938","addr:street":"동성로","building":"commercial","source":"OpenStreetMap","heightM":9},"geometry":{"type":"Polygon","coordinates":[[[128.5957211,35.8703109],[128.5959091,35.8703046],[128.5959055,35.8702356],[128.5959195,35.8702364],[128.5959175,35.8701976],[128.5959383,35.8701992],[128.5959584,35.8700531],[128.5959584,35.8699938],[128.5957018,35.8699864],[128.5957211,35.8703109]]]}},{"type":"Feature","id":1160887785,"properties":{"addr:city":"대구광역시","addr:district":"중구","addr:housenumber":"39","addr:postcode":"41937","addr:street":"동성로","building":"yes","building:levels":"13","source":"OpenStreetMap","heightM":41.6},"geometry":{"type":"Polygon","coordinates":[[[128.5951449,35.8702503],[128.5953349,35.8702286],[128.5953367,35.8702391],[128.5954229,35.8702292],[128.5954349,35.8702983],[128.5954751,35.8702937],[128.5955229,35.8705674],[128.595495,35.8705706],[128.5955024,35.870613],[128.5954027,35.8706244],[128.5953002,35.8706361],[128.5952769,35.8706388],[128.5952692,35.8705947],[128.5952281,35.8705994],[128.5952172,35.8705372],[128.5951954,35.8705397],[128.5951449,35.8702503]]]}},{"type":"Feature","id":1368009257,"properties":{"building":"retail","source":"OpenStreetMap","heightM":9},"geometry":{"type":"Polygon","coordinates":[[[128.5983714,35.8712012],[128.5985465,35.8711726],[128.5985707,35.8712701],[128.5983957,35.8712987],[128.5983714,35.8712012]]]}},{"type":"Feature","id":1161103711,"properties":{"addr:city":"대구광역시","addr:district":"중구","addr:housenumber":"36-1","addr:postcode":"41938","addr:street":"동성로","building":"yes","source":"OpenStreetMap","heightM":9},"geometry":{"type":"Polygon","coordinates":[[[128.5960131,35.8699812],[128.5961616,35.8699902],[128.5961522,35.8700928],[128.5960037,35.8700839],[128.5960131,35.8699812]]]}},{"type":"Feature","id":1161103716,"properties":{"addr:city":"대구광역시","addr:district":"중구","addr:housenumber":"34-3","addr:postcode":"41938","addr:street":"동성로","building":"yes","source":"OpenStreetMap","heightM":9},"geometry":{"type":"Polygon","coordinates":[[[128.5963363,35.8699468],[128.596337,35.8699017],[128.5964174,35.8698917],[128.5964939,35.8699118],[128.5964929,35.8699485],[128.5963363,35.8699468]]]}},{"type":"Feature","id":1161103717,"properties":{"addr:city":"대구광역시","addr:district":"중구","addr:housenumber":"34-4","addr:postcode":"41938","addr:street":"동성로","building":"yes","source":"OpenStreetMap","heightM":9},"geometry":{"type":"Polygon","coordinates":[[[128.5967653,35.8699483],[128.5967676,35.8698467],[128.5968819,35.8698484],[128.5968796,35.86995],[128.5967653,35.8699483]]]}},{"type":"Feature","id":886869359,"properties":{"addr:city":"대구광역시","addr:district":"중구","addr:housenumber":"87","addr:postcode":"41938","addr:street":"동성로2길","building":"commercial","source":"OpenStreetMap","heightM":9},"geometry":{"type":"Polygon","coordinates":[[[128.5971536,35.8699468],[128.5971247,35.8698026],[128.5969722,35.8698012],[128.5969816,35.8698898],[128.5969643,35.869891],[128.596969,35.869935],[128.5969857,35.8699338],[128.5969872,35.8699477],[128.5971536,35.8699468]]]}},{"type":"Feature","id":1161103715,"properties":{"addr:city":"대구광역시","addr:district":"중구","addr:housenumber":"34-2","addr:postcode":"41938","addr:street":"동성로","building":"yes","source":"OpenStreetMap","heightM":9},"geometry":{"type":"Polygon","coordinates":[[[128.5963346,35.8698476],[128.5964203,35.8698435],[128.5964235,35.8698869],[128.5963377,35.869891],[128.5963346,35.8698476]]]}},{"type":"Feature","id":1368009237,"properties":{"building":"roof","layer":"2","source":"OpenStreetMap","heightM":9},"geometry":{"type":"Polygon","coordinates":[[[128.5984017,35.8709886],[128.5983061,35.8706691],[128.5985714,35.8706156],[128.5986693,35.8709346],[128.5984017,35.8709886]]]}},{"type":"Feature","id":1368009258,"properties":{"building":"retail","source":"OpenStreetMap","heightM":9},"geometry":{"type":"Polygon","coordinates":[[[128.5986264,35.8712779],[128.5986032,35.8711687],[128.5986716,35.8711591],[128.5986948,35.8712683],[128.5986264,35.8712779]]]}},{"type":"Feature","id":1161103776,"properties":{"addr:city":"대구광역시","addr:district":"중구","addr:housenumber":"37","addr:postcode":"41937","addr:street":"동성로","building":"yes","source":"OpenStreetMap","heightM":9},"geometry":{"type":"Polygon","coordinates":[[[128.5955608,35.8700624],[128.5955646,35.8701162],[128.5954047,35.8701164],[128.5954038,35.8700804],[128.5954377,35.8700802],[128.5954441,35.8700612],[128.5955608,35.8700624]]]}},{"type":"Feature","id":1161103775,"properties":{"addr:city":"대구광역시","addr:district":"중구","addr:housenumber":"37-1","addr:postcode":"41937","addr:street":"동성로","building":"yes","source":"OpenStreetMap","heightM":9},"geometry":{"type":"Polygon","coordinates":[[[128.5952639,35.8700358],[128.5953351,35.8700358],[128.5953352,35.8700801],[128.5954027,35.8700801],[128.5954027,35.870118],[128.5955648,35.870118],[128.5955648,35.8702217],[128.5953581,35.8702279],[128.5953581,35.870184],[128.5952792,35.8701927],[128.5952198,35.8701786],[128.5952453,35.8701139],[128.595264,35.8700905],[128.5952639,35.8700358]]]}},{"type":"Feature","id":1161103777,"properties":{"addr:city":"대구광역시","addr:district":"중구","addr:housenumber":"35","addr:postcode":"41937","addr:street":"동성로","building":"yes","source":"OpenStreetMap","heightM":9},"geometry":{"type":"Polygon","coordinates":[[[128.5954442,35.8700611],[128.5954643,35.8700021],[128.5955601,35.8699975],[128.5955608,35.8700623],[128.5954442,35.8700611]]]}},{"type":"Feature","id":1161103718,"properties":{"addr:city":"대구광역시","addr:district":"중구","addr:housenumber":"83","addr:postcode":"41938","addr:street":"동성로2길","building":"yes","source":"OpenStreetMap","heightM":9},"geometry":{"type":"Polygon","coordinates":[[[128.5969485,35.869792],[128.5969415,35.8696319],[128.597096,35.8696344],[128.5971232,35.8697955],[128.5969485,35.869792]]]}},{"type":"Feature","id":886869358,"properties":{"addr:city":"대구광역시","addr:district":"중구","addr:housenumber":"30","addr:postcode":"41938","addr:street":"동성로","amenity":"parking","building":"parking","parking":"multi-storey","source":"OpenStreetMap","heightM":9},"geometry":{"type":"Polygon","coordinates":[[[128.5967478,35.8699441],[128.5965113,35.8699458],[128.5965122,35.8698869],[128.5964359,35.8698883],[128.5964377,35.8698333],[128.5963371,35.8698366],[128.5963364,35.8697418],[128.5962929,35.869693],[128.5962924,35.8696058],[128.5963131,35.8695646],[128.5963145,35.8695147],[128.59628,35.8694974],[128.5963608,35.8691886],[128.5967805,35.8692774],[128.5967644,35.8693282],[128.5967956,35.8695039],[128.5967973,35.8696406],[128.596869,35.869639],[128.5968804,35.8698232],[128.596861,35.8698237],[128.5968603,35.8698432],[128.5967431,35.8698413],[128.5967478,35.8699441]]]}},{"type":"Feature","id":886869400,"properties":{"building":"commercial","source":"OpenStreetMap","heightM":9},"geometry":{"type":"Polygon","coordinates":[[[128.5963623,35.8732668],[128.5963807,35.8729727],[128.5968024,35.87299],[128.596784,35.8732842],[128.5963623,35.8732668]]]}},{"type":"Feature","id":1161103712,"properties":{"addr:city":"대구광역시","addr:district":"중구","addr:housenumber":"34","addr:postcode":"41938","addr:street":"동성로","building":"yes","source":"OpenStreetMap","heightM":9},"geometry":{"type":"Polygon","coordinates":[[[128.5956946,35.8697324],[128.5958764,35.8697231],[128.5958882,35.8698742],[128.5958414,35.8698766],[128.5958406,35.8698655],[128.5957055,35.8698724],[128.5956946,35.8697324]]]}},{"type":"Feature","id":1361562249,"properties":{"building":"yes","source":"OpenStreetMap","heightM":9},"geometry":{"type":"Polygon","coordinates":[[[128.597753,35.869898],[128.5977445,35.8699005],[128.597736,35.8699005],[128.5977279,35.8698984],[128.597721,35.8698944],[128.5977161,35.8698887],[128.5977136,35.8698822],[128.5977138,35.8698753],[128.5977167,35.8698688],[128.5977219,35.8698634],[128.597729,35.8698596],[128.5977377,35.8698577],[128.5977467,35.8698583],[128.5977549,35.8698613],[128.5977614,35.8698664],[128.5977654,35.8698729],[128.5977666,35.8698801],[128.5977647,35.8698872],[128.59776,35.8698934],[128.597753,35.869898]]]}},{"type":"Feature","id":1161103778,"properties":{"addr:city":"대구광역시","addr:district":"중구","addr:housenumber":"35-1","addr:postcode":"41937","addr:street":"동성로","building":"yes","building:levels":"4","source":"OpenStreetMap","heightM":12.8},"geometry":{"type":"Polygon","coordinates":[[[128.5953653,35.8699115],[128.5955574,35.869921],[128.5955601,35.8699974],[128.5954642,35.870002],[128.5954376,35.87008],[128.5953564,35.8700796],[128.5953533,35.8699881],[128.595372,35.8699868],[128.5953653,35.8699115]]]}},{"type":"Feature","id":1161103779,"properties":{"addr:city":"대구광역시","addr:district":"중구","addr:housenumber":"412-25","addr:postcode":"41937","addr:street":"중앙대로","building":"yes","source":"OpenStreetMap","heightM":9},"geometry":{"type":"Polygon","coordinates":[[[128.5952889,35.8699805],[128.5953063,35.8699069],[128.595364,35.8699112],[128.5953718,35.8699866],[128.595353,35.869988],[128.5953558,35.8700796],[128.5953362,35.8700797],[128.5953368,35.8699965],[128.5952889,35.8699805]]]}},{"type":"Feature","id":1368014610,"properties":{"building":"commercial","layer":"0","source":"OpenStreetMap","heightM":9},"geometry":{"type":"Polygon","coordinates":[[[128.5945659,35.8706894],[128.5947508,35.8706675],[128.5948298,35.8706581],[128.5950335,35.8706339],[128.5949749,35.8703095],[128.5947829,35.8703323],[128.5946853,35.8703439],[128.5945072,35.8703651],[128.5945659,35.8706894]]]}},{"type":"Feature","id":1368009255,"properties":{"building":"retail","source":"OpenStreetMap","heightM":9},"geometry":{"type":"Polygon","coordinates":[[[128.59884,35.8710317],[128.5988192,35.8709417],[128.5989076,35.8709283],[128.5989284,35.8710183],[128.59884,35.8710317]]]}},{"type":"Feature","id":1368009254,"properties":{"building":"retail","source":"OpenStreetMap","heightM":9},"geometry":{"type":"Polygon","coordinates":[[[128.5988143,35.8709333],[128.5987935,35.8708433],[128.5988819,35.8708299],[128.5989027,35.8709199],[128.5988143,35.8709333]]]}},{"type":"Feature","id":1368009253,"properties":{"building":"retail","source":"OpenStreetMap","heightM":9},"geometry":{"type":"Polygon","coordinates":[[[128.5987939,35.870834],[128.5987731,35.8707439],[128.5988615,35.8707305],[128.5988823,35.8708206],[128.5987939,35.870834]]]}},{"type":"Feature","id":1161687823,"properties":{"addr:city":"대구광역시","addr:district":"중구","addr:housenumber":"33-2","addr:postcode":"41937","addr:street":"동성로","building":"yes","source":"OpenStreetMap","heightM":9},"geometry":{"type":"Polygon","coordinates":[[[128.5954119,35.8698651],[128.5955527,35.8698708],[128.5955703,35.869856],[128.5955225,35.8697271],[128.5954259,35.8697352],[128.5954119,35.8698651]]]}},{"type":"Feature","id":1368009252,"properties":{"building":"retail","source":"OpenStreetMap","heightM":9},"geometry":{"type":"Polygon","coordinates":[[[128.5987473,35.8706728],[128.5987153,35.8705718],[128.5988294,35.8705481],[128.5988614,35.8706491],[128.5987473,35.8706728]]]}},{"type":"Feature","id":1161103780,"properties":{"addr:city":"대구광역시","addr:district":"중구","addr:housenumber":"412-23","addr:postcode":"41937","addr:street":"중앙대로","building":"yes","source":"OpenStreetMap","heightM":9},"geometry":{"type":"Polygon","coordinates":[[[128.5951089,35.8698933],[128.5952911,35.8699054],[128.5952745,35.8699814],[128.5952111,35.8700456],[128.5950987,35.8700405],[128.5951089,35.8698933]]]}},{"type":"Feature","id":1161103719,"properties":{"addr:city":"대구광역시","addr:district":"중구","addr:housenumber":"81","addr:postcode":"41938","addr:street":"동성로2길","building":"yes","source":"OpenStreetMap","heightM":9},"geometry":{"type":"Polygon","coordinates":[[[128.5970645,35.8694034],[128.5970977,35.8695966],[128.596913,35.8695974],[128.596913,35.8695795],[128.5968721,35.869579],[128.5968734,35.8695325],[128.5968563,35.8695319],[128.5968593,35.8693937],[128.5970645,35.8694034]]]}},{"type":"Feature","id":1522066299,"properties":{"addr:city":"대구광역시","addr:district":"중구","addr:housenumber":"434-4","addr:postcode":"41909","addr:street":"중앙대로","addr:subdistrict":"포정동","building":"yes","source":"OpenStreetMap","heightM":9},"geometry":{"type":"Polygon","coordinates":[[[128.5943647,35.8719092],[128.5944622,35.8719125],[128.5944616,35.8718969],[128.594489,35.8718922],[128.5944809,35.8718117],[128.5943437,35.8718231],[128.5943647,35.8719092]]]}},{"type":"Feature","id":1161103713,"properties":{"addr:city":"대구광역시","addr:district":"중구","addr:housenumber":"32-1","addr:postcode":"41938","addr:street":"동성로","building":"yes","source":"OpenStreetMap","heightM":9},"geometry":{"type":"Polygon","coordinates":[[[128.595677,35.8695826],[128.5958141,35.8695769],[128.5958224,35.8697076],[128.5956853,35.8697133],[128.595677,35.8695826]]]}},{"type":"Feature","id":1368009256,"properties":{"building":"retail","source":"OpenStreetMap","heightM":9},"geometry":{"type":"Polygon","coordinates":[[[128.5988856,35.8707234],[128.5989033,35.8707885],[128.5990056,35.8707703],[128.5989879,35.8707051],[128.5988856,35.8707234]]]}},{"type":"Feature","id":1161687822,"properties":{"addr:city":"대구광역시","addr:district":"중구","addr:housenumber":"412-54","addr:postcode":"41937","addr:street":"중앙대로","building":"yes","source":"OpenStreetMap","heightM":9},"geometry":{"type":"Polygon","coordinates":[[[128.5953021,35.8698506],[128.5954003,35.8698618],[128.5954037,35.8697434],[128.5953242,35.8697376],[128.5953021,35.8698506]]]}},{"type":"Feature","id":1368009248,"properties":{"building":"retail","source":"OpenStreetMap","heightM":9},"geometry":{"type":"Polygon","coordinates":[[[128.5986968,35.8704869],[128.5989357,35.8704385],[128.5989582,35.8705111],[128.5987193,35.8705596],[128.5986968,35.8704869]]]}},{"type":"Feature","id":1368009251,"properties":{"building":"retail","source":"OpenStreetMap","heightM":9},"geometry":{"type":"Polygon","coordinates":[[[128.5988819,35.8706516],[128.5988501,35.8705486],[128.5989519,35.870528],[128.5989836,35.8706309],[128.5988819,35.8706516]]]}},{"type":"Feature","id":1280081452,"properties":{"building":"apartments","building:levels":"24","start_date":"2021","source":"OpenStreetMap","heightM":76.80000000000001},"geometry":{"type":"Polygon","coordinates":[[[128.5990293,35.8715682],[128.5994023,35.8714852],[128.5993122,35.8712194],[128.599199,35.8712446],[128.5992097,35.8712763],[128.5990561,35.8713105],[128.5990367,35.8712533],[128.5989306,35.871277],[128.5990293,35.8715682]]]}},{"type":"Feature","id":1161687821,"properties":{"addr:city":"대구광역시","addr:district":"중구","addr:housenumber":"31-3","addr:postcode":"41937","addr:street":"동성로","building":"yes","source":"OpenStreetMap","heightM":9},"geometry":{"type":"Polygon","coordinates":[[[128.5955224,35.86972],[128.5955014,35.8696538],[128.5953425,35.8696625],[128.5953378,35.869725],[128.5954262,35.8697274],[128.5955224,35.86972]]]}},{"type":"Feature","id":1368009259,"properties":{"building":"retail","source":"OpenStreetMap","heightM":9},"geometry":{"type":"Polygon","coordinates":[[[128.5990822,35.8710712],[128.5990627,35.8709427],[128.5991795,35.870931],[128.599199,35.8710596],[128.5990822,35.8710712]]]}},{"type":"Feature","id":1160887790,"properties":{"addr:city":"대구광역시","addr:district":"중구","addr:housenumber":"80","addr:postcode":"41938","addr:street":"동성로2길","amenity":"toilets","building":"toilets","wheelchair":"yes","source":"OpenStreetMap","heightM":9},"geometry":{"type":"Polygon","coordinates":[[[128.5971634,35.8693363],[128.5972181,35.8693516],[128.5972114,35.8693605],[128.5972098,35.8693693],[128.5972136,35.8693803],[128.597222,35.8693881],[128.5972358,35.8693934],[128.5972469,35.8694033],[128.5972576,35.8694174],[128.5972611,35.869432],[128.597261,35.869448],[128.5972566,35.8694596],[128.5972437,35.8694744],[128.5972321,35.8694815],[128.5972198,35.8694858],[128.5972032,35.869488],[128.5971946,35.8694876],[128.597185,35.8694859],[128.5971739,35.8694822],[128.59716,35.8694737],[128.5971859,35.8694477],[128.5971983,35.8694469],[128.5972063,35.8694407],[128.5972063,35.8694298],[128.597195,35.8694184],[128.5971789,35.8694116],[128.5971653,35.8693991],[128.5971588,35.8693862],[128.5971574,35.869373],[128.5971577,35.8693545],[128.5971634,35.8693363]]]}},{"type":"Feature","id":1161103781,"properties":{"addr:city":"대구광역시","addr:district":"중구","addr:housenumber":"412-21","addr:postcode":"41937","addr:street":"중앙대로","building":"yes","source":"OpenStreetMap","heightM":9},"geometry":{"type":"Polygon","coordinates":[[[128.5948507,35.8700147],[128.5948547,35.8699579],[128.5948638,35.8699583],[128.5948658,35.8699295],[128.5948756,35.86993],[128.5948789,35.8698823],[128.5951063,35.8698928],[128.595097,35.8700261],[128.5948507,35.8700147]]]}},{"type":"Feature","id":1161103714,"properties":{"addr:city":"대구광역시","addr:district":"중구","addr:housenumber":"32","addr:postcode":"41938","addr:street":"동성로","building":"yes","source":"OpenStreetMap","heightM":9},"geometry":{"type":"Polygon","coordinates":[[[128.595654,35.8694325],[128.5957801,35.8694499],[128.5958538,35.869483],[128.5958605,35.8695586],[128.5956714,35.8695656],[128.595654,35.8694325]]]}},{"type":"Feature","id":756278268,"properties":{"addr:city":"대구광역시","addr:district":"중구","addr:housenumber":"30","addr:postcode":"41938","addr:street":"동성로","building":"yes","building:levels":"12","source":"OpenStreetMap","heightM":38.400000000000006},"geometry":{"type":"Polygon","coordinates":[[[128.5956363,35.8694095],[128.595614,35.8691954],[128.5956178,35.8691764],[128.5956318,35.8691586],[128.5956571,35.8691427],[128.5956966,35.869136],[128.5959193,35.8690984],[128.5959317,35.8691726],[128.5959773,35.8691704],[128.5959833,35.8692211],[128.5961299,35.8692069],[128.5961274,35.8692408],[128.5961569,35.869243],[128.5961985,35.8691561],[128.5963393,35.8692028],[128.5962557,35.8695003],[128.5962286,35.8694973],[128.5962152,35.8695707],[128.5962038,35.8695707],[128.5961911,35.8696294],[128.5962536,35.8696363],[128.5962461,35.8697773],[128.5962963,35.8697815],[128.5962871,35.8699229],[128.5958977,35.8698772],[128.5959347,35.8697103],[128.5958483,35.8696972],[128.5958954,35.869481],[128.5958474,35.8694632],[128.5957532,35.8694256],[128.5956363,35.8694095]]]}},{"type":"Feature","id":1161687813,"properties":{"addr:city":"대구광역시","addr:district":"중구","addr:housenumber":"412-50","addr:postcode":"41937","addr:street":"중앙대로","building":"yes","source":"OpenStreetMap","heightM":9},"geometry":{"type":"Polygon","coordinates":[[[128.5950272,35.8698451],[128.5950346,35.869767],[128.5951157,35.8697721],[128.5951083,35.8698502],[128.5950272,35.8698451]]]}},{"type":"Feature","id":1161687818,"properties":{"addr:city":"대구광역시","addr:district":"중구","addr:housenumber":"31-1","addr:postcode":"41937","addr:street":"동성로","building":"yes","source":"OpenStreetMap","heightM":9},"geometry":{"type":"Polygon","coordinates":[[[128.5953425,35.8696527],[128.5953431,35.869581],[128.5954866,35.8695696],[128.5955007,35.8696397],[128.5953425,35.8696527]]]}},{"type":"Feature","id":1162040388,"properties":{"addr:city":"대구광역시","addr:district":"중구","addr:housenumber":"99","addr:postcode":"41938","addr:street":"동성로3길","building":"yes","source":"OpenStreetMap","heightM":9},"geometry":{"type":"Polygon","coordinates":[[[128.5982204,35.8698855],[128.5981676,35.8697069],[128.5983695,35.8696677],[128.5984223,35.8698463],[128.5982204,35.8698855]]]}},{"type":"Feature","id":1161103720,"properties":{"addr:city":"대구광역시","addr:district":"중구","addr:housenumber":"75","addr:postcode":"41938","addr:street":"동성로2길","building":"yes","source":"OpenStreetMap","heightM":9},"geometry":{"type":"Polygon","coordinates":[[[128.596855,35.8693668],[128.5968275,35.8693217],[128.5970132,35.8692285],[128.5970296,35.8692363],[128.5970528,35.8693836],[128.5969187,35.8693828],[128.5969187,35.86936],[128.596855,35.8693668]]]}},{"type":"Feature","id":1354812397,"properties":{"building":"commercial","source":"OpenStreetMap","heightM":9},"geometry":{"type":"Polygon","coordinates":[[[128.5986114,35.8701748],[128.5985777,35.8700451],[128.5987237,35.8700202],[128.5987376,35.8700738],[128.5987714,35.8700681],[128.5987911,35.8701442],[128.5986114,35.8701748]]]}},{"type":"Feature","id":1161103783,"properties":{"addr:city":"대구광역시","addr:district":"중구","addr:housenumber":"412-17","addr:postcode":"41937","addr:street":"중앙대로","building":"yes","source":"OpenStreetMap","heightM":9},"geometry":{"type":"Polygon","coordinates":[[[128.5946975,35.8701022],[128.5946985,35.8700585],[128.5947299,35.8699895],[128.5947789,35.8699992],[128.5947983,35.8698699],[128.5948687,35.8698743],[128.5948282,35.870087],[128.5947907,35.8701142],[128.5946975,35.8701022]]]}},{"type":"Feature","id":1160887786,"properties":{"addr:city":"대구광역시","addr:district":"중구","addr:housenumber":"582","addr:postcode":"41937","addr:street":"국채보상로","building":"yes","building:levels":"14","source":"OpenStreetMap","heightM":44.800000000000004},"geometry":{"type":"Polygon","coordinates":[[[128.5942385,35.8705206],[128.5942341,35.8704954],[128.594212,35.8704979],[128.5940884,35.8705037],[128.5940649,35.8705064],[128.5941093,35.8707604],[128.594141,35.870784],[128.594393,35.8707551],[128.5945052,35.8707423],[128.5945663,35.8707353],[128.5945598,35.8706983],[128.5945277,35.870514],[128.5943653,35.8705327],[128.5943607,35.8705065],[128.5942385,35.8705206]]]}},{"type":"Feature","id":1161687815,"properties":{"addr:city":"대구광역시","addr:district":"중구","addr:housenumber":"412-52","addr:postcode":"41937","addr:street":"중앙대로","building":"yes","source":"OpenStreetMap","heightM":9},"geometry":{"type":"Polygon","coordinates":[[[128.5952384,35.8695557],[128.5952789,35.869559],[128.5952777,35.8696494],[128.5952512,35.86986],[128.5951256,35.8698496],[128.5951402,35.8697337],[128.5950877,35.8697293],[128.5951022,35.8696141],[128.5952297,35.8696246],[128.5952384,35.8695557]]]}},{"type":"Feature","id":1161687814,"properties":{"addr:city":"대구광역시","addr:district":"중구","addr:housenumber":"412-48","addr:postcode":"41937","addr:street":"중앙대로","building":"yes","source":"OpenStreetMap","heightM":9},"geometry":{"type":"Polygon","coordinates":[[[128.5949308,35.8697569],[128.595024,35.8697682],[128.5950088,35.8698499],[128.5949272,35.8698399],[128.5949169,35.8698321],[128.5949308,35.8697569]]]}},{"type":"Feature","id":1161687819,"properties":{"addr:city":"대구광역시","addr:district":"중구","addr:housenumber":"31","addr:postcode":"41937","addr:street":"동성로","building":"yes","source":"OpenStreetMap","heightM":9},"geometry":{"type":"Polygon","coordinates":[[[128.5953583,35.8694875],[128.595474,35.8694767],[128.5954831,35.8695598],[128.5953493,35.8695704],[128.5953583,35.8694875]]]}},{"type":"Feature","id":1162040389,"properties":{"addr:city":"대구광역시","addr:district":"중구","addr:housenumber":"95","addr:postcode":"41938","addr:street":"동성로3길","building":"yes","source":"OpenStreetMap","heightM":9},"geometry":{"type":"Polygon","coordinates":[[[128.5981247,35.8696313],[128.5983319,35.8695886],[128.5983546,35.8696611],[128.5981474,35.8697038],[128.5981247,35.8696313]]]}},{"type":"Feature","id":1354812399,"properties":{"building":"commercial","source":"OpenStreetMap","heightM":9},"geometry":{"type":"Polygon","coordinates":[[[128.598815,35.8701666],[128.5988849,35.8701565],[128.598868,35.8700793],[128.598798,35.8700894],[128.598815,35.8701666]]]}},{"type":"Feature","id":1368009250,"properties":{"building":"retail","source":"OpenStreetMap","heightM":9},"geometry":{"type":"Polygon","coordinates":[[[128.5990548,35.8706331],[128.5992845,35.8706059],[128.5992632,35.8704874],[128.5990335,35.8705146],[128.5990548,35.8706331]]]}},{"type":"Feature","id":1354812398,"properties":{"building":"commercial","source":"OpenStreetMap","heightM":9},"geometry":{"type":"Polygon","coordinates":[[[128.5986178,35.870018],[128.5987613,35.8699941],[128.5987702,35.870019],[128.5988573,35.8700056],[128.5988304,35.8698925],[128.5986409,35.8698997],[128.5985961,35.8699381],[128.5986178,35.870018]]]}},{"type":"Feature","id":1416447695,"properties":{"building":"yes","source":"OpenStreetMap","heightM":9},"geometry":{"type":"Polygon","coordinates":[[[128.594584,35.8700832],[128.5946218,35.869945],[128.5946495,35.86995],[128.5946577,35.86992],[128.5947194,35.869931],[128.5946734,35.8700992],[128.594584,35.8700832]]]}},{"type":"Feature","id":1161103782,"properties":{"addr:city":"대구광역시","addr:district":"중구","addr:housenumber":"412-15","addr:postcode":"41937","addr:street":"중앙대로","building":"yes","source":"OpenStreetMap","heightM":9},"geometry":{"type":"Polygon","coordinates":[[[128.5946253,35.8698732],[128.5947886,35.8698757],[128.5947759,35.8699702],[128.5947362,35.8699667],[128.594743,35.8699164],[128.5946194,35.8699174],[128.5946253,35.8698732]]]}},{"type":"Feature","id":1161687812,"properties":{"addr:city":"대구광역시","addr:district":"중구","addr:housenumber":"412-42","addr:postcode":"41937","addr:street":"중앙대로","building":"yes","source":"OpenStreetMap","heightM":9},"geometry":{"type":"Polygon","coordinates":[[[128.5949503,35.8697355],[128.5950609,35.8697425],[128.5950681,35.8697255],[128.5950785,35.8696185],[128.5949624,35.8696111],[128.5949503,35.8697355]]]}},{"type":"Feature","id":1368009249,"properties":{"building":"retail","source":"OpenStreetMap","heightM":9},"geometry":{"type":"Polygon","coordinates":[[[128.5989992,35.8704258],[128.5992367,35.8703732],[128.5992592,35.8704399],[128.5990217,35.8704926],[128.5989992,35.8704258]]]}},{"type":"Feature","id":1160887787,"properties":{"addr:city":"대구광역시","addr:district":"중구","addr:housenumber":"418","addr:postcode":"41937","addr:street":"중앙대로","building":"yes","source":"OpenStreetMap","heightM":9},"geometry":{"type":"Polygon","coordinates":[[[128.5942252,35.8703963],[128.5943298,35.8703842],[128.5943405,35.8704448],[128.5943725,35.8704727],[128.5944636,35.8704622],[128.5944909,35.8704273],[128.5944514,35.8702037],[128.5943528,35.8702151],[128.5943413,35.8701498],[128.5943071,35.8701275],[128.5942131,35.8701384],[128.5941849,35.8701679],[128.5942252,35.8703963]]]}},{"type":"Feature","id":1161103728,"properties":{"addr:city":"대구광역시","addr:district":"중구","addr:housenumber":"17-1","addr:postcode":"41938","addr:street":"동성로6길","building":"yes","source":"OpenStreetMap","heightM":9},"geometry":{"type":"Polygon","coordinates":[[[128.5965941,35.869207],[128.5966605,35.8691331],[128.5967725,35.8691662],[128.5967564,35.8692559],[128.5965941,35.869207]]]}},{"type":"Feature","id":1161687816,"properties":{"addr:city":"대구광역시","addr:district":"중구","addr:housenumber":"25-2","addr:postcode":"41937","addr:street":"동성로","building":"yes","source":"OpenStreetMap","heightM":9},"geometry":{"type":"Polygon","coordinates":[[[128.5951071,35.8695328],[128.5951835,35.8695346],[128.5951829,35.8695508],[128.5952075,35.8695514],[128.5952053,35.8696107],[128.5951043,35.8696083],[128.5951071,35.8695328]]]}},{"type":"Feature","id":1161103727,"properties":{"addr:city":"대구광역시","addr:district":"중구","addr:housenumber":"71","addr:postcode":"41938","addr:street":"동성로2길","building":"yes","source":"OpenStreetMap","heightM":9},"geometry":{"type":"Polygon","coordinates":[[[128.5967792,35.8692382],[128.5967755,35.8691385],[128.5968536,35.869157],[128.5969512,35.8691076],[128.5969814,35.8691442],[128.5969968,35.8691907],[128.5969337,35.8692434],[128.5968757,35.8692736],[128.5967792,35.8692382]]]}},{"type":"Feature","id":1162040390,"properties":{"addr:city":"대구광역시","addr:district":"중구","addr:housenumber":"93","addr:postcode":"41938","addr:street":"동성로3길","building":"yes","source":"OpenStreetMap","heightM":9},"geometry":{"type":"Polygon","coordinates":[[[128.5983496,35.869567],[128.5983254,35.8694928],[128.5981039,35.8695401],[128.598128,35.8696143],[128.5983496,35.869567]]]}},{"type":"Feature","id":1354812402,"properties":{"building":"commercial","source":"OpenStreetMap","heightM":9},"geometry":{"type":"Polygon","coordinates":[[[128.5985295,35.8698427],[128.5985142,35.8697835],[128.5986794,35.8697472],[128.5987127,35.8698385],[128.5985295,35.8698427]]]}},{"type":"Feature","id":1161687817,"properties":{"addr:city":"대구광역시","addr:district":"중구","addr:housenumber":"25-1","addr:postcode":"41937","addr:street":"동성로","building":"yes","source":"OpenStreetMap","heightM":9},"geometry":{"type":"Polygon","coordinates":[[[128.5951915,35.8694751],[128.5952713,35.8694747],[128.595272,35.8695493],[128.5952128,35.8695496],[128.595192,35.869533],[128.5951915,35.8694751]]]}},{"type":"Feature","id":886869398,"properties":{"building":"office","source":"OpenStreetMap","heightM":9},"geometry":{"type":"Polygon","coordinates":[[[128.5992278,35.8719982],[128.5991868,35.871864],[128.5995677,35.8717876],[128.5996198,35.8719583],[128.5993769,35.872007],[128.5993657,35.8719705],[128.5992278,35.8719982]]]}},{"type":"Feature","id":1160887782,"properties":{"addr:city":"대구광역시","addr:district":"중구","addr:housenumber":"420","addr:postcode":"41937","addr:street":"중앙대로","building":"yes","source":"OpenStreetMap","heightM":9},"geometry":{"type":"Polygon","coordinates":[[[128.5940628,35.8704905],[128.5940467,35.870397],[128.594276,35.8704177],[128.5942794,35.8704307],[128.5942485,35.8704329],[128.5942411,35.8704812],[128.5941687,35.870484],[128.5941681,35.8704785],[128.5940628,35.8704905]]]}},{"type":"Feature","id":1162984995,"properties":{"addr:city":"대구광역시","addr:district":"중구","addr:housenumber":"412-18","addr:postcode":"41937","addr:street":"중앙대로","building":"yes","source":"OpenStreetMap","heightM":9},"geometry":{"type":"Polygon","coordinates":[[[128.5947853,35.8698186],[128.5947887,35.8697849],[128.5948205,35.869787],[128.5948265,35.8697268],[128.5948019,35.8697252],[128.5948069,35.8696748],[128.5948494,35.8696775],[128.5948514,35.8696576],[128.5949059,35.8696612],[128.5948896,35.8698254],[128.5947853,35.8698186]]]}},{"type":"Feature","id":1161103729,"properties":{"addr:city":"대구광역시","addr:district":"중구","addr:housenumber":"17","addr:postcode":"41938","addr:street":"동성로6길","building":"yes","source":"OpenStreetMap","heightM":9},"geometry":{"type":"Polygon","coordinates":[[[128.596462,35.8691918],[128.5965103,35.8690722],[128.5966169,35.8691173],[128.5965807,35.869226],[128.596462,35.8691918]]]}},{"type":"Feature","id":1361562248,"properties":{"building":"yes","source":"OpenStreetMap","heightM":9},"geometry":{"type":"Polygon","coordinates":[[[128.597454,35.8692369],[128.5974708,35.8692204],[128.5975516,35.8692035],[128.597578,35.8692105],[128.5975729,35.8692307],[128.5975643,35.8692406],[128.5975556,35.86925],[128.597549,35.8692529],[128.5975383,35.8692566],[128.5975287,35.8692607],[128.5975221,35.8692616],[128.5975104,35.8692616],[128.5974992,35.8692616],[128.5974921,35.8692595],[128.597483,35.869257],[128.5974738,35.8692542],[128.5974652,35.8692504],[128.597454,35.8692369]]]}},{"type":"Feature","id":886863501,"properties":{"addr:city":"대구광역시","addr:district":"중구","addr:housenumber":"80","addr:postcode":"41938","addr:street":"동성로2길","building":"yes","healthcare":"blood_donation","source":"OpenStreetMap","heightM":9},"geometry":{"type":"Polygon","coordinates":[[[128.5971544,35.8692248],[128.5971333,35.8691317],[128.5972098,35.8691203],[128.5972309,35.8692135],[128.5971544,35.8692248]]]}},{"type":"Feature","id":1549771030,"properties":{"amenity":"restaurant","building":"yes","source":"OpenStreetMap","heightM":9},"geometry":{"type":"Polygon","coordinates":[[[128.5939788,35.8721393],[128.5940967,35.8721465],[128.5941024,35.8720849],[128.5939845,35.8720777],[128.5939788,35.8721393]]]}},{"type":"Feature","id":1368009260,"properties":{"building":"retail","source":"OpenStreetMap","heightM":9},"geometry":{"type":"Polygon","coordinates":[[[128.5993396,35.8710196],[128.5993182,35.8708438],[128.5995443,35.8708257],[128.5995657,35.8710015],[128.5993396,35.8710196]]]}},{"type":"Feature","id":1162040391,"properties":{"addr:city":"대구광역시","addr:district":"중구","addr:housenumber":"91","addr:postcode":"41938","addr:street":"동성로3길","building":"yes","source":"OpenStreetMap","heightM":9},"geometry":{"type":"Polygon","coordinates":[[[128.5980852,35.8695317],[128.5980628,35.8694637],[128.5983043,35.8694115],[128.5983266,35.8694796],[128.5980852,35.8695317]]]}},{"type":"Feature","id":1162984994,"properties":{"addr:city":"대구광역시","addr:district":"중구","addr:housenumber":"412-16","addr:postcode":"41937","addr:street":"중앙대로","building":"yes","source":"OpenStreetMap","heightM":9},"geometry":{"type":"Polygon","coordinates":[[[128.5946809,35.8698156],[128.5946875,35.8697145],[128.5947845,35.8697186],[128.5947779,35.8698198],[128.5946809,35.8698156]]]}},{"type":"Feature","id":1361562250,"properties":{"building":"commercial","source":"OpenStreetMap","heightM":9},"geometry":{"type":"Polygon","coordinates":[[[128.5988906,35.8700422],[128.5988703,35.8699693],[128.5989545,35.8699539],[128.5989748,35.8700268],[128.5988906,35.8700422]]]}},{"type":"Feature","id":1161687820,"properties":{"addr:city":"대구광역시","addr:district":"중구","addr:housenumber":"27","addr:postcode":"41937","addr:street":"동성로","building":"yes","source":"OpenStreetMap","heightM":9},"geometry":{"type":"Polygon","coordinates":[[[128.5953408,35.8692854],[128.5953735,35.869285],[128.5954255,35.8693691],[128.5954664,35.8694661],[128.5953484,35.8694772],[128.5953408,35.8692854]]]}},{"type":"Feature","id":1549771038,"properties":{"building":"yes","source":"OpenStreetMap","heightM":9},"geometry":{"type":"Polygon","coordinates":[[[128.593982,35.8722654],[128.5941208,35.8722606],[128.5941182,35.8722117],[128.5940616,35.8722137],[128.5940596,35.8721745],[128.5939774,35.8721773],[128.593982,35.8722654]]]}},{"type":"Feature","id":1354812400,"properties":{"building":"commercial","source":"OpenStreetMap","heightM":9},"geometry":{"type":"Polygon","coordinates":[[[128.5989903,35.8701262],[128.5990639,35.8701263],[128.5990644,35.8700039],[128.5989907,35.8700037],[128.5989903,35.8701262]]]}},{"type":"Feature","id":1368009261,"properties":{"building":"retail","source":"OpenStreetMap","heightM":9},"geometry":{"type":"Polygon","coordinates":[[[128.5993668,35.8708],[128.5993593,35.870686],[128.5995022,35.8706798],[128.5995098,35.8707938],[128.5993668,35.8708]]]}},{"type":"Feature","id":1368009262,"properties":{"building":"retail","source":"OpenStreetMap","heightM":9},"geometry":{"type":"Polygon","coordinates":[[[128.5993777,35.8706739],[128.599374,35.8706238],[128.5994289,35.8706211],[128.5994326,35.8706713],[128.5993777,35.8706739]]]}},{"type":"Feature","id":1161103732,"properties":{"addr:city":"대구광역시","addr:district":"중구","addr:housenumber":"11","addr:postcode":"41938","addr:street":"동성로6길","building":"yes","source":"OpenStreetMap","heightM":9},"geometry":{"type":"Polygon","coordinates":[[[128.5959621,35.8690915],[128.5961096,35.8690562],[128.5961526,35.869107],[128.5961365,35.8691923],[128.5960134,35.8691904],[128.5960119,35.8691306],[128.5959618,35.8691301],[128.5959621,35.8690915]]]}},{"type":"Feature","id":1162984993,"properties":{"addr:city":"대구광역시","addr:district":"중구","addr:housenumber":"412-16","addr:postcode":"41937","addr:street":"중앙대로","building":"yes","source":"OpenStreetMap","heightM":9},"geometry":{"type":"Polygon","coordinates":[[[128.5946853,35.869708],[128.5946885,35.8696629],[128.5947986,35.8696681],[128.5947953,35.8697132],[128.5946853,35.869708]]]}},{"type":"Feature","id":1161103723,"properties":{"addr:city":"대구광역시","addr:district":"중구","addr:housenumber":"69","addr:postcode":"41938","addr:street":"동성로2길","building":"yes","source":"OpenStreetMap","heightM":9},"geometry":{"type":"Polygon","coordinates":[[[128.5967708,35.869132],[128.5967943,35.8690744],[128.5968204,35.8690777],[128.5969039,35.8690144],[128.5969351,35.8690011],[128.5969562,35.8689812],[128.5969586,35.8690739],[128.5968657,35.869122],[128.5968322,35.8691467],[128.5967708,35.869132]]]}},{"type":"Feature","id":1161103731,"properties":{"addr:city":"대구광역시","addr:district":"중구","addr:housenumber":"15","addr:postcode":"41938","addr:street":"동성로6길","building":"yes","source":"OpenStreetMap","heightM":9},"geometry":{"type":"Polygon","coordinates":[[[128.5961827,35.8691024],[128.5961465,35.8690443],[128.59629,35.8690182],[128.5963215,35.8691603],[128.5961827,35.8691024]]]}},{"type":"Feature","id":1161103733,"properties":{"addr:city":"대구광역시","addr:district":"중구","addr:housenumber":"425","addr:postcode":"41918","addr:street":"중앙대로","building":"yes","building:levels":"10","source":"OpenStreetMap","heightM":32},"geometry":{"type":"Polygon","coordinates":[[[128.593639,35.8710844],[128.5938368,35.871123],[128.593936,35.8712039],[128.5939897,35.8715278],[128.593744,35.87148],[128.5935894,35.8714533],[128.593639,35.8710844]]]}},{"type":"Feature","id":1368009247,"properties":{"building":"retail","source":"OpenStreetMap","heightM":9},"geometry":{"type":"Polygon","coordinates":[[[128.5992998,35.8705006],[128.5992618,35.8703639],[128.5993939,35.8703399],[128.599423,35.8704447],[128.5993944,35.87045],[128.5994032,35.8704818],[128.5992998,35.8705006]]]}},{"type":"Feature","id":1549771029,"properties":{"amenity":"restaurant","building":"yes","source":"OpenStreetMap","heightM":9},"geometry":{"type":"Polygon","coordinates":[[[128.5939789,35.8724105],[128.5939728,35.8722818],[128.5940648,35.872279],[128.5940709,35.8724076],[128.5939789,35.8724105]]]}},{"type":"Feature","id":1161103725,"properties":{"addr:city":"대구광역시","addr:district":"중구","addr:housenumber":"23-1","addr:postcode":"41938","addr:street":"동성로6길","building":"yes","source":"OpenStreetMap","heightM":9},"geometry":{"type":"Polygon","coordinates":[[[128.596639,35.8689391],[128.5967497,35.8689206],[128.5967792,35.8690413],[128.5967463,35.8691336],[128.5966545,35.8691119],[128.5966732,35.8690472],[128.596639,35.8689391]]]}},{"type":"Feature","id":1368009263,"properties":{"building":"retail","source":"OpenStreetMap","heightM":9},"geometry":{"type":"Polygon","coordinates":[[[128.5994402,35.8706602],[128.5994364,35.87061],[128.5994913,35.8706074],[128.599495,35.8706575],[128.5994402,35.8706602]]]}},{"type":"Feature","id":1162040392,"properties":{"addr:city":"대구광역시","addr:district":"중구","addr:housenumber":"89","addr:postcode":"41938","addr:street":"동성로3길","building":"yes","source":"OpenStreetMap","heightM":9},"geometry":{"type":"Polygon","coordinates":[[[128.5980577,35.8693015],[128.598252,35.869261],[128.5982939,35.8693932],[128.5980996,35.8694336],[128.5980577,35.8693015]]]}},{"type":"Feature","id":1161103726,"properties":{"addr:city":"대구광역시","addr:district":"중구","addr:housenumber":"19","addr:postcode":"41938","addr:street":"동성로6길","building":"yes","source":"OpenStreetMap","heightM":9},"geometry":{"type":"Polygon","coordinates":[[[128.5964533,35.8689804],[128.596633,35.8689407],[128.5966645,35.8690445],[128.5966478,35.869113],[128.5964841,35.8690445],[128.5964587,35.8690223],[128.5964533,35.8689804]]]}},{"type":"Feature","id":1273656450,"properties":{"building":"yes","building:levels":"18","start_date":"2023","source":"OpenStreetMap","heightM":57.6},"geometry":{"type":"Polygon","coordinates":[[[128.5935736,35.8718495],[128.5939823,35.8719184],[128.5939333,35.8716047],[128.5936727,35.8715484],[128.5935736,35.8718495]]]}},{"type":"Feature","id":1162984992,"properties":{"addr:city":"대구광역시","addr:district":"중구","addr:housenumber":"412-14","addr:postcode":"41937","addr:street":"중앙대로","building":"yes","source":"OpenStreetMap","heightM":9},"geometry":{"type":"Polygon","coordinates":[[[128.5945555,35.8698121],[128.5945684,35.8696449],[128.5946046,35.8696467],[128.5946105,35.8695703],[128.5947049,35.8695751],[128.5946995,35.8696446],[128.594684,35.8696438],[128.5946717,35.8698023],[128.5946007,35.8697987],[128.5945995,35.8698143],[128.5945555,35.8698121]]]}},{"type":"Feature","id":1354812401,"properties":{"building":"commercial","source":"OpenStreetMap","heightM":9},"geometry":{"type":"Polygon","coordinates":[[[128.5989685,35.8699623],[128.599085,35.869966],[128.5990894,35.8698768],[128.5989729,35.869873],[128.5989685,35.8699623]]]}},{"type":"Feature","id":1161103785,"properties":{"addr:city":"대구광역시","addr:district":"중구","addr:housenumber":"412","addr:postcode":"41937","addr:street":"중앙대로","building":"yes","source":"OpenStreetMap","heightM":9},"geometry":{"type":"Polygon","coordinates":[[[128.5940082,35.8699997],[128.5940134,35.8698657],[128.5945841,35.8698802],[128.5945766,35.8700736],[128.5945063,35.8700718],[128.594505,35.8701046],[128.5943653,35.870101],[128.5943657,35.870091],[128.5942902,35.8700891],[128.5941811,35.8700707],[128.5941821,35.8700458],[128.5941373,35.8700447],[128.5941062,35.8700345],[128.5941066,35.8700246],[128.594092,35.8700242],[128.5940262,35.87001],[128.5940082,35.8699997]]]}},{"type":"Feature","id":1368009265,"properties":{"building":"retail","source":"OpenStreetMap","heightM":9},"geometry":{"type":"Polygon","coordinates":[[[128.5995379,35.8708032],[128.5995975,35.870801],[128.5995908,35.87068],[128.5995313,35.8706821],[128.5995379,35.8708032]]]}},{"type":"Feature","id":1549771037,"properties":{"building":"yes","source":"OpenStreetMap","heightM":9},"geometry":{"type":"Polygon","coordinates":[[[128.5941141,35.872653],[128.5941002,35.8725632],[128.5939824,35.8725751],[128.5939773,35.8725426],[128.5940566,35.8725345],[128.5940542,35.8725191],[128.5941702,35.8725074],[128.5941774,35.8725537],[128.594138,35.8725577],[128.5941521,35.8726492],[128.5941141,35.872653]]]}},{"type":"Feature","id":1162040393,"properties":{"addr:city":"대구광역시","addr:district":"중구","addr:housenumber":"87","addr:postcode":"41938","addr:street":"동성로3길","building":"yes","source":"OpenStreetMap","heightM":9},"geometry":{"type":"Polygon","coordinates":[[[128.5979977,35.8693005],[128.597949,35.8691985],[128.5980491,35.8691671],[128.5980978,35.8692691],[128.5979977,35.8693005]]]}},{"type":"Feature","id":1161103784,"properties":{"addr:city":"대구광역시","addr:district":"중구","addr:housenumber":"25","addr:postcode":"41937","addr:street":"동성로","building":"commercial","source":"OpenStreetMap","heightM":9},"geometry":{"type":"Polygon","coordinates":[[[128.595306,35.8692228],[128.5952472,35.8692951],[128.595259,35.8694693],[128.5951619,35.8694736],[128.5951651,35.8695215],[128.595037,35.8695272],[128.5950419,35.8695998],[128.594978,35.8696026],[128.5949653,35.8694143],[128.5949578,35.869304],[128.5949525,35.8692256],[128.594973,35.8692207],[128.5950661,35.8691984],[128.5951151,35.8691867],[128.5952282,35.8691597],[128.595253,35.8691614],[128.595306,35.8692228]]]}},{"type":"Feature","id":1161103724,"properties":{"addr:city":"대구광역시","addr:district":"중구","addr:housenumber":"25","addr:postcode":"41938","addr:street":"동성로6길","building":"yes","source":"OpenStreetMap","heightM":9},"geometry":{"type":"Polygon","coordinates":[[[128.5967896,35.8690483],[128.5967581,35.8689185],[128.5968892,35.868894],[128.5969415,35.8689277],[128.5969461,35.8689739],[128.5969183,35.8689888],[128.5968898,35.8689913],[128.5968395,35.8690236],[128.596806,35.8690299],[128.5967896,35.8690483]]]}},{"type":"Feature","id":1368009264,"properties":{"building":"retail","source":"OpenStreetMap","heightM":9},"geometry":{"type":"Polygon","coordinates":[[[128.5995242,35.8706393],[128.5995205,35.8705892],[128.5995754,35.8705865],[128.5995791,35.8706367],[128.5995242,35.8706393]]]}},{"type":"Feature","id":1549771035,"properties":{"building":"yes","source":"OpenStreetMap","heightM":9},"geometry":{"type":"Polygon","coordinates":[[[128.5941228,35.8727833],[128.5941121,35.8727251],[128.5942158,35.8727125],[128.5942265,35.8727708],[128.5941228,35.8727833]]]}},{"type":"Feature","id":1162984991,"properties":{"addr:city":"대구광역시","addr:district":"중구","addr:housenumber":"412-10","addr:postcode":"41937","addr:street":"중앙대로","building":"yes","source":"OpenStreetMap","heightM":9},"geometry":{"type":"Polygon","coordinates":[[[128.5943325,35.869791],[128.5943379,35.8696885],[128.594559,35.8696961],[128.5945536,35.8697986],[128.5943325,35.869791]]]}},{"type":"Feature","id":1368009246,"properties":{"building":"retail","source":"OpenStreetMap","heightM":9},"geometry":{"type":"Polygon","coordinates":[[[128.5994849,35.870523],[128.5994571,35.8704348],[128.5995517,35.8704152],[128.5995795,35.8705035],[128.5994849,35.870523]]]}},{"type":"Feature","id":1161687810,"properties":{"addr:city":"대구광역시","addr:district":"중구","addr:housenumber":"31","addr:postcode":"41938","addr:street":"동성로6길","building":"yes","source":"OpenStreetMap","heightM":9},"geometry":{"type":"Polygon","coordinates":[[[128.5970793,35.8691176],[128.5970424,35.8689125],[128.5971004,35.868841],[128.5972124,35.8688272],[128.5972328,35.8689182],[128.5971631,35.8689285],[128.5971708,35.8689666],[128.597147,35.8689728],[128.5971621,35.869053],[128.5970793,35.8691176]]]}},{"type":"Feature","id":1368009245,"properties":{"building":"retail","source":"OpenStreetMap","heightM":9},"geometry":{"type":"Polygon","coordinates":[[[128.5994515,35.8704254],[128.5994237,35.8703371],[128.5995183,35.8703176],[128.5995461,35.8704059],[128.5994515,35.8704254]]]}},{"type":"Feature","id":1549771032,"properties":{"amenity":"restaurant","building":"yes","source":"OpenStreetMap","heightM":9},"geometry":{"type":"Polygon","coordinates":[[[128.5939801,35.8726911],[128.5939756,35.8725826],[128.5940857,35.8725795],[128.5940903,35.872688],[128.5939801,35.8726911]]]}},{"type":"Feature","id":1549771033,"properties":{"amenity":"restaurant","building":"yes","source":"OpenStreetMap","heightM":9},"geometry":{"type":"Polygon","coordinates":[[[128.5941448,35.8728893],[128.594247,35.8728797],[128.5942346,35.8727927],[128.5941324,35.8728023],[128.5941448,35.8728893]]]}},{"type":"Feature","id":1276319534,"properties":{"building":"commercial","source":"OpenStreetMap","heightM":9},"geometry":{"type":"Polygon","coordinates":[[[128.5947215,35.8695537],[128.594774,35.8695547],[128.5947869,35.8695422],[128.5948304,35.8695422],[128.5948394,35.8694654],[128.5948598,35.8694623],[128.5947958,35.8693316],[128.5947279,35.8693679],[128.5947305,35.8693959],[128.5946383,35.8694136],[128.5946422,35.8694769],[128.5947292,35.8694706],[128.5947215,35.8695537]]]}},{"type":"Feature","id":1368009268,"properties":{"building":"retail","source":"OpenStreetMap","heightM":9},"geometry":{"type":"Polygon","coordinates":[[[128.5996716,35.8709749],[128.5998222,35.8709707],[128.5998186,35.8708824],[128.5996679,35.8708865],[128.5996716,35.8709749]]]}},{"type":"Feature","id":1162040394,"properties":{"addr:city":"대구광역시","addr:district":"중구","addr:housenumber":"85","addr:postcode":"41938","addr:street":"동성로3길","building":"yes","source":"OpenStreetMap","heightM":9},"geometry":{"type":"Polygon","coordinates":[[[128.5981237,35.8692368],[128.598115,35.8692113],[128.5981353,35.8692068],[128.5981159,35.8691506],[128.5981525,35.8691424],[128.5981427,35.869114],[128.5981981,35.8691015],[128.5982359,35.8692114],[128.5981237,35.8692368]]]}},{"type":"Feature","id":1161103737,"properties":{"addr:city":"대구광역시","addr:district":"중구","addr:housenumber":"421","addr:postcode":"41935","addr:street":"중앙대로","building":"yes","building:levels":"10","source":"OpenStreetMap","heightM":32},"geometry":{"type":"Polygon","coordinates":[[[128.5936387,35.8708184],[128.5936485,35.870777],[128.5936393,35.8706888],[128.5936524,35.8706885],[128.593647,35.8706304],[128.5937181,35.870625],[128.5937188,35.870635],[128.5937919,35.8706271],[128.5938137,35.8707418],[128.5937295,35.8708217],[128.5936387,35.8708184]]]}},{"type":"Feature","id":1522122846,"properties":{"alt_name":"로얄상구게임장","alt_name:en":"Royal Sanggu","alt_name:ko":"로얄상구","building":"yes","leisure":"amusement_arcade","name":"로얄게임장노래방","name:en":"Daegu Royal Game Center","name:ko":"로얄게임장노래방","source":"OpenStreetMap","heightM":9},"geometry":{"type":"Polygon","coordinates":[[[128.5948082,35.8735493],[128.5947894,35.8734363],[128.5950006,35.8734156],[128.5950221,35.8735172],[128.5948082,35.8735493]]]}},{"type":"Feature","id":1549771036,"properties":{"building":"yes","source":"OpenStreetMap","heightM":9},"geometry":{"type":"Polygon","coordinates":[[[128.5939898,35.8727862],[128.5940922,35.8727847],[128.5940902,35.872697],[128.5940392,35.8726978],[128.5940396,35.8727138],[128.5940139,35.8727142],[128.5940143,35.8727327],[128.5939886,35.8727331],[128.5939898,35.8727862]]]}},{"type":"Feature","id":1368009266,"properties":{"building":"retail","source":"OpenStreetMap","heightM":9},"geometry":{"type":"Polygon","coordinates":[[[128.5996559,35.8706163],[128.5998127,35.8706065],[128.5998357,35.8708503],[128.5996789,35.87086],[128.5996559,35.8706163]]]}},{"type":"Feature","id":886869425,"properties":{"building":"commercial","source":"OpenStreetMap","heightM":9},"geometry":{"type":"Polygon","coordinates":[[[128.5958366,35.868989],[128.5958088,35.8688789],[128.5959286,35.868859],[128.5959563,35.8689692],[128.5958366,35.868989]]]}},{"type":"Feature","id":886869424,"properties":{"building":"commercial","source":"OpenStreetMap","heightM":9},"geometry":{"type":"Polygon","coordinates":[[[128.5957035,35.8690117],[128.5956834,35.8688898],[128.5957991,35.8688773],[128.5958192,35.8689992],[128.5957035,35.8690117]]]}},{"type":"Feature","id":886869426,"properties":{"building":"commercial","source":"OpenStreetMap","heightM":9},"geometry":{"type":"Polygon","coordinates":[[[128.5960262,35.8689581],[128.5959772,35.8688246],[128.5961842,35.8687746],[128.5962333,35.8689081],[128.5960262,35.8689581]]]}},{"type":"Feature","id":886869437,"properties":{"addr:city":"대구광역시","addr:district":"중구","addr:housenumber":"83","addr:postcode":"41938","addr:street":"동성로3길","building":"commercial","source":"OpenStreetMap","heightM":9},"geometry":{"type":"Polygon","coordinates":[[[128.5979669,35.8691722],[128.5979379,35.8690743],[128.5979406,35.8690506],[128.5979533,35.869026],[128.5979709,35.8690087],[128.5979979,35.8689941],[128.5981678,35.8689607],[128.5982024,35.869077],[128.5981224,35.8690927],[128.5981363,35.8691392],[128.5979669,35.8691722]]]}},{"type":"Feature","id":1161103734,"properties":{"addr:city":"대구광역시","addr:district":"중구","addr:housenumber":"417-1","addr:postcode":"41935","addr:street":"중앙대로","building":"yes","source":"OpenStreetMap","heightM":9},"geometry":{"type":"Polygon","coordinates":[[[128.593647,35.8705959],[128.5937832,35.870585],[128.5937637,35.8704155],[128.5936557,35.8704231],[128.593647,35.8705959]]]}},{"type":"Feature","id":886869423,"properties":{"building":"commercial","source":"OpenStreetMap","heightM":9},"geometry":{"type":"Polygon","coordinates":[[[128.595652,35.8690372],[128.5955755,35.8689873],[128.5955668,35.8688815],[128.5956676,35.8688761],[128.5956807,35.8690357],[128.595652,35.8690372]]]}},{"type":"Feature","id":1549771031,"properties":{"amenity":"restaurant","building":"yes","source":"OpenStreetMap","heightM":9},"geometry":{"type":"Polygon","coordinates":[[[128.5939813,35.872903],[128.5939749,35.8728173],[128.5941273,35.8728099],[128.5941337,35.8728956],[128.5939813,35.872903]]]}},{"type":"Feature","id":1276319533,"properties":{"building":"commercial","source":"OpenStreetMap","heightM":9},"geometry":{"type":"Polygon","coordinates":[[[128.5945179,35.8695524],[128.5945995,35.8695448],[128.5945795,35.8694034],[128.5944978,35.869411],[128.5945179,35.8695524]]]}},{"type":"Feature","id":1162984990,"properties":{"addr:city":"대구광역시","addr:district":"중구","addr:housenumber":"412-8","addr:postcode":"41937","addr:street":"중앙대로","building":"yes","source":"OpenStreetMap","heightM":9},"geometry":{"type":"Polygon","coordinates":[[[128.5942102,35.869782],[128.5943249,35.8697883],[128.5943334,35.8696863],[128.5943245,35.8696858],[128.5943287,35.8696352],[128.5942961,35.8696334],[128.5942976,35.8696157],[128.5942244,35.8696118],[128.5942102,35.869782]]]}},{"type":"Feature","id":1368009244,"properties":{"building":"retail","source":"OpenStreetMap","heightM":9},"geometry":{"type":"Polygon","coordinates":[[[128.599607,35.8704836],[128.5995578,35.8703109],[128.5997047,35.8702834],[128.5997367,35.8703958],[128.5996882,35.8704048],[128.5997054,35.8704651],[128.599607,35.8704836]]]}},{"type":"Feature","id":1161687809,"properties":{"addr:city":"대구광역시","addr:district":"중구","addr:housenumber":"33","addr:postcode":"41938","addr:street":"동성로6길","building":"yes","source":"OpenStreetMap","heightM":9},"geometry":{"type":"Polygon","coordinates":[[[128.5972461,35.8688176],[128.5974498,35.8687772],[128.597476,35.8688639],[128.5972723,35.8689043],[128.5972461,35.8688176]]]}},{"type":"Feature","id":886869449,"properties":{"building":"office","building:levels":"10","start_date":"2020","source":"OpenStreetMap","heightM":32},"geometry":{"type":"Polygon","coordinates":[[[128.5991786,35.8700753],[128.5991278,35.869914],[128.5995903,35.8698185],[128.5996411,35.8699798],[128.5991786,35.8700753]]]}},{"type":"Feature","id":1161687811,"properties":{"addr:city":"대구광역시","addr:district":"중구","addr:housenumber":"26","addr:postcode":"41941","addr:street":"동성로","building":"yes","source":"OpenStreetMap","heightM":9},"geometry":{"type":"Polygon","coordinates":[[[128.5952875,35.868981],[128.5953345,35.868966],[128.5953392,35.8689511],[128.5954354,35.868941],[128.5954384,35.8689723],[128.5954458,35.8689725],[128.5954525,35.8690568],[128.5953586,35.8690706],[128.5952875,35.868981]]]}},{"type":"Feature","id":1276319532,"properties":{"building":"commercial","source":"OpenStreetMap","heightM":9},"geometry":{"type":"Polygon","coordinates":[[[128.5944234,35.8695659],[128.594505,35.8695583],[128.5944849,35.8694169],[128.5944033,35.8694246],[128.5944234,35.8695659]]]}},{"type":"Feature","id":886869427,"properties":{"building":"commercial","source":"OpenStreetMap","heightM":9},"geometry":{"type":"Polygon","coordinates":[[[128.5967371,35.8688286],[128.5967254,35.8687246],[128.5968813,35.8687003],[128.5968952,35.8687471],[128.5968576,35.868809],[128.5967371,35.8688286]]]}},{"type":"Feature","id":1416447694,"properties":{"building":"yes","source":"OpenStreetMap","heightM":9},"geometry":{"type":"Polygon","coordinates":[[[128.5964045,35.8688834],[128.5963504,35.8687065],[128.5964519,35.8686861],[128.5964735,35.8687568],[128.5965313,35.8687452],[128.5965371,35.8687641],[128.5966495,35.8687415],[128.5966762,35.8688289],[128.5964045,35.8688834]]]}},{"type":"Feature","id":886869438,"properties":{"addr:city":"대구광역시","addr:district":"중구","addr:housenumber":"45","addr:postcode":"41938","addr:street":"동성로6길","building":"commercial","source":"OpenStreetMap","heightM":9},"geometry":{"type":"Polygon","coordinates":[[[128.5978518,35.8690406],[128.5977767,35.8689057],[128.5979148,35.8688635],[128.5979179,35.8688847],[128.5979477,35.8688845],[128.5979555,35.868972],[128.5979163,35.8689701],[128.5979185,35.8690159],[128.5978518,35.8690406]]]}},{"type":"Feature","id":1354860043,"properties":{"building":"retail","source":"OpenStreetMap","heightM":9},"geometry":{"type":"Polygon","coordinates":[[[128.593657,35.8704125],[128.5936398,35.8703299],[128.5937301,35.8703176],[128.5937473,35.8704001],[128.593657,35.8704125]]]}},{"type":"Feature","id":1549771034,"properties":{"building":"yes","source":"OpenStreetMap","heightM":9},"geometry":{"type":"Polygon","coordinates":[[[128.5942832,35.8731386],[128.5941224,35.8731351],[128.5941212,35.8731684],[128.5940352,35.8731665],[128.5940424,35.8729512],[128.5940647,35.8729284],[128.59429,35.8729333],[128.5942832,35.8731386]]]}},{"type":"Feature","id":886869453,"properties":{"addr:city":"대구광역시","addr:district":"중구","addr:housenumber":"573","addr:postcode":"41918","addr:street":"국채보상로","building":"office","source":"OpenStreetMap","heightM":9},"geometry":{"type":"Polygon","coordinates":[[[128.5932878,35.8712079],[128.593321,35.871052],[128.5935782,35.871088],[128.5935449,35.8712439],[128.5932878,35.8712079]]]}},{"type":"Feature","id":1368009267,"properties":{"building":"retail","source":"OpenStreetMap","heightM":9},"geometry":{"type":"Polygon","coordinates":[[[128.5998393,35.8709583],[128.5998942,35.8709545],[128.5999713,35.8709242],[128.6000273,35.8708419],[128.6000261,35.8708286],[128.5998475,35.8708315],[128.5998393,35.8709583]]]}},{"type":"Feature","id":1162984989,"properties":{"addr:city":"대구광역시","addr:district":"중구","addr:housenumber":"412-6","addr:postcode":"41937","addr:street":"중앙대로","building":"yes","source":"OpenStreetMap","heightM":9},"geometry":{"type":"Polygon","coordinates":[[[128.5940911,35.8696861],[128.5941077,35.8696456],[128.5942168,35.8696501],[128.5942072,35.8698014],[128.5940842,35.8697962],[128.5940911,35.8696861]]]}},{"type":"Feature","id":1354860044,"properties":{"building":"retail","source":"OpenStreetMap","heightM":9},"geometry":{"type":"Polygon","coordinates":[[[128.5936327,35.870324],[128.5936154,35.8702415],[128.5937057,35.8702291],[128.5937229,35.8703117],[128.5936327,35.870324]]]}},{"type":"Feature","id":1162040396,"properties":{"addr:city":"대구광역시","addr:district":"중구","addr:housenumber":"79","addr:postcode":"41938","addr:street":"동성로3길","building":"yes","source":"OpenStreetMap","heightM":9},"geometry":{"type":"Polygon","coordinates":[[[128.5979978,35.8689314],[128.5981477,35.8688997],[128.5981644,35.8689515],[128.5980145,35.8689831],[128.5979978,35.8689314]]]}},{"type":"Feature","id":1280074009,"properties":{"building":"retail","source":"OpenStreetMap","heightM":9},"geometry":{"type":"Polygon","coordinates":[[[128.5959433,35.8687479],[128.595987,35.8688206],[128.5961631,35.8687512],[128.5961195,35.8686785],[128.5959433,35.8687479]]]}},{"type":"Feature","id":1161687808,"properties":{"addr:city":"대구광역시","addr:district":"중구","addr:housenumber":"39","addr:postcode":"41938","addr:street":"동성로6길","building":"yes","source":"OpenStreetMap","heightM":9},"geometry":{"type":"Polygon","coordinates":[[[128.5974662,35.8687735],[128.5976575,35.8687347],[128.5976811,35.8688108],[128.5974897,35.8688496],[128.5974662,35.8687735]]]}},{"type":"Feature","id":1290432006,"properties":{"building":"yes","source":"OpenStreetMap","heightM":9},"geometry":{"type":"Polygon","coordinates":[[[128.5935155,35.8705024],[128.5936006,35.8705026],[128.5936008,35.870445],[128.5935156,35.8704449],[128.5935155,35.8705024]]]}},{"type":"Feature","id":1276319546,"properties":{"building":"commercial","source":"OpenStreetMap","heightM":9},"geometry":{"type":"Polygon","coordinates":[[[128.5949646,35.8691338],[128.5950554,35.8691016],[128.5950183,35.8690328],[128.595108,35.869001],[128.5950876,35.8689634],[128.5949535,35.869011],[128.5949896,35.8690779],[128.5949432,35.8690943],[128.5949646,35.8691338]]]}},{"type":"Feature","id":1276319531,"properties":{"building":"commercial","source":"OpenStreetMap","heightM":9},"geometry":{"type":"Polygon","coordinates":[[[128.5942882,35.869495],[128.5943961,35.8694868],[128.594389,35.8694246],[128.594281,35.8694328],[128.5942882,35.869495]]]}},{"type":"Feature","id":1280074006,"properties":{"building":"retail","source":"OpenStreetMap","heightM":9},"geometry":{"type":"Polygon","coordinates":[[[128.5955448,35.8688285],[128.5955293,35.8687337],[128.5957739,35.8687073],[128.5958271,35.8687367],[128.5958452,35.8688464],[128.5956728,35.868865],[128.5956647,35.8688156],[128.5955448,35.8688285]]]}},{"type":"Feature","id":1162984988,"properties":{"addr:city":"대구광역시","addr:district":"중구","addr:housenumber":"412-4","addr:postcode":"41937","addr:street":"중앙대로","building":"yes","source":"OpenStreetMap","heightM":9},"geometry":{"type":"Polygon","coordinates":[[[128.594047,35.8696189],[128.594108,35.8696306],[128.5940862,35.8696887],[128.5940765,35.8697974],[128.593993,35.8697928],[128.5940091,35.8696914],[128.594047,35.8696189]]]}},{"type":"Feature","id":1280074016,"properties":{"building":"retail","source":"OpenStreetMap","heightM":9},"geometry":{"type":"Polygon","coordinates":[[[128.5969675,35.8687147],[128.5970334,35.8687542],[128.5971172,35.8686623],[128.5970116,35.8685991],[128.5969146,35.8686039],[128.5969499,35.8686313],[128.5969325,35.8686566],[128.5969631,35.8686703],[128.5969499,35.8686897],[128.5969675,35.8687147]]]}},{"type":"Feature","id":886869429,"properties":{"building":"commercial","source":"OpenStreetMap","heightM":9},"geometry":{"type":"Polygon","coordinates":[[[128.5968643,35.8686938],[128.5968254,35.8685808],[128.5966632,35.8685949],[128.5965371,35.8686406],[128.5965586,35.8687069],[128.5967262,35.8687047],[128.5968643,35.8686938]]]}},{"type":"Feature","id":1368009243,"properties":{"building":"retail","source":"OpenStreetMap","heightM":9},"geometry":{"type":"Polygon","coordinates":[[[128.5997651,35.8704086],[128.5997339,35.8702878],[128.5998913,35.8702611],[128.5999225,35.870382],[128.5997651,35.8704086]]]}},{"type":"Feature","id":1162040397,"properties":{"addr:city":"대구광역시","addr:district":"중구","addr:housenumber":"77","addr:postcode":"41938","addr:street":"동성로3길","building":"yes","source":"OpenStreetMap","heightM":9},"geometry":{"type":"Polygon","coordinates":[[[128.5979934,35.8688411],[128.5981164,35.8688132],[128.5981424,35.8688886],[128.5979945,35.8689221],[128.5979814,35.8688842],[128.5979926,35.8688816],[128.5979855,35.8688612],[128.5979993,35.8688581],[128.5979934,35.8688411]]]}},{"type":"Feature","id":1276323129,"properties":{"building":"commercial","source":"OpenStreetMap","heightM":9},"geometry":{"type":"Polygon","coordinates":[[[128.5953048,35.8689179],[128.595407,35.8689136],[128.5953974,35.8688351],[128.5953303,35.8688351],[128.5953431,35.8688688],[128.5952931,35.8688903],[128.5953048,35.8689179]]]}},{"type":"Feature","id":1276319530,"properties":{"building":"commercial","source":"OpenStreetMap","heightM":9},"geometry":{"type":"Polygon","coordinates":[[[128.5941532,35.8695714],[128.5941404,35.8694506],[128.5942316,35.8694442],[128.5942349,35.8694758],[128.5942503,35.8694789],[128.5942548,35.8695214],[128.5943122,35.8695174],[128.5943167,35.86956],[128.5941532,35.8695714]]]}},{"type":"Feature","id":1361562257,"properties":{"building":"apartments","source":"OpenStreetMap","heightM":9},"geometry":{"type":"Polygon","coordinates":[[[128.5985353,35.869677],[128.5984701,35.8694709],[128.5985431,35.8694557],[128.5985182,35.8693769],[128.5987748,35.8693236],[128.5987885,35.869367],[128.5990423,35.8693144],[128.5991344,35.8692189],[128.59909,35.8691908],[128.5992425,35.8691608],[128.5993427,35.869202],[128.5993627,35.8692794],[128.5994516,35.8693342],[128.5993576,35.8694345],[128.5992456,35.8693655],[128.5991963,35.869418],[128.599147,35.8694255],[128.5991178,35.869463],[128.5989976,35.8694804],[128.5988805,35.8696053],[128.5985353,35.869677]]]}},{"type":"Feature","id":1276319535,"properties":{"building":"commercial","source":"OpenStreetMap","heightM":9},"geometry":{"type":"Polygon","coordinates":[[[128.5944987,35.8693669],[128.5944539,35.8692569],[128.5945026,35.8692247],[128.5944872,35.8691759],[128.5945807,35.8691479],[128.5946101,35.8691977],[128.594564,35.8692237],[128.5945922,35.8692942],[128.5946434,35.8692922],[128.5946562,35.8693139],[128.5944987,35.8693669]]]}},{"type":"Feature","id":1161687807,"properties":{"addr:city":"대구광역시","addr:district":"중구","addr:housenumber":"43","addr:postcode":"41938","addr:street":"동성로6길","building":"yes","source":"OpenStreetMap","heightM":9},"geometry":{"type":"Polygon","coordinates":[[[128.5977557,35.8688724],[128.5976773,35.8687283],[128.5978682,35.8686883],[128.5979052,35.8688391],[128.5977557,35.8688724]]]}},{"type":"Feature","id":1354860045,"properties":{"building":"retail","source":"OpenStreetMap","heightM":9},"geometry":{"type":"Polygon","coordinates":[[[128.593606,35.8702153],[128.5935888,35.8701328],[128.5936791,35.8701204],[128.5936963,35.870203],[128.593606,35.8702153]]]}},{"type":"Feature","id":1185547681,"properties":{"building":"commercial","building:levels":"7","source":"OpenStreetMap","heightM":22.400000000000002},"geometry":{"type":"Polygon","coordinates":[[[128.593882,35.8728364],[128.5938978,35.8721142],[128.5938424,35.8720565],[128.5936404,35.8720147],[128.5933076,35.8719537],[128.5933512,35.8726053],[128.5932403,35.8727947],[128.5932403,35.8728429],[128.5934859,35.8728974],[128.593882,35.8728364]]]}},{"type":"Feature","id":1276319542,"properties":{"building":"commercial","source":"OpenStreetMap","heightM":9},"geometry":{"type":"Polygon","coordinates":[[[128.5947648,35.8692176],[128.5948317,35.8691873],[128.5948534,35.8691458],[128.5948359,35.8690056],[128.5947075,35.8690161],[128.5945568,35.8690842],[128.5946342,35.8691967],[128.5947228,35.8691566],[128.5947648,35.8692176]]]}},{"type":"Feature","id":1187659790,"properties":{"amenity":"restaurant","building":"yes","building:levels":"2","cuisine":"chinese","name":"중화반점","name:en":"Junghwa restaurant","name:ja":"中和飯店","source":"OpenStreetMap","heightM":6.4},"geometry":{"type":"Polygon","coordinates":[[[128.5944683,35.8693596],[128.594451,35.8692892],[128.5943582,35.8693068],[128.5943785,35.8693761],[128.5944683,35.8693596]]]}},{"type":"Feature","id":1368009269,"properties":{"building":"retail","source":"OpenStreetMap","heightM":9},"geometry":{"type":"Polygon","coordinates":[[[128.5999811,35.8708226],[128.6000814,35.8708249],[128.6000859,35.8706998],[128.5999856,35.8706974],[128.5999811,35.8708226]]]}},{"type":"Feature","id":1354860042,"properties":{"building":"commercial","source":"OpenStreetMap","heightM":9},"geometry":{"type":"Polygon","coordinates":[[[128.5934403,35.870437],[128.5934286,35.8702852],[128.5934989,35.8702748],[128.5934925,35.8702403],[128.5936032,35.8702274],[128.593633,35.8704085],[128.5935532,35.8704137],[128.5935595,35.8704404],[128.5934403,35.870437]]]}},{"type":"Feature","id":1162984987,"properties":{"addr:city":"대구광역시","addr:district":"중구","addr:housenumber":"412-2","addr:postcode":"41937","addr:street":"중앙대로","building":"yes","source":"OpenStreetMap","heightM":9},"geometry":{"type":"Polygon","coordinates":[[[128.5939206,35.8697898],[128.5939863,35.8697917],[128.5940145,35.8696398],[128.5938546,35.8696091],[128.5938834,35.8697534],[128.5939206,35.8697898]]]}},{"type":"Feature","id":1276323128,"properties":{"building":"commercial","source":"OpenStreetMap","heightM":9},"geometry":{"type":"Polygon","coordinates":[[[128.595192,35.8689179],[128.595127,35.8688213],[128.5953048,35.8688075],[128.5953293,35.8688688],[128.595192,35.8689179]]]}},{"type":"Feature","id":1549771027,"properties":{"amenity":"restaurant","building":"yes","source":"OpenStreetMap","heightM":9},"geometry":{"type":"Polygon","coordinates":[[[128.5937346,35.8730332],[128.593913,35.8730338],[128.5939136,35.8729309],[128.5937352,35.8729303],[128.5937346,35.8730332]]]}},{"type":"Feature","id":1361562258,"properties":{"building":"apartments","source":"OpenStreetMap","heightM":9},"geometry":{"type":"Polygon","coordinates":[[[128.5984184,35.8694954],[128.5983103,35.8690484],[128.5989468,35.8689474],[128.5990269,35.8688862],[128.5991624,35.8688625],[128.5992687,35.8689237],[128.5993042,35.8690502],[128.5992071,35.8690681],[128.5992318,35.8691563],[128.5990577,35.8691883],[128.5991138,35.8692226],[128.5990292,35.8693136],[128.5989891,35.8692892],[128.5989668,35.8693132],[128.5987936,35.8693478],[128.5987807,35.8693058],[128.5985324,35.8693556],[128.5985062,35.8693737],[128.5985246,35.8694455],[128.5984507,35.8694617],[128.5984184,35.8694954]]]}},{"type":"Feature","id":1276319545,"properties":{"building":"commercial","source":"OpenStreetMap","heightM":9},"geometry":{"type":"Polygon","coordinates":[[[128.5949444,35.8689964],[128.5950699,35.8689445],[128.5950302,35.8688823],[128.5949085,35.8689321],[128.5949444,35.8689964]]]}},{"type":"Feature","id":1276323132,"properties":{"building":"commercial","source":"OpenStreetMap","heightM":9},"geometry":{"type":"Polygon","coordinates":[[[128.5953229,35.8688256],[128.5954134,35.8688049],[128.595408,35.8687247],[128.5952814,35.8687428],[128.5953229,35.8688256]]]}},{"type":"Feature","id":1162040400,"properties":{"addr:city":"대구광역시","addr:district":"중구","addr:housenumber":"75","addr:postcode":"41938","addr:street":"동성로3길","building":"yes","source":"OpenStreetMap","heightM":9},"geometry":{"type":"Polygon","coordinates":[[[128.5980427,35.8686888],[128.5980829,35.8687134],[128.5981145,35.8688024],[128.5980109,35.8688266],[128.5980009,35.8687984],[128.5979592,35.8688082],[128.5979382,35.8687491],[128.5980545,35.868722],[128.5980427,35.8686888]]]}},{"type":"Feature","id":886869430,"properties":{"building":"commercial","source":"OpenStreetMap","heightM":9},"geometry":{"type":"Polygon","coordinates":[[[128.5972569,35.8686606],[128.5972339,35.8686505],[128.5972281,35.8686015],[128.5971127,35.8686104],[128.5971092,35.8685803],[128.5970921,35.8685816],[128.5970856,35.8685257],[128.5971575,35.8685202],[128.5971504,35.8684604],[128.5973895,35.868442],[128.5974137,35.8686485],[128.5972569,35.8686606]]]}},{"type":"Feature","id":1549771026,"properties":{"amenity":"restaurant","building":"yes","source":"OpenStreetMap","heightM":9},"geometry":{"type":"Polygon","coordinates":[[[128.5937684,35.873141],[128.5939087,35.8731542],[128.5939328,35.8731257],[128.5939422,35.8730597],[128.5937821,35.8730447],[128.5937684,35.873141]]]}},{"type":"Feature","id":1162984984,"properties":{"addr:city":"대구광역시","addr:district":"중구","addr:housenumber":"408-2","addr:postcode":"41937","addr:street":"중앙대로","building":"yes","source":"OpenStreetMap","heightM":9},"geometry":{"type":"Polygon","coordinates":[[[128.5939251,35.8695139],[128.5940571,35.8695453],[128.5940238,35.8696375],[128.5938917,35.8696061],[128.5939251,35.8695139]]]}},{"type":"Feature","id":1280074007,"properties":{"building":"retail","source":"OpenStreetMap","heightM":9},"geometry":{"type":"Polygon","coordinates":[[[128.5955241,35.8687208],[128.5956967,35.8687065],[128.5956872,35.8686313],[128.5955146,35.8686456],[128.5955241,35.8687208]]]}},{"type":"Feature","id":1280074015,"properties":{"building":"retail","source":"OpenStreetMap","heightM":9},"geometry":{"type":"Polygon","coordinates":[[[128.5964762,35.8686385],[128.59636,35.8684859],[128.596616,35.8684048],[128.596641,35.8685741],[128.5965895,35.8685801],[128.5964762,35.8686385]]]}},{"type":"Feature","id":1162040398,"properties":{"addr:city":"대구광역시","addr:district":"중구","addr:housenumber":"75","addr:postcode":"41938","addr:street":"동성로3길","building":"yes","source":"OpenStreetMap","heightM":9},"geometry":{"type":"Polygon","coordinates":[[[128.5979285,35.8687481],[128.5979953,35.868733],[128.5979758,35.8686765],[128.597909,35.8686916],[128.5979285,35.8687481]]]}},{"type":"Feature","id":886869450,"properties":{"building":"office","source":"OpenStreetMap","heightM":9},"geometry":{"type":"Polygon","coordinates":[[[128.5997029,35.8700072],[128.5996688,35.8698667],[128.599796,35.8698464],[128.5998301,35.8699869],[128.5997029,35.8700072]]]}},{"type":"Feature","id":1280074012,"properties":{"building":"retail","source":"OpenStreetMap","heightM":9},"geometry":{"type":"Polygon","coordinates":[[[128.5960362,35.8685618],[128.5960996,35.8685135],[128.5961545,35.8685609],[128.5960911,35.8686092],[128.5960362,35.8685618]]]}},{"type":"Feature","id":1549771028,"properties":{"building":"yes","source":"OpenStreetMap","heightM":9},"geometry":{"type":"Polygon","coordinates":[[[128.5939856,35.8735191],[128.5940458,35.8735115],[128.5940377,35.8734692],[128.5942886,35.8734377],[128.5942925,35.8734576],[128.5943231,35.8734538],[128.594327,35.8734739],[128.5943668,35.8734689],[128.5943259,35.8732556],[128.5939953,35.8732972],[128.5940112,35.8733803],[128.5939603,35.8733867],[128.5939856,35.8735191]]]}},{"type":"Feature","id":1354860041,"properties":{"building":"commercial","source":"OpenStreetMap","heightM":9},"geometry":{"type":"Polygon","coordinates":[[[128.5934798,35.8701203],[128.5934484,35.86995],[128.5936251,35.8699286],[128.5936566,35.8700988],[128.5934798,35.8701203]]]}},{"type":"Feature","id":1290432005,"properties":{"building":"yes","source":"OpenStreetMap","heightM":9},"geometry":{"type":"Polygon","coordinates":[[[128.5941863,35.8693602],[128.5942546,35.8693678],[128.5943283,35.8692507],[128.5943038,35.8691982],[128.5942097,35.8692424],[128.5941863,35.8693602]]]}},{"type":"Feature","id":1280074017,"properties":{"building":"retail","source":"OpenStreetMap","heightM":9},"geometry":{"type":"Polygon","coordinates":[[[128.5969116,35.8685705],[128.5968973,35.8684786],[128.597015,35.8684666],[128.5970234,35.8685204],[128.5969116,35.8685705]]]}},{"type":"Feature","id":1162040399,"properties":{"addr:city":"대구광역시","addr:district":"중구","addr:housenumber":"49","addr:postcode":"41938","addr:street":"동성로6길","building":"yes","source":"OpenStreetMap","heightM":9},"geometry":{"type":"Polygon","coordinates":[[[128.5979783,35.8686748],[128.598013,35.8686667],[128.5980398,35.8686881],[128.5980511,35.8687197],[128.5979986,35.868732],[128.5979783,35.8686748]]]}},{"type":"Feature","id":1276323130,"properties":{"building":"commercial","source":"OpenStreetMap","heightM":9},"geometry":{"type":"Polygon","coordinates":[[[128.5951044,35.8687671],[128.5951285,35.868811],[128.5952521,35.8687665],[128.595228,35.8687226],[128.5951044,35.8687671]]]}},{"type":"Feature","id":1280074014,"properties":{"building":"retail","source":"OpenStreetMap","heightM":9},"geometry":{"type":"Polygon","coordinates":[[[128.5967072,35.868561],[128.596791,35.8685598],[128.5967469,35.868462],[128.5967719,35.8684549],[128.5967601,35.868412],[128.5966424,35.8684477],[128.5966542,35.8685419],[128.5967072,35.868561]]]}},{"type":"Feature","id":1276319529,"properties":{"building":"commercial","source":"OpenStreetMap","heightM":9},"geometry":{"type":"Polygon","coordinates":[[[128.5939363,35.8694733],[128.5940841,35.8694961],[128.5941033,35.8694147],[128.5939554,35.8693918],[128.5939363,35.8694733]]]}},{"type":"Feature","id":1161103736,"properties":{"addr:city":"대구광역시","addr:district":"중구","addr:housenumber":"570","addr:postcode":"41935","addr:street":"국채보상로","building":"residential","layer":"1","residential":"apartments","source":"OpenStreetMap","heightM":9},"geometry":{"type":"Polygon","coordinates":[[[128.592932,35.8706876],[128.5929516,35.8705918],[128.5930809,35.8706092],[128.5930945,35.8705426],[128.5929257,35.8705199],[128.5929475,35.8704133],[128.5934791,35.8704847],[128.5934573,35.8705914],[128.5933861,35.8705818],[128.5933725,35.8706483],[128.5935782,35.870676],[128.5935586,35.8707718],[128.592932,35.8706876]]]}},{"type":"Feature","id":1368009270,"properties":{"building":"retail","source":"OpenStreetMap","heightM":9},"geometry":{"type":"Polygon","coordinates":[[[128.6002163,35.8708645],[128.6001589,35.8707666],[128.600249,35.8707319],[128.6003064,35.8708298],[128.6002163,35.8708645]]]}},{"type":"Feature","id":1161103735,"properties":{"addr:city":"대구광역시","addr:district":"중구","addr:housenumber":"570","addr:postcode":"41935","addr:street":"국채보상로","building":"commercial","building:levels":"27","start_date":"2021","source":"OpenStreetMap","heightM":86.4},"geometry":{"type":"Polygon","coordinates":[[[128.5929114,35.870503],[128.5929332,35.870411],[128.5929713,35.8704164],[128.5929728,35.8704116],[128.5934811,35.8704805],[128.5934575,35.8705914],[128.5935696,35.8706092],[128.5935785,35.870676],[128.5935587,35.8707719],[128.5929319,35.8706877],[128.5929114,35.870503]]]}},{"type":"Feature","id":1276323133,"properties":{"building":"commercial","source":"OpenStreetMap","heightM":9},"geometry":{"type":"Polygon","coordinates":[[[128.5953319,35.868724],[128.5953932,35.8687202],[128.5953842,35.8686267],[128.5953229,35.8686306],[128.5953319,35.868724]]]}},{"type":"Feature","id":886869431,"properties":{"building":"commercial","source":"OpenStreetMap","heightM":9},"geometry":{"type":"Polygon","coordinates":[[[128.5974552,35.8686465],[128.5974406,35.8684156],[128.5975372,35.8684117],[128.5975517,35.8686425],[128.5974552,35.8686465]]]}},{"type":"Feature","id":1368009242,"properties":{"building":"retail","source":"OpenStreetMap","heightM":9},"geometry":{"type":"Polygon","coordinates":[[[128.6000449,35.8703972],[128.600134,35.8703842],[128.6000957,35.8702119],[128.6000066,35.8702249],[128.6000449,35.8703972]]]}},{"type":"Feature","id":1276319544,"properties":{"building":"commercial","source":"OpenStreetMap","heightM":9},"geometry":{"type":"Polygon","coordinates":[[[128.5949162,35.8689124],[128.594888,35.8687598],[128.5949456,35.8687328],[128.5950442,35.8688667],[128.5949162,35.8689124]]]}},{"type":"Feature","id":1354861979,"properties":{"building":"retail","source":"OpenStreetMap","heightM":9},"geometry":{"type":"Polygon","coordinates":[[[128.5930244,35.8713954],[128.5930144,35.8713273],[128.5930999,35.8713191],[128.5931099,35.8713872],[128.5930244,35.8713954]]]}},{"type":"Feature","id":1354861981,"properties":{"building":"retail","source":"OpenStreetMap","heightM":9},"geometry":{"type":"Polygon","coordinates":[[[128.5930174,35.8713124],[128.5930074,35.8712444],[128.5930929,35.8712362],[128.5931028,35.8713042],[128.5930174,35.8713124]]]}},{"type":"Feature","id":1354861982,"properties":{"building":"retail","source":"OpenStreetMap","heightM":9},"geometry":{"type":"Polygon","coordinates":[[[128.5930112,35.8712325],[128.5930013,35.8711645],[128.5930868,35.8711563],[128.5930967,35.8712243],[128.5930112,35.8712325]]]}},{"type":"Feature","id":1280074008,"properties":{"building":"retail","source":"OpenStreetMap","heightM":9},"geometry":{"type":"Polygon","coordinates":[[[128.5955197,35.8686315],[128.5955105,35.8685296],[128.5956164,35.8685234],[128.5956256,35.8686252],[128.5955197,35.8686315]]]}},{"type":"Feature","id":1549771025,"properties":{"amenity":"restaurant","building":"yes","source":"OpenStreetMap","heightM":9},"geometry":{"type":"Polygon","coordinates":[[[128.5935937,35.8731107],[128.5936079,35.8730256],[128.5937499,35.8730411],[128.5937357,35.8731263],[128.5935937,35.8731107]]]}},{"type":"Feature","id":1368009271,"properties":{"building":"retail","source":"OpenStreetMap","heightM":9},"geometry":{"type":"Polygon","coordinates":[[[128.6001936,35.8706653],[128.6003019,35.870649],[128.60028,35.8705532],[128.6001717,35.8705695],[128.6001936,35.8706653]]]}},{"type":"Feature","id":1276319536,"properties":{"building":"commercial","source":"OpenStreetMap","heightM":9},"geometry":{"type":"Polygon","coordinates":[[[128.5939963,35.8693486],[128.5941408,35.8693739],[128.5941653,35.869282],[128.5940208,35.8692567],[128.5939963,35.8693486]]]}},{"type":"Feature","id":1354861980,"properties":{"building":"retail","source":"OpenStreetMap","heightM":9},"geometry":{"type":"Polygon","coordinates":[[[128.5929951,35.8711507],[128.5929843,35.8710072],[128.5930752,35.8710122],[128.5931183,35.8711457],[128.5929951,35.8711507]]]}},{"type":"Feature","id":1368009272,"properties":{"building":"retail","source":"OpenStreetMap","heightM":9},"geometry":{"type":"Polygon","coordinates":[[[128.6001674,35.8705621],[128.6002757,35.8705458],[128.6002538,35.87045],[128.6001455,35.8704663],[128.6001674,35.8705621]]]}},{"type":"Feature","id":1276319541,"properties":{"building":"commercial","source":"OpenStreetMap","heightM":9},"geometry":{"type":"Polygon","coordinates":[[[128.594202,35.86923],[128.5941721,35.8691902],[128.5942539,35.8691497],[128.5942839,35.8691895],[128.594202,35.86923]]]}},{"type":"Feature","id":1414843579,"properties":{"building":"apartments","building:levels":"36","start_date":"2024","source":"OpenStreetMap","heightM":115.2},"geometry":{"type":"Polygon","coordinates":[[[128.5979941,35.8740258],[128.5986433,35.8738846],[128.5986994,35.8740538],[128.598505,35.8740961],[128.5984825,35.8740282],[128.5982038,35.8740889],[128.5982278,35.8741614],[128.5980517,35.8741997],[128.5979941,35.8740258]]]}},{"type":"Feature","id":1354860040,"properties":{"building":"retail","source":"OpenStreetMap","heightM":9},"geometry":{"type":"Polygon","coordinates":[[[128.5932945,35.8701506],[128.5933903,35.8699859],[128.5934318,35.8699902],[128.5934382,35.8700773],[128.5933945,35.8700799],[128.5933467,35.8701774],[128.5932945,35.8701506]]]}},{"type":"Feature","id":1368009273,"properties":{"building":"retail","source":"OpenStreetMap","heightM":9},"geometry":{"type":"Polygon","coordinates":[[[128.6003178,35.8708215],[128.6002661,35.8707223],[128.6003176,35.8707047],[128.6003693,35.8708038],[128.6003178,35.8708215]]]}},{"type":"Feature","id":1361562251,"properties":{"building":"commercial","source":"OpenStreetMap","heightM":9},"geometry":{"type":"Polygon","coordinates":[[[128.5996022,35.8696504],[128.5997247,35.8696281],[128.5996931,35.8695139],[128.5995706,35.8695362],[128.5996022,35.8696504]]]}},{"type":"Feature","id":1162984985,"properties":{"addr:city":"대구광역시","addr:district":"중구","addr:housenumber":"408-1","addr:postcode":"41937","addr:street":"중앙대로","building":"yes","source":"OpenStreetMap","heightM":9},"geometry":{"type":"Polygon","coordinates":[[[128.5938441,35.869432],[128.5939089,35.8694329],[128.5938961,35.8694772],[128.5938532,35.8694801],[128.5938441,35.869432]]]}},{"type":"Feature","id":1368009241,"properties":{"building":"retail","source":"OpenStreetMap","heightM":9},"geometry":{"type":"Polygon","coordinates":[[[128.6001696,35.8704422],[128.60012,35.8702531],[128.6001764,35.8702433],[128.6002261,35.8704325],[128.6001696,35.8704422]]]}},{"type":"Feature","id":1354860039,"properties":{"building":"retail","source":"OpenStreetMap","heightM":9},"geometry":{"type":"Polygon","coordinates":[[[128.5934154,35.8698948],[128.5936071,35.8699064],[128.5936161,35.8698082],[128.5934245,35.8697965],[128.5934154,35.8698948]]]}},{"type":"Feature","id":1354860046,"properties":{"building":"retail","source":"OpenStreetMap","heightM":9},"geometry":{"type":"Polygon","coordinates":[[[128.5932498,35.8702895],[128.5932391,35.8702162],[128.5932583,35.870186],[128.5933616,35.8702093],[128.5932498,35.8702895]]]}},{"type":"Feature","id":1137540669,"properties":{"addr:city":"대구광역시","addr:district":"중구","addr:housenumber":"19-9","addr:postcode":"41937","addr:street":"동성로","addr:subdistrict":"사일동","building":"yes","source":"OpenStreetMap","heightM":9},"geometry":{"type":"Polygon","coordinates":[[[128.5945785,35.8689591],[128.5946943,35.8689556],[128.5946922,35.8688339],[128.5945892,35.8688252],[128.5945785,35.8689591]]]}},{"type":"Feature","id":1276323131,"properties":{"building":"commercial","source":"OpenStreetMap","heightM":9},"geometry":{"type":"Polygon","coordinates":[[[128.595094,35.8687566],[128.5950004,35.8686229],[128.5951952,35.8686014],[128.5952516,35.8686005],[128.595226,35.8687092],[128.595094,35.8687566]]]}},{"type":"Feature","id":886869363,"properties":{"building":"commercial","source":"OpenStreetMap","heightM":9},"geometry":{"type":"Polygon","coordinates":[[[128.5955879,35.8684772],[128.5957489,35.8686378],[128.5960232,35.8685718],[128.596002,35.8685101],[128.5960321,35.8685044],[128.5959595,35.8683079],[128.595572,35.8683639],[128.5955649,35.8683796],[128.5955879,35.8684772]]]}},{"type":"Feature","id":1276319538,"properties":{"building":"commercial","source":"OpenStreetMap","heightM":9},"geometry":{"type":"Polygon","coordinates":[[[128.5940364,35.8691974],[128.5941678,35.8692124],[128.5941581,35.8692676],[128.5940268,35.8692526],[128.5940364,35.8691974]]]}},{"type":"Feature","id":1280074018,"properties":{"building":"retail","source":"OpenStreetMap","heightM":9},"geometry":{"type":"Polygon","coordinates":[[[128.5968538,35.8684435],[128.5968276,35.8683517],[128.5970045,35.8683185],[128.5970215,35.8683779],[128.5969957,35.8683828],[128.5970049,35.8684151],[128.5968538,35.8684435]]]}},{"type":"Feature","id":1276323134,"properties":{"building":"commercial","source":"OpenStreetMap","heightM":9},"geometry":{"type":"Polygon","coordinates":[[[128.5952764,35.8686182],[128.5953909,35.8686132],[128.5953863,35.8685447],[128.5952719,35.8685497],[128.5952764,35.8686182]]]}},{"type":"Feature","id":1280074019,"properties":{"building":"retail","source":"OpenStreetMap","heightM":9},"geometry":{"type":"Polygon","coordinates":[[[128.597767,35.8685861],[128.5978611,35.8685583],[128.5977902,35.8684004],[128.5976961,35.8684282],[128.597767,35.8685861]]]}},{"type":"Feature","id":1162984986,"properties":{"addr:city":"대구광역시","addr:district":"중구","addr:housenumber":"408","addr:postcode":"41937","addr:street":"중앙대로","building":"yes","source":"OpenStreetMap","heightM":9},"geometry":{"type":"Polygon","coordinates":[[[128.5938365,35.8693678],[128.5939223,35.8693839],[128.5939089,35.8694325],[128.5938442,35.8694317],[128.5938365,35.8693678]]]}},{"type":"Feature","id":1276319543,"properties":{"building":"commercial","source":"OpenStreetMap","heightM":9},"geometry":{"type":"Polygon","coordinates":[[[128.5947129,35.8688476],[128.5948489,35.8688288],[128.594826,35.8687201],[128.59469,35.8687389],[128.5947129,35.8688476]]]}},{"type":"Feature","id":1280074020,"properties":{"building":"retail","source":"OpenStreetMap","heightM":9},"geometry":{"type":"Polygon","coordinates":[[[128.5976853,35.8686206],[128.5977618,35.8686039],[128.5976795,35.8684179],[128.5977707,35.8683941],[128.5977589,35.8683571],[128.5976427,35.8683834],[128.5976853,35.8686206]]]}},{"type":"Feature","id":1361562252,"properties":{"building":"commercial","source":"OpenStreetMap","heightM":9},"geometry":{"type":"Polygon","coordinates":[[[128.5995547,35.869503],[128.5996357,35.8694887],[128.5996264,35.8694542],[128.5996524,35.8694496],[128.5996346,35.8693832],[128.5995276,35.8694021],[128.5995547,35.869503]]]}},{"type":"Feature","id":886869331,"properties":{"building":"commercial","source":"OpenStreetMap","heightM":9},"geometry":{"type":"Polygon","coordinates":[[[128.5935172,35.8697375],[128.5935164,35.8696282],[128.5936081,35.8696277],[128.5936087,35.8697095],[128.5935742,35.8697375],[128.5935172,35.8697375]]]}},{"type":"Feature","id":1549771024,"properties":{"amenity":"restaurant","building":"yes","source":"OpenStreetMap","heightM":9},"geometry":{"type":"Polygon","coordinates":[[[128.5935037,35.8730976],[128.5935133,35.8730548],[128.5935725,35.8730636],[128.5935629,35.8731063],[128.5935037,35.8730976]]]}},{"type":"Feature","id":1354812394,"properties":{"building":"commercial","source":"OpenStreetMap","heightM":9},"geometry":{"type":"Polygon","coordinates":[[[128.5998886,35.8699438],[128.5998383,35.8697893],[128.600047,35.8697447],[128.6000739,35.8698271],[128.6000124,35.8699174],[128.5998886,35.8699438]]]}},{"type":"Feature","id":1276319539,"properties":{"building":"commercial","source":"OpenStreetMap","heightM":9},"geometry":{"type":"Polygon","coordinates":[[[128.5940447,35.869119],[128.5941761,35.869134],[128.5941665,35.8691892],[128.5940351,35.8691742],[128.5940447,35.869119]]]}},{"type":"Feature","id":1273656449,"properties":{"building":"commercial","source":"OpenStreetMap","heightM":9},"geometry":{"type":"Polygon","coordinates":[[[128.5929294,35.8727859],[128.5930498,35.8727988],[128.5930887,35.8727113],[128.593094,35.8726368],[128.5931436,35.8726368],[128.593186,35.8724919],[128.5932285,35.8721822],[128.5931772,35.8721033],[128.5931966,35.8719284],[128.5930445,35.8719212],[128.5929294,35.8727859]]]}},{"type":"Feature","id":886869432,"properties":{"building":"commercial","source":"OpenStreetMap","heightM":9},"geometry":{"type":"Polygon","coordinates":[[[128.5979293,35.8685865],[128.59788,35.868414],[128.5980126,35.8683891],[128.5980449,35.868502],[128.5980033,35.8685726],[128.5979293,35.8685865]]]}},{"type":"Feature","id":1276319537,"properties":{"building":"commercial","source":"OpenStreetMap","heightM":9},"geometry":{"type":"Polygon","coordinates":[[[128.5938316,35.8693274],[128.593911,35.8693368],[128.5939391,35.8692839],[128.5938431,35.8692621],[128.5938316,35.8693274]]]}},{"type":"Feature","id":1354861978,"properties":{"building":"retail","source":"OpenStreetMap","heightM":9},"geometry":{"type":"Polygon","coordinates":[[[128.5927919,35.8717195],[128.5929523,35.8717421],[128.5929775,35.8716245],[128.5928171,35.8716019],[128.5927919,35.8717195]]]}},{"type":"Feature","id":1361562253,"properties":{"building":"commercial","source":"OpenStreetMap","heightM":9},"geometry":{"type":"Polygon","coordinates":[[[128.5994943,35.8693893],[128.5996008,35.8693674],[128.5996072,35.8693544],[128.5996281,35.869351],[128.5995959,35.869222],[128.5994827,35.8692406],[128.5994699,35.8692613],[128.5994769,35.8692836],[128.5994622,35.8692866],[128.5994943,35.8693893]]]}},{"type":"Feature","id":1549771023,"properties":{"amenity":"restaurant","building":"yes","source":"OpenStreetMap","heightM":9},"geometry":{"type":"Polygon","coordinates":[[[128.5933656,35.8730796],[128.5934848,35.8730974],[128.5935073,35.8729981],[128.5933881,35.8729803],[128.5933656,35.8730796]]]}},{"type":"Feature","id":1354861974,"properties":{"building":"retail","source":"OpenStreetMap","heightM":9},"geometry":{"type":"Polygon","coordinates":[[[128.592816,35.871408],[128.5927986,35.8712513],[128.5929047,35.8712436],[128.5929221,35.8714003],[128.592816,35.871408]]]}},{"type":"Feature","id":1276319540,"properties":{"building":"commercial","source":"OpenStreetMap","heightM":9},"geometry":{"type":"Polygon","coordinates":[[[128.5940557,35.8691012],[128.5941671,35.869122],[128.5942362,35.8690774],[128.5941005,35.8689642],[128.5940557,35.8691012]]]}},{"type":"Feature","id":1354861976,"properties":{"building":"retail","source":"OpenStreetMap","heightM":9},"geometry":{"type":"Polygon","coordinates":[[[128.5927579,35.8715488],[128.5929166,35.8715551],[128.5929234,35.8714422],[128.5927647,35.8714359],[128.5927579,35.8715488]]]}},{"type":"Feature","id":1354812395,"properties":{"building":"commercial","source":"OpenStreetMap","heightM":9},"geometry":{"type":"Polygon","coordinates":[[[128.5998419,35.869747],[128.6000434,35.8697121],[128.6000193,35.8696206],[128.5998177,35.8696556],[128.5998419,35.869747]]]}},{"type":"Feature","id":1280074011,"properties":{"building":"retail","source":"OpenStreetMap","heightM":9},"geometry":{"type":"Polygon","coordinates":[[[128.5962564,35.8683374],[128.5962343,35.8682388],[128.5961743,35.8682476],[128.5961964,35.8683462],[128.5962564,35.8683374]]]}},{"type":"Feature","id":1276323135,"properties":{"building":"commercial","source":"OpenStreetMap","heightM":9},"geometry":{"type":"Polygon","coordinates":[[[128.595291,35.8685324],[128.5953687,35.8685255],[128.5953591,35.8684176],[128.5952186,35.8684263],[128.5952303,35.8685099],[128.595291,35.8685324]]]}},{"type":"Feature","id":1280074010,"properties":{"building":"retail","source":"OpenStreetMap","heightM":9},"geometry":{"type":"Polygon","coordinates":[[[128.5960335,35.8683786],[128.5959702,35.8683011],[128.5959805,35.8682701],[128.5961545,35.8682377],[128.5961864,35.8683501],[128.5960335,35.8683786]]]}},{"type":"Feature","id":1280074013,"properties":{"building":"retail","source":"OpenStreetMap","heightM":9},"geometry":{"type":"Polygon","coordinates":[[[128.5962682,35.8683269],[128.5962507,35.8682476],[128.5963551,35.8682325],[128.5963726,35.8683118],[128.5962682,35.8683269]]]}},{"type":"Feature","id":1354861975,"properties":{"building":"retail","source":"OpenStreetMap","heightM":9},"geometry":{"type":"Polygon","coordinates":[[[128.5927377,35.8712404],[128.5929378,35.8712316],[128.5929333,35.8711643],[128.5927332,35.8711731],[128.5927377,35.8712404]]]}},{"type":"Feature","id":886869362,"properties":{"building":"commercial","source":"OpenStreetMap","heightM":9},"geometry":{"type":"Polygon","coordinates":[[[128.5965057,35.8684279],[128.5964272,35.8682641],[128.5964872,35.8682452],[128.5964723,35.8682143],[128.5966223,35.868167],[128.5966527,35.8682303],[128.5967019,35.8682148],[128.5967649,35.8683463],[128.5965057,35.8684279]]]}},{"type":"Feature","id":1280074023,"properties":{"building":"retail","source":"OpenStreetMap","heightM":9},"geometry":{"type":"Polygon","coordinates":[[[128.5970533,35.8683633],[128.5970352,35.8682098],[128.5971105,35.8682039],[128.5971161,35.868251],[128.5971957,35.8682448],[128.5972083,35.8683512],[128.5970533,35.8683633]]]}},{"type":"Feature","id":886869390,"properties":{"building":"commercial","source":"OpenStreetMap","heightM":9},"geometry":{"type":"Polygon","coordinates":[[[128.593859,35.869253],[128.593836,35.869121],[128.5939988,35.8691153],[128.5939528,35.869273],[128.593859,35.869253]]]}},{"type":"Feature","id":886869434,"properties":{"addr:city":"대구광역시","addr:district":"중구","addr:housenumber":"61","addr:postcode":"41938","addr:street":"동성로6길","building":"commercial","building:levels":"8","name":"스파크랜드","name:en":"SPARK LAND","name:ja":"スパークランド","name:ko":"스파크랜드","smoking":"no","website":"https://d-spark.kr/","source":"OpenStreetMap","heightM":25.6},"geometry":{"type":"Polygon","coordinates":[[[128.5983218,35.8689395],[128.5982364,35.8686502],[128.5991715,35.8684689],[128.599257,35.8687582],[128.5983218,35.8689395]]]}},{"type":"Feature","id":1354861973,"properties":{"building":"retail","source":"OpenStreetMap","heightM":9},"geometry":{"type":"Polygon","coordinates":[[[128.5927094,35.8711467],[128.5929137,35.8711345],[128.5929058,35.8710476],[128.5927015,35.8710597],[128.5927094,35.8711467]]]}},{"type":"Feature","id":1280074027,"properties":{"building":"retail","source":"OpenStreetMap","heightM":9},"geometry":{"type":"Polygon","coordinates":[[[128.5974303,35.8683399],[128.597575,35.8683272],[128.5975688,35.8682811],[128.5974938,35.8682877],[128.5974896,35.8682568],[128.59742,35.8682629],[128.5974303,35.8683399]]]}},{"type":"Feature","id":886869389,"properties":{"building":"commercial","source":"OpenStreetMap","heightM":9},"geometry":{"type":"Polygon","coordinates":[[[128.5929663,35.8703059],[128.5929382,35.8702443],[128.5930484,35.8702112],[128.5931298,35.8700294],[128.5932362,35.8700607],[128.5931513,35.8702503],[128.5929663,35.8703059]]]}},{"type":"Feature","id":1354861971,"properties":{"building":"retail","source":"OpenStreetMap","heightM":9},"geometry":{"type":"Polygon","coordinates":[[[128.5927107,35.8710237],[128.5928654,35.8710398],[128.5928741,35.8709849],[128.5927193,35.8709688],[128.5927107,35.8710237]]]}},{"type":"Feature","id":1361562254,"properties":{"building":"commercial","source":"OpenStreetMap","heightM":9},"geometry":{"type":"Polygon","coordinates":[[[128.5994341,35.8691853],[128.5995733,35.869161],[128.5995586,35.8691056],[128.5994194,35.8691299],[128.5994341,35.8691853]]]}},{"type":"Feature","id":1280074022,"properties":{"building":"retail","source":"OpenStreetMap","heightM":9},"geometry":{"type":"Polygon","coordinates":[[[128.5968415,35.8682789],[128.5969772,35.8682507],[128.59694,35.8681332],[128.5968043,35.8681614],[128.5968415,35.8682789]]]}},{"type":"Feature","id":1354812396,"properties":{"building":"commercial","source":"OpenStreetMap","heightM":9},"geometry":{"type":"Polygon","coordinates":[[[128.5998863,35.8696122],[128.5998618,35.869535],[128.5999732,35.8695118],[128.5999977,35.869589],[128.5998863,35.8696122]]]}},{"type":"Feature","id":1276323140,"properties":{"building":"commercial","source":"OpenStreetMap","heightM":9},"geometry":{"type":"Polygon","coordinates":[[[128.5949759,35.8685919],[128.5951717,35.8685807],[128.5951579,35.8684125],[128.5950334,35.8684133],[128.5950334,35.8684728],[128.594912,35.868497],[128.5949759,35.8685919]]]}},{"type":"Feature","id":1549771022,"properties":{"amenity":"restaurant","building":"yes","source":"OpenStreetMap","heightM":9},"geometry":{"type":"Polygon","coordinates":[[[128.59321,35.8730551],[128.5933388,35.8730708],[128.5933434,35.8729867],[128.5932545,35.87298],[128.59321,35.8730551]]]}},{"type":"Feature","id":886869448,"properties":{"building":"commercial","source":"OpenStreetMap","heightM":9},"geometry":{"type":"Polygon","coordinates":[[[128.5997341,35.8695003],[128.5997081,35.8693841],[128.599725,35.8693591],[128.5997391,35.8693571],[128.5997313,35.8693223],[128.5999376,35.8692919],[128.5999763,35.8694647],[128.5997341,35.8695003]]]}},{"type":"Feature","id":1280074021,"properties":{"building":"retail","source":"OpenStreetMap","heightM":9},"geometry":{"type":"Polygon","coordinates":[[[128.5978182,35.8683953],[128.5979506,35.8683741],[128.5979208,35.8682514],[128.5977884,35.8682725],[128.5978182,35.8683953]]]}},{"type":"Feature","id":1361562255,"properties":{"building":"commercial","source":"OpenStreetMap","heightM":9},"geometry":{"type":"Polygon","coordinates":[[[128.5993628,35.8690393],[128.5993841,35.8691088],[128.5995405,35.8690773],[128.5995192,35.8690078],[128.5993628,35.8690393]]]}},{"type":"Feature","id":886869391,"properties":{"amenity":"parking","building":"parking","parking":"multi-storey","source":"OpenStreetMap","heightM":9},"geometry":{"type":"Polygon","coordinates":[[[128.5942856,35.8688948],[128.594307,35.8688391],[128.5941626,35.8688026],[128.5941412,35.8688584],[128.5942856,35.8688948]]]}},{"type":"Feature","id":1280074025,"properties":{"building":"retail","source":"OpenStreetMap","heightM":9},"geometry":{"type":"Polygon","coordinates":[[[128.5972229,35.8682815],[128.5973598,35.8682743],[128.5973423,35.8680552],[128.5972053,35.8680624],[128.5972229,35.8682815]]]}},{"type":"Feature","id":1280074088,"properties":{"building":"retail","source":"OpenStreetMap","heightM":9},"geometry":{"type":"Polygon","coordinates":[[[128.5981595,35.8685203],[128.5983766,35.8684785],[128.5983287,35.8683153],[128.5983064,35.8683195],[128.5982776,35.8682214],[128.5980363,35.8682678],[128.5981036,35.8684976],[128.5981595,35.8685203]]]}},{"type":"Feature","id":1276323136,"properties":{"building":"commercial","source":"OpenStreetMap","heightM":9},"geometry":{"type":"Polygon","coordinates":[[[128.5950919,35.86839],[128.5951494,35.8683926],[128.5951504,35.868403],[128.5953091,35.8683926],[128.5953378,35.8683849],[128.5953335,35.8683072],[128.5952771,35.8683081],[128.5952729,35.8683193],[128.5950983,35.8683098],[128.5950919,35.86839]]]}},{"type":"Feature","id":1280074079,"properties":{"building":"retail","source":"OpenStreetMap","heightM":9},"geometry":{"type":"Polygon","coordinates":[[[128.5956952,35.8681775],[128.5957188,35.8682472],[128.595811,35.8682267],[128.5958302,35.8682398],[128.5959031,35.8682235],[128.5958805,35.8681568],[128.5957377,35.8681886],[128.5957312,35.8681695],[128.5956952,35.8681775]]]}},{"type":"Feature","id":1280074084,"properties":{"building":"retail","source":"OpenStreetMap","heightM":9},"geometry":{"type":"Polygon","coordinates":[[[128.5954788,35.8682899],[128.5956665,35.8682629],[128.595652,35.8681968],[128.5954643,35.8682237],[128.5954788,35.8682899]]]}},{"type":"Feature","id":1354860026,"properties":{"building":"retail","source":"OpenStreetMap","heightM":9},"geometry":{"type":"Polygon","coordinates":[[[128.5930743,35.8699091],[128.5931403,35.8699203],[128.5932308,35.8698375],[128.5932319,35.8697995],[128.5929998,35.8697866],[128.5929956,35.8698582],[128.5930743,35.8698617],[128.5930743,35.8699091]]]}},{"type":"Feature","id":1354861977,"properties":{"building":"retail","source":"OpenStreetMap","heightM":9},"geometry":{"type":"Polygon","coordinates":[[[128.5925565,35.8716667],[128.5926942,35.8716799],[128.592711,35.871565],[128.5925733,35.8715518],[128.5925565,35.8716667]]]}},{"type":"Feature","id":1280074024,"properties":{"building":"retail","source":"OpenStreetMap","heightM":9},"geometry":{"type":"Polygon","coordinates":[[[128.5970357,35.8681502],[128.5971618,35.8681299],[128.5971478,35.868073],[128.5970218,35.8680932],[128.5970357,35.8681502]]]}},{"type":"Feature","id":886869356,"properties":{"building":"commercial","source":"OpenStreetMap","heightM":9},"geometry":{"type":"Polygon","coordinates":[[[128.5938518,35.869083],[128.5938387,35.868891],[128.5939837,35.8688845],[128.5939968,35.8690765],[128.5938518,35.869083]]]}},{"type":"Feature","id":1280074029,"properties":{"building":"retail","source":"OpenStreetMap","heightM":9},"geometry":{"type":"Polygon","coordinates":[[[128.5977912,35.868221],[128.5979182,35.868196],[128.5979306,35.8682374],[128.5978036,35.8682624],[128.5977912,35.868221]]]}},{"type":"Feature","id":1280074026,"properties":{"building":"retail","source":"OpenStreetMap","heightM":9},"geometry":{"type":"Polygon","coordinates":[[[128.5973678,35.8682248],[128.5973549,35.8680491],[128.5974651,35.8680438],[128.5974736,35.8681592],[128.5975174,35.8681571],[128.5975218,35.8682174],[128.5973678,35.8682248]]]}},{"type":"Feature","id":1276323141,"properties":{"building":"commercial","source":"OpenStreetMap","heightM":9},"geometry":{"type":"Polygon","coordinates":[[[128.5949067,35.8684841],[128.5948375,35.8683771],[128.594912,35.8683348],[128.5949833,35.8683331],[128.5949961,35.8683831],[128.5950376,35.8683771],[128.5950248,35.8684224],[128.5950248,35.8684659],[128.5949067,35.8684841]]]}},{"type":"Feature","id":1549771021,"properties":{"amenity":"restaurant","building":"yes","source":"OpenStreetMap","heightM":9},"geometry":{"type":"Polygon","coordinates":[[[128.5930623,35.8730363],[128.5930807,35.8729452],[128.5931602,35.8729558],[128.5931417,35.8730469],[128.5930623,35.8730363]]]}},{"type":"Feature","id":886869353,"properties":{"building":"commercial","source":"OpenStreetMap","heightM":9},"geometry":{"type":"Polygon","coordinates":[[[128.5946341,35.8687023],[128.5944041,35.8686664],[128.5944341,35.8685632],[128.5944925,35.8685704],[128.5945368,35.8684614],[128.5945739,35.8684628],[128.5947084,35.8684141],[128.5948411,35.8686292],[128.5946341,35.8687023]]]}},{"type":"Feature","id":1290431196,"properties":{"building":"yes","source":"OpenStreetMap","heightM":9},"geometry":{"type":"Polygon","coordinates":[[[128.5934153,35.8694329],[128.5935969,35.8694274],[128.5935751,35.8692001],[128.5934192,35.8692093],[128.5934153,35.8694329]]]}},{"type":"Feature","id":1280074089,"properties":{"building":"retail","source":"OpenStreetMap","heightM":9},"geometry":{"type":"Polygon","coordinates":[[[128.5983995,35.8684723],[128.5985304,35.8684467],[128.598484,35.8682906],[128.5983531,35.8683161],[128.5983995,35.8684723]]]}},{"type":"Feature","id":1354861972,"properties":{"building":"retail","source":"OpenStreetMap","heightM":9},"geometry":{"type":"Polygon","coordinates":[[[128.5925374,35.8710041],[128.5926922,35.8710202],[128.5927009,35.8709652],[128.5925461,35.8709492],[128.5925374,35.8710041]]]}},{"type":"Feature","id":1276323137,"properties":{"building":"commercial","source":"OpenStreetMap","heightM":9},"geometry":{"type":"Polygon","coordinates":[[[128.5951845,35.8683055],[128.5953271,35.8682995],[128.5953197,35.8682253],[128.5951813,35.868233],[128.5951845,35.8683055]]]}},{"type":"Feature","id":1361562256,"properties":{"building":"commercial","source":"OpenStreetMap","heightM":9},"geometry":{"type":"Polygon","coordinates":[[[128.5994221,35.869011],[128.5993553,35.8687936],[128.5994521,35.868774],[128.5995189,35.8689915],[128.5994221,35.869011]]]}},{"type":"Feature","id":886869330,"properties":{"building":"commercial","source":"OpenStreetMap","heightM":9},"geometry":{"type":"Polygon","coordinates":[[[128.5933813,35.8696943],[128.5933874,35.8694258],[128.5933468,35.8694011],[128.5930119,35.869396],[128.5930074,35.869591],[128.5931886,35.8695938],[128.5931873,35.8696512],[128.5933007,35.8696529],[128.5932998,35.8696931],[128.5933813,35.8696943]]]}},{"type":"Feature","id":1280074030,"properties":{"building":"retail","source":"OpenStreetMap","heightM":9},"geometry":{"type":"Polygon","coordinates":[[[128.5977789,35.8681594],[128.5979059,35.8681344],[128.5979183,35.8681758],[128.5977913,35.8682008],[128.5977789,35.8681594]]]}},{"type":"Feature","id":1280074083,"properties":{"building":"retail","source":"OpenStreetMap","heightM":9},"geometry":{"type":"Polygon","coordinates":[[[128.5954595,35.8681946],[128.5956473,35.8681676],[128.5956328,35.8681015],[128.595445,35.8681284],[128.5954595,35.8681946]]]}},{"type":"Feature","id":886869364,"properties":{"building":"commercial","source":"OpenStreetMap","heightM":9},"geometry":{"type":"Polygon","coordinates":[[[128.5963329,35.868133],[128.5962904,35.8679423],[128.596593,35.867882],[128.5966373,35.8680326],[128.5966037,35.8680914],[128.5963329,35.868133]]]}},{"type":"Feature","id":1161103695,"properties":{"addr:city":"대구광역시","addr:district":"중구","addr:housenumber":"96","addr:postcode":"41938","addr:street":"동성로4길","building":"yes","source":"OpenStreetMap","heightM":9},"geometry":{"type":"Polygon","coordinates":[[[128.5996202,35.8689597],[128.5997162,35.8689419],[128.5997541,35.8690766],[128.599658,35.8690943],[128.5996202,35.8689597]]]}},{"type":"Feature","id":1354860025,"properties":{"building":"retail","source":"OpenStreetMap","heightM":9},"geometry":{"type":"Polygon","coordinates":[[[128.5927912,35.870161],[128.5928316,35.8701653],[128.5928625,35.8701368],[128.5928774,35.8700066],[128.5927741,35.8699919],[128.5927614,35.8700669],[128.5927912,35.870161]]]}},{"type":"Feature","id":1549771020,"properties":{"amenity":"restaurant","building":"yes","source":"OpenStreetMap","heightM":9},"geometry":{"type":"Polygon","coordinates":[[[128.5929487,35.873022],[128.592987,35.8730281],[128.5930144,35.8729137],[128.5929774,35.8729079],[128.592919,35.8729394],[128.5929135,35.8729852],[128.5929487,35.873022]]]}},{"type":"Feature","id":1276323142,"properties":{"building":"commercial","source":"OpenStreetMap","heightM":9},"geometry":{"type":"Polygon","coordinates":[[[128.5948332,35.8683616],[128.5947992,35.8683046],[128.5948439,35.8682831],[128.5948609,35.8683012],[128.5948865,35.8682874],[128.5948758,35.8682658],[128.594945,35.8682641],[128.5949376,35.8683081],[128.5949684,35.8683089],[128.5949674,35.8683253],[128.594911,35.8683262],[128.5948332,35.8683616]]]}}]}
