{"type":"FeatureCollection","name":"LocalTwin Daegu citywide commercial candidates","metadata":{"schemaVersion":1,"generatedAt":"2026-09-20T13:56:00Z","sourceZones":"public/data/daegu_analysis_zones.geojson","sourceProfiles":"public/data/zone_context_profiles.json","sourceCentralCorridors":"public/data/corridor_zones.geojson","scoreWeights":{"businessDensity":0.34,"businessDiversity":0.18,"transit":0.16,"retailMarket":0.12,"employmentPublic":0.1,"cultureTourism":0.06,"healthcare":0.04},"selection":{"minCandidateScore":52,"minBusinessCount":250,"maxCandidatesPerDistrict":2,"minCandidateSeparationM":1400,"centralOverlapBufferM":150,"maxCentralOverlapRatio":0.12},"coverage":{"profileCount":155,"localityZoneCount":150,"localityCandidateCount":14,"centralCorridorCount":5,"candidateCount":19,"districtCandidateCounts":{"남구":2,"달서구":2,"동구":2,"북구":2,"서구":2,"수성구":2,"중구":2}},"evidenceBoundary":["SEMAS 2026Q2 점포구조와 시설·교통 접근성의 모델 결합 상대점수","행정동 후보권역은 공식 SGIS 경계를 사용하지만 공식 상권 지정이 아님","중앙 5개 corridor는 기존 도로·시장 geometry 기반 분석권역","검색관심·점포실거래·생활인구·카드매출이 전역 직접관측으로 확보되기 전에는 후보점수를 매출/성공확률로 해석하지 않음"],"scoreCalibration":{"method":"upstream empirical percentile index","referenceZoneKind":"locality","positiveScoreRange":[5,95]}},"features":[{"type":"Feature","properties":{"zoneId":"sgis-dong:22010540","label":"삼덕동","district":"중구","zoneKind":"locality","labelLon":128.6055359,"labelLat":35.865047,"isCommercialCandidate":true,"candidateRank":1,"candidateTier":"strong","centralCorridorOverlapRatio":0.0886,"commercialPotentialScore":89.6,"businessCount":1535,"businessDensityScore":92.9,"businessDiversityScore":76.6,"transitScore":89.3,"retailMarketScore":93.5,"employmentPublicScore":92.9,"cultureTourismScore":93.5,"healthcareScore":94.7,"quality":"modelled-hybrid-evidence","boundaryMeaning":"SGIS 2025Q2 행정동 기반 상권후보 분석권역이며 공식 상권 경계가 아님","selectionMeaning":"대구 전역 상권 검토 우선 후보"},"geometry":{"type":"Polygon","coordinates":[[[128.60182671295527,35.86774155002957],[128.6020611332101,35.86769643659197],[128.6020660548052,35.867714303665174],[128.60214642251756,35.86769834975834],[128.60217384062773,35.8676929070013],[128.6022963701527,35.867667763293845],[128.6024550545985,35.867635576427446],[128.60245141048432,35.86761974238812],[128.60247818073324,35.8676143902545],[128.60251634537636,35.86760657865762],[128.60253921305065,35.86760191686237],[128.6027881936031,35.867551230152394],[128.60292414591424,35.86752376277027],[128.6030574620068,35.86749693611038],[128.60305871461787,35.867496688399015],[128.60312923828255,35.8674827193134],[128.60325414873301,35.86745742835307],[128.60333556083663,35.86744094476253],[128.6033464984229,35.8674386147396],[128.60335356540565,35.86743704241826],[128.60335161314927,35.867428208818986],[128.60335140300808,35.86742727222361],[128.60348086417824,35.86740107823866],[128.603719663983,35.867352754160585],[128.6037868321027,35.867339161721176],[128.60378950150732,35.86733884508695],[128.60379193869133,35.86733855583022],[128.6038250973333,35.8673346286666],[128.60388019847517,35.86730646422768],[128.60391660819897,35.867290016930625],[128.60391980911632,35.867288572063465],[128.603921702512,35.86728788750811],[128.60393973203546,35.86728131712667],[128.60393983094048,35.86728173995162],[128.60394246087785,35.867293430672404],[128.60394491733348,35.86729293387632],[128.6042973465532,35.86722205399446],[128.6043800377553,35.86720247640343],[128.604527041442,35.867172507458996],[128.60466206137534,35.867145308143954],[128.6052533518907,35.86702646001268],[128.60532157877103,35.86701257929623],[128.60538512698662,35.86699965036791],[128.6053914181567,35.86699836815647],[128.60541075448063,35.866994987876254],[128.6055970921373,35.866955851015746],[128.60573075121405,35.866927777696],[128.60579388818837,35.8669145169569],[128.6058707430882,35.86689903467016],[128.6060085962174,35.86687125961608],[128.60608019790038,35.86685683350833],[128.606089588545,35.866854942115836],[128.60612502452776,35.86684769724198],[128.6061679709387,35.86683891725991],[128.60618634496996,35.86683515984831],[128.6061934202503,35.86683371440434],[128.6063154050392,35.86680893495987],[128.60631797420035,35.8668084208494],[128.60639223871817,35.866793534578356],[128.60641631408413,35.866788934852856],[128.60647474376867,35.86677816485272],[128.60649373595515,35.866774576603355],[128.60653742722735,35.866766319746745],[128.6065874622113,35.866756579969866],[128.60659145998594,35.866755732639],[128.6066128535866,35.866751197247225],[128.60673411843018,35.86672548097838],[128.60689695654105,35.866694049684824],[128.60697849707313,35.86667831164948],[128.60712002940838,35.866649458314065],[128.60722190424707,35.86662868861577],[128.6072445835869,35.866624064628326],[128.60725649868527,35.866621635084655],[128.60733668008106,35.866606617060484],[128.60740119667167,35.86659407753496],[128.60749958112768,35.86657496799839],[128.60752274065445,35.86657046845482],[128.60752441086748,35.866570145623584],[128.60755398510673,35.866565287613746],[128.60764530044938,35.866550296554216],[128.60775033979138,35.8665285163319],[128.60777608713656,35.86652309582246],[128.60788012255477,35.866502722164995],[128.6079056020007,35.86649731311426],[128.60796482785534,35.86648472922203],[128.60812776515462,35.86645206111441],[128.6081351957809,35.86645068620658],[128.608144011968,35.866449068618614],[128.60825517542833,35.866426762650605],[128.6083815561445,35.86639991655564],[128.6084309687243,35.86638941993751],[128.60843490036297,35.86638859839951],[128.60844801187338,35.86638587010049],[128.60849794336332,35.86637557332113],[128.6085559548737,35.866363609799734],[128.60882958748644,35.866305939442874],[128.6090283932259,35.866265834726185],[128.60914925798917,35.86624219962443],[128.60925141961224,35.86622189798198],[128.60927184268294,35.86621784169543],[128.60933427682386,35.86620485966783],[128.60934102784813,35.86623101652379],[128.60934491278775,35.86624607638621],[128.6094104932765,35.86623298863024],[128.6094138643163,35.866232316487455],[128.60942368583198,35.866230357746794],[128.60980314769319,35.86615465201681],[128.6101680754518,35.866081847205564],[128.6103189851532,35.86605135907896],[128.61074510865268,35.8659652676558],[128.61081711225938,35.865950716013224],[128.6108259834786,35.865948922817445],[128.61133181530124,35.865846726016066],[128.61193072027237,35.86572572094694],[128.61197252506847,35.86571776808238],[128.61208736893525,35.86569592217534],[128.61209625152327,35.865694233361936],[128.61219209403683,35.86567600001234],[128.61220245906736,35.865673949463456],[128.61228391257518,35.865657843514285],[128.61237077390015,35.865640668670245],[128.6124753595025,35.86562004794177],[128.6124818266243,35.865618691606116],[128.61267511474523,35.86557824250141],[128.61302228604677,35.865507915942715],[128.61317015206222,35.86547829811368],[128.61324109403404,35.865464087537724],[128.61366794707388,35.865378587580985],[128.61366952807637,35.86537838359615],[128.61360217031478,35.86524542196341],[128.6135252705367,35.865098183267605],[128.61337233588725,35.864870225677606],[128.61335821882344,35.86484917885094],[128.61328866615153,35.86469082957485],[128.61317363145557,35.86450669694972],[128.6130792394663,35.86435560898352],[128.61292705360518,35.86411201257237],[128.6129007695921,35.86406993770088],[128.6127427976905,35.86390595740722],[128.6126923624228,35.863853602106175],[128.61239128267533,35.863692571391965],[128.6122473459983,35.86362850129341],[128.61223124815277,35.8636213350702],[128.61192981209118,35.8634871549706],[128.6118381853838,35.863438311686],[128.61167080447487,35.86334908703049],[128.61148314872312,35.86325064914823],[128.61140698374754,35.863211138781594],[128.61126457805997,35.86315173422833],[128.61123041796304,35.86313748369399],[128.61058823213745,35.86286959106655],[128.61055567427414,35.8628560089088],[128.6103849567735,35.86275201865088],[128.61033535874955,35.8627218059585],[128.61031308062624,35.86270658614899],[128.61021841516327,35.862641911224486],[128.60999174333728,35.8624870493886],[128.60988071591942,35.86230095429585],[128.6098773219391,35.86229607664932],[128.60983783277283,35.86223931582763],[128.60966766750252,35.86208515742895],[128.6096543503206,35.862056552177265],[128.60955396158857,35.86184092880914],[128.60951074592748,35.86177279933729],[128.60941219001418,35.861792497178726],[128.6092340591128,35.861828157094905],[128.60905384725234,35.86186423444962],[128.60850690102032,35.86197580932206],[128.60850614408605,35.86197505899468],[128.60846298799999,35.86198368666138],[128.60827587502465,35.86202220214575],[128.6076593709579,35.862149101301824],[128.60765722181665,35.862149543048616],[128.60720938886172,35.86224172152951],[128.60689543336005,35.862306342871044],[128.60659147671268,35.862369877770234],[128.60631069089612,35.86242856809964],[128.60608141573547,35.86247649128306],[128.60495515031894,35.86271189833157],[128.604940027302,35.862715057663536],[128.6043786577941,35.86283238665072],[128.60412232992238,35.862885947049165],[128.60353894763125,35.86300784521894],[128.60351554621442,35.86301273478514],[128.60267409163154,35.86318855226171],[128.60253504852162,35.863217602879566],[128.60233684873546,35.863259014761994],[128.60233609560757,35.86325917583995],[128.60232497128465,35.86326157870473],[128.602269519691,35.86327355448915],[128.60222223510536,35.8632837594758],[128.60212941362283,35.86330240883656],[128.60212233625984,35.86330384684645],[128.60186183754578,35.86335652832534],[128.60176481970888,35.863376965827634],[128.60153895317038,35.86342453717493],[128.6014808688929,35.86343677024191],[128.60110493536862,35.863515956857114],[128.6010430762897,35.863528985231405],[128.60057864110453,35.863626801609136],[128.60052043283724,35.86363906059334],[128.60049528408305,35.8636444875857],[128.600480389626,35.86364770196476],[128.60045603803732,35.863652948546346],[128.60038974171843,35.863666770939155],[128.60028002088302,35.86368964783371],[128.60025414507285,35.86369504176622],[128.5995613225379,35.86383842272289],[128.599518809193,35.863847221618876],[128.5995165075797,35.86384769707244],[128.59949902906985,35.86385131183452],[128.59947368048563,35.863856554721025],[128.5994725836416,35.863847388657696],[128.59946547297076,35.86384914867432],[128.59945887460427,35.86385079220806],[128.59945690545683,35.86385128174733],[128.5994537993893,35.86385205216064],[128.59939956132555,35.863865506703505],[128.59934544023233,35.86387893130157],[128.59931938420766,35.863889730647806],[128.59927361534787,35.86390869281034],[128.5992717123597,35.863909481961464],[128.59914550315617,35.86396176891135],[128.59914479723687,35.86396206116556],[128.5991216418573,35.86397165468561],[128.59909793337638,35.86398113786175],[128.59907251315977,35.86399130475174],[128.5990333507384,35.864006968869845],[128.59887220700026,35.86407143699304],[128.59876577975888,35.864076550453206],[128.59873439687104,35.86408868582666],[128.59856459521168,35.86417300579432],[128.59846471099564,35.86425289063928],[128.59839580352727,35.86431400653506],[128.59828144150433,35.86443264113021],[128.59825337462755,35.86446694072608],[128.59821345837426,35.864562537683774],[128.59820876877083,35.864573768945405],[128.59819054836237,35.86458720651243],[128.5981156075319,35.86464247217012],[128.59811484441187,35.864643034508354],[128.59798232550355,35.8647407598708],[128.5978221198138,35.864855741580655],[128.59774419801818,35.86491751648439],[128.59771509863637,35.86494058471024],[128.59769821747616,35.864953966690294],[128.59767754879826,35.86497035212169],[128.59767034295567,35.864976063548994],[128.59764534769238,35.86499587838356],[128.59736478721732,35.865218289413946],[128.5972467672848,35.86529321444094],[128.59717626250014,35.86533725601834],[128.59718329380496,35.86536154299866],[128.59724644373324,35.865579708676314],[128.59730399209363,35.8657831146122],[128.59733403140157,35.86588972763832],[128.59735913884933,35.86597884310808],[128.59750474535176,35.866495638919176],[128.5975055800411,35.86649873897813],[128.59750452746871,35.866498955052464],[128.59718496675967,35.866564368709334],[128.5968286049499,35.86663676205694],[128.5965996161446,35.8666784781204],[128.59658593171267,35.866684355008594],[128.59651321502258,35.86669900652937],[128.59636407026974,35.866729056448165],[128.5963509506179,35.86672383172662],[128.59632369871525,35.866728802826266],[128.59631770827266,35.86672989429426],[128.5963166233411,35.866730093523856],[128.59631074108307,35.86673115876041],[128.59629574630972,35.866733899318916],[128.59629486907403,35.86673405968878],[128.5962994880907,35.866750804624175],[128.596341611669,35.866903492836535],[128.59631599422136,35.86690908371755],[128.5962493830662,35.8669236189537],[128.59606663599732,35.8669642015726],[128.59576283633533,35.86703094080814],[128.5956230613958,35.86706181582192],[128.5953275740623,35.86712673362414],[128.5952926235888,35.86713441085627],[128.59525875752732,35.867141850997314],[128.59525966671524,35.86715045082471],[128.5952605556959,35.86715903100195],[128.59526939101943,35.86724344847025],[128.59523422368213,35.86725613674318],[128.5952346677218,35.86727713549014],[128.59523682939434,35.867291915827934],[128.59523894955598,35.86730786496885],[128.59524610004704,35.8673086472427],[128.59529276593452,35.867649059174006],[128.59528660808877,35.867661493770484],[128.59529699649752,35.86773416774371],[128.59529865605117,35.867745780961506],[128.59530017348993,35.86775640375661],[128.59530790598436,35.86781428026146],[128.59531308684208,35.867853348199965],[128.5953199165071,35.86790421337178],[128.59532019287178,35.867906266413655],[128.5953212672878,35.86791286687096],[128.59532471341652,35.867933571378934],[128.5953289796368,35.867959136844725],[128.59533127672557,35.867972969303814],[128.59533642578432,35.8680251768974],[128.5953412366381,35.86807840273316],[128.5953450106861,35.86812220768199],[128.59534982026634,35.86812649042281],[128.59535985077696,35.86819906486958],[128.5953443919901,35.86820054645377],[128.5953458597226,35.86821262662509],[128.5953459476283,35.86821498971952],[128.59534936529212,35.86824521317836],[128.5953589837704,35.86832358121287],[128.5953602927363,35.868336921412215],[128.5953626878227,35.86835143455711],[128.5954390726826,35.86833888787535],[128.59544119204645,35.868338518742185],[128.595517142171,35.8683252907882],[128.59556994946414,35.86831609467949],[128.59586712193698,35.86826433721475],[128.5966625715676,35.86812590957985],[128.59669979181643,35.868119433743374],[128.59682892995465,35.868096959781916],[128.59685709174624,35.86809223630043],[128.5970949821183,35.868052292036076],[128.59735334868756,35.868006218956936],[128.5975813375442,35.86796692495584],[128.59774575535124,35.867937461505356],[128.59784322757133,35.867919695286496],[128.59791308240244,35.86790692723194],[128.59797303338001,35.86789596803871],[128.59831548951442,35.86783091451507],[128.59853109444452,35.86778795440091],[128.59878592433833,35.86773791306889],[128.59889837764928,35.86771548131926],[128.59913496712304,35.867666112789465],[128.59914100405692,35.86766485667116],[128.59915678874248,35.86766156218286],[128.59916383812214,35.867682606849456],[128.59931346678593,35.868129212874486],[128.59931478376632,35.86813314245029],[128.59932188734612,35.86814960487232],[128.5993950811826,35.86831921478569],[128.59940199380276,35.868317842452136],[128.5995255334845,35.868293204400935],[128.59961505053505,35.868273502683714],[128.5996347750727,35.868269158711065],[128.59965235077752,35.86826529420286],[128.59965601480485,35.86826449072734],[128.5997068288516,35.8682526442309],[128.5998150955522,35.868226670748065],[128.59981946465933,35.86822559214671],[128.59982009824265,35.8682254330803],[128.59982171652078,35.86822503419849],[128.5998747000755,35.86821196418298],[128.59993832016673,35.86819624623094],[128.59994061408625,35.86819568609224],[128.59999188054425,35.86818292024804],[128.60012364524155,35.86815059979013],[128.60030210049416,35.868106389970684],[128.6004753441925,35.86806450677937],[128.6006041715451,35.86803222172192],[128.60061602421905,35.86802925246913],[128.6007385414776,35.8679985027429],[128.60090842817016,35.86795706981905],[128.60097962490195,35.86793949318143],[128.6011316481914,35.867901952525486],[128.60127813019,35.86786531535708],[128.60137989525163,35.867839748079064],[128.60141399355692,35.867832143607465],[128.60144302788248,35.86782438631384],[128.60148164763632,35.86781406993941],[128.60150440643378,35.867809535557335],[128.60163230994883,35.86778258700459],[128.60182300221152,35.86774233596827],[128.60182671295527,35.86774155002957]]]}},{"type":"Feature","properties":{"zoneId":"sgis-dong:22010650","label":"남산2동","district":"중구","zoneKind":"locality","labelLon":128.5879204,"labelLat":35.8639735,"isCommercialCandidate":true,"candidateRank":2,"candidateTier":"strong","centralCorridorOverlapRatio":0,"commercialPotentialScore":88.1,"businessCount":881,"businessDensityScore":92.3,"businessDiversityScore":74.6,"transitScore":88.1,"retailMarketScore":92.3,"employmentPublicScore":89.9,"cultureTourismScore":91.1,"healthcareScore":90.5,"quality":"modelled-hybrid-evidence","boundaryMeaning":"SGIS 2025Q2 행정동 기반 상권후보 분석권역이며 공식 상권 경계가 아님","selectionMeaning":"대구 전역 상권 검토 우선 후보"},"geometry":{"type":"Polygon","coordinates":[[[128.58790315098517,35.86643346085009],[128.58801483283472,35.8664261203994],[128.58829979254804,35.86642680818018],[128.58830200783814,35.866426813354245],[128.58833624518624,35.86642689625306],[128.58842385746516,35.866407807943176],[128.58859186283755,35.86637921164984],[128.58860832383905,35.866371740884794],[128.58860979007673,35.86637107576739],[128.58865129151988,35.86635224106417],[128.58878146340004,35.86631849143983],[128.58882803438468,35.86632111841561],[128.58886627917917,35.86632040392091],[128.588899312938,35.86631444627814],[128.58922959449438,35.86625403321018],[128.5894798121678,35.86620826192329],[128.5895441120109,35.866197498294596],[128.58962144318778,35.86618328245041],[128.58970575241943,35.86616778434365],[128.58978820327425,35.86615262579669],[128.58979457787052,35.86615806930363],[128.5897967206778,35.86615989987123],[128.5898057283704,35.8661560640444],[128.58985769550765,35.866133937038036],[128.58986467622339,35.86613964190483],[128.5898862471949,35.86613505738921],[128.59014733712303,35.86608659317957],[128.5904292674139,35.86603893816376],[128.59049139970486,35.86602843893039],[128.59104171616204,35.86592656365313],[128.59106793962906,35.86592186815146],[128.59108927390747,35.86591804468639],[128.59140961718273,35.86586064058304],[128.5915168441498,35.86584142410698],[128.59179432450185,35.86579182469696],[128.59195441451595,35.865762413928515],[128.5922568464885,35.86570685540682],[128.59227871063868,35.865702830372726],[128.59229483181332,35.86569984927366],[128.59231444648896,35.865696232359106],[128.59244795531566,35.865671616427974],[128.59245023562036,35.86567119539682],[128.5924533446397,35.86567062979164],[128.5929645981058,35.865576365767694],[128.5929689046072,35.86557557107587],[128.59323678309005,35.865526180122885],[128.5933118209809,35.865512343407055],[128.59341528639754,35.86549318472103],[128.59341562446224,35.865493122140784],[128.59342009884196,35.865492293448554],[128.59337827661307,35.864715242090874],[128.59337817569855,35.86471337857737],[128.59337476105182,35.864649926107994],[128.59336134370344,35.864400611022624],[128.5933541697402,35.864267315328064],[128.5933452416528,35.86410146212594],[128.59333146599727,35.86384555804628],[128.593329890082,35.86381629954054],[128.59332938407488,35.86380687650168],[128.59332885809388,35.86379712818033],[128.5933276515952,35.86377460549556],[128.5933229969544,35.86368811944795],[128.59332080779453,35.86364743560512],[128.59330691547157,35.8633893129162],[128.59330516850048,35.86330195833958],[128.5933025488784,35.86317090572869],[128.59329574438615,35.86314980616701],[128.59328215161023,35.863107657382216],[128.59326858897938,35.863065605689954],[128.59325997287482,35.863038886040016],[128.59324479308071,35.8629918237487],[128.5932427593929,35.86298551869244],[128.59306402169392,35.862431288176495],[128.593040825378,35.86235936155508],[128.59303668054332,35.86234650961806],[128.59300312969424,35.86224247336052],[128.59296361127807,35.86211995163725],[128.59295797538624,35.86210247832566],[128.59295714714364,35.862099911897836],[128.5928848425351,35.86187569186571],[128.5928733451168,35.86184003595204],[128.59285967754425,35.861797648872965],[128.59284561795567,35.86175405455852],[128.59282260137005,35.86168268521809],[128.5927396659618,35.86142552399224],[128.59269314138535,35.861288749058296],[128.5923702706087,35.861392359330544],[128.5923692925252,35.861392672952675],[128.5923628374348,35.861394745741194],[128.59198802158141,35.86151502840829],[128.59195694125566,35.861525002725756],[128.5919465032186,35.86152835224649],[128.59154545743618,35.86165704733144],[128.59153648488737,35.86165993001469],[128.59153509881253,35.86166037535911],[128.59114681420579,35.86178497006402],[128.59113414423413,35.861789034892325],[128.59113267213527,35.861789507158804],[128.5908375410603,35.86188420997703],[128.59082550188748,35.86188807881522],[128.5908227793325,35.861888952809295],[128.59053428795812,35.861981523705765],[128.5905143928028,35.86198869863731],[128.59049554570285,35.861995492607775],[128.59038154951028,35.86203659463333],[128.5903512457728,35.86204540027525],[128.59031975956356,35.862054558334265],[128.59025253559324,35.8620741129934],[128.58994332254463,35.862180333583375],[128.58974223612353,35.86226288564794],[128.58970907191556,35.86227650077287],[128.5895373826226,35.862346984367406],[128.58936258503974,35.86241874907774],[128.58928132189206,35.862454867810726],[128.5886005880064,35.862757435502395],[128.58858439207734,35.8627646360981],[128.58856471079628,35.86277338560552],[128.58853811825395,35.86278520625213],[128.58849973197783,35.86280201662376],[128.58808916973854,35.86298180955831],[128.58805273638237,35.86299776364537],[128.58796960638264,35.86303416797323],[128.58787015102143,35.86307771801924],[128.58782684744963,35.863096839237684],[128.58782440561643,35.86309791798182],[128.5877642051437,35.863124503864256],[128.58772699401032,35.86313655751911],[128.58756121442613,35.86319026440013],[128.58751255960695,35.86320602784408],[128.58749641629797,35.8632112569997],[128.58701537434385,35.86335903686981],[128.58698629204528,35.86336797306279],[128.58696708544443,35.86337387358185],[128.58695604721058,35.86337726416485],[128.58689467881337,35.86339135549398],[128.5868713976145,35.863396699634194],[128.58681789705906,35.863408985131954],[128.58665665108418,35.86344600959557],[128.58656889164118,35.86336307608459],[128.586470327151,35.86326993174931],[128.5864482128911,35.8632630716044],[128.58644475903176,35.86326011596],[128.58642724089987,35.863245120906925],[128.58642627266354,35.863244293012215],[128.5864125217713,35.863224701974644],[128.5863956506184,35.863229193775105],[128.58639023436695,35.86323063567244],[128.58626579181256,35.863284944234564],[128.58622804359473,35.86329361781341],[128.58613010846264,35.86331612460855],[128.58590406498703,35.86334014101824],[128.5858904218276,35.86334159144459],[128.5858708759025,35.86334470722106],[128.58586195984347,35.86332261295133],[128.58583845394867,35.8633056434164],[128.5858260846996,35.86329671614055],[128.5857797208489,35.863244018668624],[128.58578807944394,35.863215666474304],[128.58576943425018,35.86319842038883],[128.58576710526674,35.86318162907703],[128.58571651654643,35.863140408805506],[128.58561125705438,35.863089009865355],[128.58558262852262,35.86306276169658],[128.58558174470744,35.86306195106335],[128.5855674545967,35.86304885155094],[128.58554834277467,35.86303133016187],[128.58551559352625,35.8630216854483],[128.5854983835323,35.86301530011228],[128.58546464930401,35.86300278559154],[128.58540941964088,35.86300213872732],[128.58538479018875,35.86300185187312],[128.58537643980185,35.86300206074992],[128.58535544095915,35.863002587655835],[128.58534285114615,35.86300135807078],[128.5853065843761,35.862979207932234],[128.58527075318452,35.862957322513495],[128.58520268884072,35.862955842155415],[128.5851523506766,35.8629391437186],[128.5850854360743,35.86293376897099],[128.585025466196,35.86292029131468],[128.5849843969235,35.86289292292657],[128.584970888246,35.8628839211046],[128.58488348511838,35.862852636418765],[128.5848475914766,35.862818679494794],[128.58483231322583,35.86275508590917],[128.58481500106836,35.86271730262896],[128.58478983579099,35.86266241186013],[128.58474338861456,35.86262481592291],[128.58473442534878,35.86261938469523],[128.58468799157305,35.862564399248775],[128.5846677792761,35.86254046581165],[128.58452755876357,35.86237442403471],[128.58443295601094,35.862318331659914],[128.58442811227368,35.86231171643215],[128.58425936924993,35.86208122563958],[128.5842187307561,35.86201322500727],[128.58419847548018,35.86202457819236],[128.58417872242754,35.862033285258725],[128.5841587998602,35.8620420695831],[128.5841409998827,35.862049916956515],[128.58408778048872,35.86207337989742],[128.58384198354756,35.86213238546222],[128.5837581214522,35.86215251665452],[128.5837553136942,35.86215307751336],[128.5836871400358,35.862166783222655],[128.58354861670657,35.862194630675106],[128.58316881301877,35.862183888579146],[128.58294371103884,35.86217111069943],[128.5825959660501,35.86219143058811],[128.5824900878229,35.86220636163321],[128.58248600676993,35.86228937477293],[128.5824855316364,35.86229906726348],[128.58247568444142,35.86249967289145],[128.58246402103902,35.8627372716307],[128.58244616143574,35.86310108025661],[128.5824459446209,35.86310549807128],[128.58244146415583,35.86319677312436],[128.5824314666456,35.863400427362585],[128.5824306437858,35.86341721017964],[128.5824199859805,35.863634292845184],[128.5824199219031,35.86363560790294],[128.58241848583378,35.863664717920294],[128.58241493154503,35.86373711849066],[128.58249832804617,35.863742055900104],[128.58251293770488,35.86455585799709],[128.58237454889777,35.86455972491648],[128.58235857790945,35.86488506471403],[128.58273700529776,35.86500033635423],[128.58276622127855,35.865009615174074],[128.58278634686258,35.86501568882229],[128.58281817458632,35.86502529569813],[128.58284326265542,35.86503303216749],[128.58295082133034,35.865065795492164],[128.58300707140205,35.86508288511004],[128.5830366200374,35.86509186154529],[128.58305884716822,35.86509853467333],[128.58314501234125,35.86512515451069],[128.58315722818867,35.86512883273607],[128.58317827003103,35.86513516672239],[128.58325147830226,35.865157202558784],[128.58328511263863,35.8651675431197],[128.58328933814457,35.86516892948586],[128.58331178080044,35.865176298433425],[128.5833362459308,35.86518594632216],[128.58349014823787,35.86523070033925],[128.5835077890094,35.86523567292864],[128.58352722424578,35.86524163367177],[128.58353013830225,35.86524252698265],[128.58366319761785,35.86528333961146],[128.58369296906983,35.865293051352765],[128.5837139870816,35.86529990656312],[128.58372637926033,35.86530367870508],[128.58374223929872,35.86530850684609],[128.58386043507832,35.86534494011773],[128.58386476660013,35.86534630206627],[128.58388869804682,35.86535383958805],[128.58391014893436,35.86535994616641],[128.58401423542173,35.86539208532372],[128.58402589589963,35.86539564225255],[128.58412840946664,35.865426951640295],[128.5841702392544,35.86543982170426],[128.584228100801,35.865457761702075],[128.58425812162304,35.865467068953784],[128.5842704916049,35.86547083402688],[128.5843333892051,35.86548997628216],[128.58434159515085,35.865492478879744],[128.58435490964646,35.8654966303032],[128.5843756878142,35.865503108003324],[128.58446705624402,35.865531597539636],[128.58447666824432,35.86553454362574],[128.584506895813,35.86554381919663],[128.5846598646028,35.865590764617025],[128.58468824882755,35.86559960870868],[128.58471632265312,35.86560826987428],[128.58485671181708,35.865651576323536],[128.5852084695893,35.86576008752002],[128.5852323385483,35.86576773532671],[128.58524665368475,35.865772321179776],[128.58527388982768,35.8657804614653],[128.5854137568318,35.86582409473417],[128.5854487664311,35.86583501638735],[128.58548443009403,35.86584614218433],[128.58551601777353,35.86585548003841],[128.58563709109043,35.86589325591846],[128.5856518776112,35.86589764272495],[128.58568861923504,35.86590910852523],[128.58571515180702,35.86591738669674],[128.5857340345396,35.86592390563278],[128.58576491370928,35.86593456430386],[128.585789258392,35.86594216442389],[128.58579338960078,35.8659434523814],[128.5858882834512,35.86597308009148],[128.58590910203853,35.86597957969743],[128.58591521991974,35.86598148980186],[128.58597151998197,35.865999065311826],[128.58644855309532,35.86614797889309],[128.5865454718281,35.86617823328471],[128.58659733842802,35.86619426815849],[128.58660028885268,35.86619522417461],[128.58661232412985,35.8661991200537],[128.5866766516284,35.866219232642806],[128.58676684787338,35.86625179616469],[128.5867929232368,35.86626121059548],[128.58688979729226,35.86629563574215],[128.58691044712955,35.866302418888885],[128.58699281065813,35.86632947513784],[128.58708257887997,35.866358903049864],[128.58716724937418,35.8663830992786],[128.58731180545414,35.86643059435119],[128.58731229245225,35.86643332528586],[128.58733246170704,35.86643378824356],[128.58736375043077,35.86644455999529],[128.5874038978773,35.86645825375391],[128.58739847247872,35.86646358061611],[128.58749432888033,35.8664839627184],[128.58750377940171,35.86648804418814],[128.5875444127506,35.86650146663774],[128.5875933004636,35.8665167040172],[128.5875982583538,35.86651834144645],[128.58762959675377,35.86652869074689],[128.5876552653703,35.86648498496508],[128.58766168294108,35.866482234791064],[128.58766244054647,35.86648191058125],[128.5876781563537,35.86647517785788],[128.58769889689444,35.866457954125025],[128.58777838497554,35.86645644639866],[128.58782863918955,35.86644135354347],[128.58790315098517,35.86643346085009]]]}},{"type":"Feature","properties":{"zoneId":"sgis-dong:22020580","label":"신천3동","district":"동구","zoneKind":"locality","labelLon":128.622288,"labelLat":35.8722611,"isCommercialCandidate":true,"candidateRank":5,"candidateTier":"strong","centralCorridorOverlapRatio":0,"commercialPotentialScore":82.7,"businessCount":771,"businessDensityScore":79.7,"businessDiversityScore":82,"transitScore":87.5,"retailMarketScore":83.3,"employmentPublicScore":83.9,"cultureTourismScore":83.9,"healthcareScore":85.1,"quality":"modelled-hybrid-evidence","boundaryMeaning":"SGIS 2025Q2 행정동 기반 상권후보 분석권역이며 공식 상권 경계가 아님","selectionMeaning":"대구 전역 상권 검토 우선 후보"},"geometry":{"type":"Polygon","coordinates":[[[128.62690528481244,35.87761235187679],[128.6264300349831,35.87677594847876],[128.62642543855404,35.87676786313878],[128.6264119011076,35.876744024881866],[128.62636404362345,35.876659797558325],[128.6263352776877,35.876609176168785],[128.62632467488658,35.87659051417411],[128.62632143472052,35.87658480163395],[128.62630879503098,35.876562557915705],[128.62629313812084,35.87653501247794],[128.62623748308778,35.87640247520558],[128.62588828253263,35.87557086293985],[128.62582296039844,35.87541529469708],[128.62576646095988,35.87528074198708],[128.62574697994572,35.8752343590906],[128.62574535887978,35.87523049037103],[128.6257129354607,35.87515327827466],[128.62569273443808,35.8751051693209],[128.62568511314086,35.87508699501113],[128.62553443524988,35.874728158782055],[128.6256275188721,35.873501323971134],[128.62562757466455,35.87350056974539],[128.62562926626808,35.87347826376135],[128.62567008555527,35.87294022238604],[128.62569571523812,35.872602431453636],[128.62569814083477,35.87257046830374],[128.6257476076997,35.87191855285603],[128.62574778652154,35.87191600337527],[128.62574811256582,35.87191180266231],[128.62577173477368,35.87177524215648],[128.62577556981154,35.87175302426317],[128.62577690692837,35.87174528357013],[128.62583535300604,35.87140741578292],[128.62592548703026,35.87088621646411],[128.6259565327007,35.87070670998623],[128.62597704238144,35.87058812322292],[128.62600107154225,35.870449218388224],[128.62610092677468,35.870148144336795],[128.62610575171067,35.87013358400556],[128.6261072348043,35.87012911820391],[128.62614705092966,35.87000907019438],[128.62627950320038,35.869609692721255],[128.62647227590008,35.86902841886601],[128.62647462398684,35.869021368291975],[128.62653504722135,35.868839151919516],[128.62654795833203,35.86880021871773],[128.62661980731278,35.86858355475859],[128.6266231301401,35.868573534319324],[128.62666528589637,35.8684464157891],[128.62666757305672,35.86843952355522],[128.62667476694904,35.868417838497095],[128.62667564008882,35.868415201361245],[128.62667623261873,35.86841339809483],[128.62710278017755,35.867127188335644],[128.62710548899796,35.866978558906446],[128.62707781226456,35.86692789761887],[128.62703800860896,35.86693200713416],[128.62688530825048,35.866946207589656],[128.62688373970272,35.86694635212866],[128.6260525687715,35.86702363501288],[128.62574633858785,35.86705327613921],[128.62510261684454,35.86711558238499],[128.62504591365033,35.86712107023514],[128.6249923111415,35.867126435257866],[128.62452131593392,35.867173575620214],[128.62451760726378,35.867173941210474],[128.62441707734416,35.86718386269017],[128.6239533754611,35.86722961808755],[128.62390178922865,35.86723470951937],[128.62295741195862,35.867327891458345],[128.6228541573068,35.867338077820676],[128.62249728374775,35.86737325623012],[128.62230413918107,35.867392327578784],[128.6222191919453,35.86740076822819],[128.62222250154707,35.86740564089246],[128.62207895264905,35.86742109398059],[128.62195163513704,35.86743468864611],[128.62136868635875,35.867491549688246],[128.6200647232275,35.867618725402046],[128.61992363616108,35.8676330278185],[128.61971804889794,35.867653868989485],[128.6194998617014,35.86767387969612],[128.6192091255599,35.86770054331876],[128.61919101934205,35.86770220499849],[128.61917208561667,35.8677039374944],[128.6190254348387,35.867717388232414],[128.61900812529663,35.86772009548513],[128.619000031523,35.86772077853342],[128.61887562682477,35.867731279310696],[128.61867106347643,35.86774982911105],[128.6186520918257,35.86775201716613],[128.61861333907478,35.86775648825642],[128.61859534604574,35.86775816682369],[128.61844691809503,35.86777198771886],[128.61847029236586,35.86782211770175],[128.618509592642,35.867906410056484],[128.61864279711293,35.86803226798933],[128.61864387474165,35.8680332857323],[128.61866370321673,35.86805201941278],[128.61871910495353,35.86810436552976],[128.61905671646272,35.8684233481926],[128.6191987818211,35.86855757415726],[128.61938715082343,35.86873554669756],[128.61986063204665,35.86918289427106],[128.619902164848,35.869222132415686],[128.61991182421772,35.869244850917966],[128.61992340812972,35.869272095336996],[128.6199564964981,35.86934991239316],[128.61997582673723,35.86939537452308],[128.62000730449807,35.86946940019498],[128.62001599237703,35.869489826063955],[128.6200608957588,35.86962923025112],[128.62009271092955,35.86972800236326],[128.62008272007358,35.86979726677971],[128.6200765700388,35.869839895768045],[128.62005619054761,35.86998117445418],[128.62004814141537,35.87003698572011],[128.62002190879673,35.870085858636706],[128.62002088448764,35.87008776687184],[128.61976014922183,35.87057357245311],[128.61955608988293,35.87095376707025],[128.61932859738917,35.8713776222394],[128.61896561828962,35.87205390459438],[128.61889677160428,35.87218217426452],[128.61886244854506,35.87224612062608],[128.61884637066458,35.87227607052742],[128.61864924348583,35.87264333555598],[128.6185960830829,35.872742380070484],[128.6182219130276,35.87343948218299],[128.61821591673905,35.8734506542303],[128.6180514275204,35.87375710175908],[128.6176521591035,35.874500943510334],[128.61762095376025,35.87455907790023],[128.6175914906698,35.87461396848975],[128.61746977765762,35.874840719661044],[128.61729644725025,35.87516362971725],[128.61722926847983,35.8752887797322],[128.61718869682636,35.87536435974504],[128.61705046633477,35.8756218792544],[128.61703248080096,35.87565538617008],[128.6170078768332,35.87570122304702],[128.61687132588474,35.875955603726766],[128.61674178013863,35.876196933062694],[128.61694206473413,35.87625313836144],[128.617046753503,35.87628251668132],[128.61707110614745,35.876289302523794],[128.6170817132573,35.876292254750076],[128.61724859213152,35.87633876110528],[128.6173185235166,35.876358128816406],[128.6173320309117,35.87636188347519],[128.61739218134716,35.87637859778388],[128.6175119842622,35.87641158557291],[128.61753063640342,35.876416785324224],[128.6176079233854,35.87643741693211],[128.6176095726319,35.87643685163545],[128.6177821459939,35.87648320508544],[128.61788825338442,35.876511644464024],[128.6179174992957,35.8765194700681],[128.61802307005294,35.87654771056887],[128.6181214940264,35.87657408276061],[128.61823679184982,35.87660475147736],[128.6184023647931,35.87664888645526],[128.61849919103915,35.8766747430953],[128.61861416956245,35.87670552981953],[128.61867000036904,35.87672067352798],[128.61872500165296,35.87673559233429],[128.61874369562216,35.87674044711054],[128.61880606252413,35.87675750428997],[128.61884127818414,35.87676713487751],[128.61886214124223,35.87677278443908],[128.6189797206075,35.87680464287831],[128.61907494181634,35.876830715952096],[128.6190933245989,35.87683565290997],[128.61922038180052,35.8768700120813],[128.61924319532883,35.87687634661696],[128.61936829375537,35.87690863046399],[128.61945754418943,35.876933269501045],[128.61953469781878,35.87695411567217],[128.61960449198915,35.87697388902085],[128.6196970697246,35.87699990690078],[128.6198077282307,35.877030801262755],[128.61990526598416,35.87705803311671],[128.61996091953017,35.87707345555256],[128.62012120318775,35.87711755090986],[128.62020466375083,35.877140373549025],[128.62034877564346,35.87717967707987],[128.6204547625956,35.877208401990295],[128.62053942480324,35.877232686331716],[128.6206209794444,35.87725608001659],[128.6207487365072,35.87729158682508],[128.6209231599582,35.87733989287222],[128.62109394964872,35.87738753297152],[128.6212077884131,35.87741920775037],[128.62123909958513,35.87747417557905],[128.62125466772886,35.87750150613983],[128.62124501524616,35.87752811107745],[128.62129590234014,35.8775234672239],[128.62179466389168,35.87748632503065],[128.62196731965005,35.877473466317106],[128.62200798101216,35.8774704773776],[128.6221075274772,35.87746316439389],[128.62221485332236,35.87745527377123],[128.6222146584276,35.87742041053206],[128.62242969294718,35.87742266740604],[128.62262403146323,35.87742470622317],[128.6228076196002,35.87741084076114],[128.62283067185555,35.87740909982725],[128.6229408440926,35.877400788868414],[128.62297927229812,35.87739788989884],[128.62327084498588,35.877375894469694],[128.62368458044273,35.87734468205935],[128.62376717323727,35.87733845130821],[128.62414067090188,35.87731027338777],[128.62415449303768,35.87727684407389],[128.62415461087522,35.87727655988177],[128.62416256959258,35.8772573164656],[128.62427160420015,35.87726565228847],[128.62436700879596,35.877272719992796],[128.6243867411958,35.87727624248107],[128.6244677670717,35.87727977897219],[128.6245284730335,35.87728242919394],[128.62453060568055,35.87728252282344],[128.62467436721496,35.87728888509748],[128.62479999223555,35.87729436131912],[128.62481285124198,35.87729492157398],[128.6248246566207,35.87729562782986],[128.6248340265222,35.87729581956423],[128.62498051157215,35.877302381355044],[128.62509617497622,35.87730749438018],[128.62510837568314,35.87730803372303],[128.6253491616511,35.877318336676716],[128.62561921489026,35.87732975507384],[128.62562895140832,35.87733017771542],[128.62566970197167,35.87733194332116],[128.62590469354296,35.87734217865533],[128.6259874919565,35.87734610681135],[128.62615278093912,35.87735318689219],[128.62615680025777,35.87735368292935],[128.6261652960729,35.87735473021957],[128.6261665764502,35.877354090730385],[128.62616714840087,35.87735380227855],[128.62618494976627,35.87735456397459],[128.6262129672625,35.87736192664889],[128.62637009656217,35.877403434095626],[128.62643610656664,35.87742086784363],[128.62648127612349,35.87748577470541],[128.62648285695994,35.877488048032916],[128.62670121342384,35.877552302289594],[128.62671549879596,35.87755650477685],[128.62690528481244,35.87761235187679]]]}},{"type":"Feature","properties":{"zoneId":"sgis-dong:22020610","label":"효목2동","district":"동구","zoneKind":"locality","labelLon":128.6388315,"labelLat":35.8768136,"isCommercialCandidate":true,"candidateRank":11,"candidateTier":"review","centralCorridorOverlapRatio":0,"commercialPotentialScore":70.4,"businessCount":647,"businessDensityScore":68.9,"businessDiversityScore":79.7,"transitScore":79.1,"retailMarketScore":68.3,"employmentPublicScore":56.9,"cultureTourismScore":65.9,"healthcareScore":54.5,"quality":"modelled-hybrid-evidence","boundaryMeaning":"SGIS 2025Q2 행정동 기반 상권후보 분석권역이며 공식 상권 경계가 아님","selectionMeaning":"대구 전역 상권 검토 우선 후보"},"geometry":{"type":"Polygon","coordinates":[[[128.63527984249765,35.87205042857866],[128.63512121907365,35.87200562638733],[128.6351211102701,35.87200599705423],[128.63509337287275,35.872098716624],[128.63496080846457,35.872541826314766],[128.63483049253682,35.87297741363781],[128.63481376826954,35.87303331495271],[128.63479368874098,35.8730990785482],[128.63475832447764,35.87321489226082],[128.63470766377273,35.87338079855921],[128.63467989877955,35.873471725084045],[128.6346120587445,35.87369389845188],[128.63458770228925,35.87377366212597],[128.63454444090166,35.87391559906501],[128.63448261519224,35.8741184402423],[128.6344429872953,35.8742484512784],[128.6343722763421,35.87448044522836],[128.6343144404671,35.87467020218984],[128.63430219319704,35.87471143788348],[128.63427185241852,35.874813592281434],[128.63419318187022,35.87507848157434],[128.63404874014375,35.87523725913191],[128.63386272028993,35.87544173768818],[128.63372697405438,35.875590952899366],[128.63371491151807,35.87560421506814],[128.633659567562,35.87566520398542],[128.63355821494497,35.875776888013256],[128.63340236725486,35.87594862233762],[128.63333954658816,35.87601784616309],[128.63319847703025,35.87617329749566],[128.63313555897608,35.8762426303207],[128.63311445647926,35.876265884024214],[128.63307466717808,35.87630972887186],[128.63300008274783,35.87639170422905],[128.63293720764736,35.87646081025464],[128.63279377284772,35.876618457078855],[128.6324432119057,35.877003747206764],[128.6324136880293,35.87703619493127],[128.632070939468,35.87741289962131],[128.63170105532663,35.87782223754619],[128.63169814565572,35.87782546008063],[128.6315081545463,35.877948148894234],[128.63086374891725,35.878369446311666],[128.6305909767208,35.87854777643363],[128.6305067146886,35.87860286495222],[128.6307059982832,35.878647251564836],[128.63104647753855,35.87872471713795],[128.6311569678164,35.87874954228948],[128.63131245061516,35.8787850471362],[128.6314478146499,35.87881529409691],[128.63170436469613,35.87887416130936],[128.63198275172286,35.87893863901109],[128.63207098090217,35.878961302022496],[128.6322835774478,35.87904305627415],[128.63242875133793,35.87909888237777],[128.63260891017188,35.87916816140602],[128.63263393899402,35.87917778120405],[128.63264101655432,35.879180500272454],[128.63302021909058,35.87932640726348],[128.63303610987097,35.879332524982324],[128.63328055809862,35.879426627614876],[128.63346968856467,35.87949943412204],[128.63364822254155,35.87953696686121],[128.63401701551092,35.87961449748367],[128.63402401443764,35.87961596855594],[128.6344072658194,35.879694427098414],[128.63457285083763,35.87972832577202],[128.63458792110464,35.87973336736306],[128.6347428930896,35.879784700285995],[128.6351681921846,35.87992557417472],[128.63518247710888,35.879930305764915],[128.6350465815992,35.880286017237914],[128.6350072501258,35.8803885641364],[128.6349165360088,35.88062509003898],[128.6352386335451,35.88070789582383],[128.6355289651571,35.88078253184917],[128.63576235983848,35.88084253059976],[128.63596128527098,35.88089328218368],[128.63615494005768,35.88091231425077],[128.63627233249042,35.88092351535539],[128.63657108398436,35.88095240175125],[128.63686614869607,35.88098080841221],[128.63712107681667,35.881005196562874],[128.6371480428499,35.88102866300149],[128.63719903822016,35.8810730425101],[128.63736628570072,35.88121859100463],[128.63737283345947,35.88122428904123],[128.63724414188943,35.8813583754069],[128.63795649783722,35.88156240656783],[128.63798131067236,35.88156178740754],[128.6379906728038,35.88156155445264],[128.6386827824127,35.88154431668244],[128.6387646406307,35.881542277495356],[128.63885071700503,35.881540133343236],[128.63929546522894,35.881470804968394],[128.63936816488305,35.88145947245883],[128.63962190995204,35.88141991823541],[128.6398799262542,35.881379961416656],[128.6400123596729,35.88133435962317],[128.6403224231758,35.881227594779986],[128.64051875532195,35.881160570612224],[128.64052275597413,35.88115920463001],[128.64109688215586,35.88096320298488],[128.64123391138764,35.88087797698478],[128.64135974067165,35.880799716300224],[128.64170528186332,35.88058480271193],[128.64179545565904,35.880528226643264],[128.6421351399345,35.88031509759372],[128.64213876631206,35.880312821841144],[128.64218703700854,35.880283859214885],[128.64264592734494,35.87988969768718],[128.64299573317402,35.87958923268076],[128.64315882055877,35.8794478636603],[128.64321671836007,35.87939802813122],[128.64340860342116,35.87912436442626],[128.64341944133253,35.879108907753114],[128.64344476013088,35.879072718977724],[128.64353716131737,35.878940645752635],[128.6436554875751,35.87877113011026],[128.64366726383338,35.87875437435335],[128.6437365653618,35.87865576580207],[128.64377483483193,35.87860131522878],[128.64382717219797,35.8785270884719],[128.64385604026356,35.87848614616347],[128.64389412422787,35.87843213367187],[128.64389529115914,35.87843047000612],[128.64395242813166,35.8783489922485],[128.64401240911573,35.87826346553382],[128.64410919617467,35.87812606787672],[128.6441317202527,35.87809409330515],[128.64423259681604,35.87795061436444],[128.6443571260579,35.87777549166201],[128.6446424611953,35.87737422549803],[128.6446552517696,35.877356239270824],[128.64499244066212,35.8768888303894],[128.64510098316538,35.87673842761709],[128.64514452217492,35.876678100513],[128.64495442027982,35.87660724648103],[128.64494917168344,35.87660446833145],[128.64465510473184,35.876448820844224],[128.64442282912734,35.87631184022946],[128.6440381280469,35.87608524487316],[128.6437311914538,35.875904452442406],[128.64366312325387,35.87586421950975],[128.64331994558174,35.8756613800193],[128.64317804077524,35.87557750475927],[128.64315150459385,35.87556181960125],[128.64295558275074,35.875446014748164],[128.6428950174669,35.875409910326276],[128.64277004802784,35.875335411896536],[128.64213808859787,35.87496162583463],[128.64196710582885,35.874860886112195],[128.64183734690928,35.87478443527727],[128.64164757085862,35.874672621413936],[128.6409210807315,35.87424057791917],[128.64084320358145,35.874194263563396],[128.6403570951091,35.8739078101608],[128.64026731040755,35.8738549008877],[128.63962115583274,35.873472050073765],[128.6395880668472,35.873450413797244],[128.63949253807434,35.873393133585914],[128.6392997472378,35.87328018692966],[128.63914622403004,35.873190009631514],[128.63911673615627,35.873172688181825],[128.63899093264433,35.87309971005951],[128.63875229106762,35.87303365091258],[128.6387511176791,35.87303331764193],[128.63871216903487,35.87302225964703],[128.63790746727287,35.87279378125509],[128.63780212667788,35.87276386924468],[128.6371043656856,35.872565727642524],[128.63663942042214,35.87243441676495],[128.63633303003533,35.87234788386936],[128.63527984249765,35.87205042857866]]]}},{"type":"Feature","properties":{"zoneId":"sgis-dong:22030550","label":"비산2·3동","district":"서구","zoneKind":"locality","labelLon":128.5746865,"labelLat":35.8765858,"isCommercialCandidate":true,"candidateRank":8,"candidateTier":"strong","centralCorridorOverlapRatio":0.0167,"commercialPotentialScore":76,"businessCount":523,"businessDensityScore":77.3,"businessDiversityScore":74.7,"transitScore":62.9,"retailMarketScore":82.7,"employmentPublicScore":85.7,"cultureTourismScore":77.9,"healthcareScore":74.9,"quality":"modelled-hybrid-evidence","boundaryMeaning":"SGIS 2025Q2 행정동 기반 상권후보 분석권역이며 공식 상권 경계가 아님","selectionMeaning":"대구 전역 상권 검토 우선 후보"},"geometry":{"type":"Polygon","coordinates":[[[128.5759119530198,35.88015014617804],[128.57594772854057,35.880127715787594],[128.57595385590184,35.88012387433606],[128.57601029793204,35.880096812285245],[128.57612483281505,35.88004189256099],[128.57631101075202,35.879962542122364],[128.57644635107917,35.879908870937754],[128.57650954531482,35.87988307343503],[128.5767085990722,35.87981252883974],[128.57676106976763,35.87979623243307],[128.57680289931903,35.87978323735986],[128.57694405223103,35.87974147723723],[128.5771113823409,35.879704799614196],[128.57718771556677,35.879688069043894],[128.57754901039135,35.879609926462],[128.5777352255017,35.8795779019038],[128.57775173593532,35.87952629619215],[128.57776658520535,35.87947988215405],[128.57780127656756,35.87937168631762],[128.5778048382967,35.87936057956631],[128.57784521291475,35.87929615585249],[128.57787127848027,35.87925456728224],[128.57788917792143,35.87923059549029],[128.57790670308563,35.87920712652003],[128.5779068586548,35.879206834820856],[128.57794596099978,35.87913486199001],[128.5779565062441,35.87910193065011],[128.5779794584971,35.87903268662771],[128.57798992730812,35.878978093233236],[128.57796324388514,35.878891011002956],[128.57792690356703,35.878846657523134],[128.57792350091327,35.87884530145751],[128.57787840857623,35.87882731425942],[128.57781236191605,35.878805683441165],[128.57778166417285,35.878795628804596],[128.57776577945648,35.87879111567427],[128.57777679357997,35.87871789112524],[128.57779234403245,35.87867336587134],[128.57779223264407,35.878653696584685],[128.57780258216272,35.878600267288405],[128.57780775579292,35.87855793398448],[128.57778960991095,35.87849673828689],[128.57779639095796,35.87842897731995],[128.57780208509692,35.87838009219875],[128.57780126010775,35.87837038436599],[128.57779933830741,35.878347748955726],[128.5778008024834,35.87829981056594],[128.5778098329318,35.878228008443344],[128.5778150033406,35.87818707439051],[128.5778367066577,35.87807504082152],[128.5778522388034,35.87805076120569],[128.577857013182,35.878036852331796],[128.57786160958253,35.87800653661947],[128.57786157785776,35.87800272329527],[128.57786131927458,35.87797349876627],[128.5778613896033,35.877972966213335],[128.57786711505676,35.87793097595425],[128.57787035096337,35.877870724350224],[128.57788324458733,35.877783995542195],[128.5778958609837,35.87774401523134],[128.57795282147168,35.87763209978069],[128.5779979037777,35.87751540083457],[128.57800260623054,35.87738565624935],[128.578018366132,35.87735236435148],[128.57803556230994,35.8772017230072],[128.578039172585,35.87712496402973],[128.57805304526983,35.877063012164655],[128.57805677328128,35.87704636471042],[128.57808483275963,35.8768964336499],[128.5780789243096,35.876830403951395],[128.57807573105407,35.87679470909863],[128.5780145216579,35.87668431218262],[128.57796923020152,35.876638457687356],[128.5779552167759,35.87660556462416],[128.57798532761018,35.8765682762305],[128.57799116047906,35.87654828672674],[128.57800692723185,35.87649425521991],[128.5780462054883,35.876423919798754],[128.5781144733112,35.87633395318874],[128.5781302507249,35.87631783047375],[128.5782064979396,35.876239914599495],[128.57824151088684,35.876228090048166],[128.57849402182504,35.875970505905734],[128.57849991553235,35.87596449636207],[128.5784244306864,35.87591375439297],[128.5784226736035,35.87591488359851],[128.57836451012923,35.87586892753703],[128.578363634499,35.87586823578569],[128.5784673409563,35.875768343754736],[128.57852738505358,35.87572046537006],[128.57856043461945,35.87574196658876],[128.57867551261057,35.875640922849655],[128.57870560891416,35.87565931671835],[128.57876475162237,35.87569432155544],[128.57876723929184,35.875691520597194],[128.57885691350387,35.87559058222685],[128.57900141995512,35.87549254652271],[128.57910375062187,35.87539283219311],[128.57904295565444,35.87534225614839],[128.57903854826586,35.87533713159095],[128.57903634681142,35.87533457109516],[128.5790307891676,35.875328108132855],[128.5789484478301,35.87534027240765],[128.5789320971831,35.875342687610555],[128.57891879114464,35.87534465353202],[128.5789147285273,35.87534404089895],[128.57890214327472,35.87534214165597],[128.57890077129852,35.875341933998136],[128.57886626553986,35.87533671915699],[128.57884903300703,35.875334223343714],[128.57883286835198,35.875338591450486],[128.57880877753763,35.87534514220395],[128.57877190183186,35.875355167901006],[128.57876471033913,35.87535712306593],[128.57868992136824,35.87537745060228],[128.57864881025088,35.875378205663026],[128.57857658736,35.87538011099367],[128.5785445277404,35.875381125530524],[128.5785264285211,35.875381702766404],[128.5785087190547,35.87538226748431],[128.57846561129725,35.875399984379754],[128.57844576177288,35.87541592011303],[128.57842124176946,35.87543151010404],[128.57838640669235,35.875453651494446],[128.5784012110096,35.87547068974372],[128.57827449669395,35.87551970932872],[128.5782677967988,35.87552230286517],[128.57826498458797,35.87552339015127],[128.57823624319528,35.87553434069275],[128.5782114861034,35.87554388508691],[128.5781979163198,35.8755491169534],[128.57816145187348,35.875563182281205],[128.57812874905494,35.875585241348595],[128.5781242989933,35.87558824562986],[128.5780998594522,35.87558623813251],[128.57806315257181,35.87559434988335],[128.57803170211514,35.875607791366484],[128.5779728543928,35.87563933507441],[128.57790588386402,35.87567523407111],[128.5778759944748,35.87569107048031],[128.57784285962256,35.87571837142684],[128.57783046056525,35.875731854667336],[128.5778247171252,35.875735058068614],[128.57782211141847,35.87573650772271],[128.5777708770413,35.8757676440276],[128.5776422943422,35.875845625287745],[128.5775622912245,35.87589389866665],[128.57746142528026,35.875947117589206],[128.57732375253136,35.876019750840726],[128.57704122455166,35.87617097569559],[128.5770364512154,35.87616712554948],[128.5770235650672,35.8761695184441],[128.5770042031697,35.8761792864858],[128.5769819952309,35.87619877544875],[128.57696360498713,35.87621453016391],[128.57695390722762,35.87622283756477],[128.57691019162885,35.87623809989287],[128.57687762226752,35.87622194198456],[128.57686603719813,35.87621619470787],[128.57684963853865,35.87621409863937],[128.57678115441456,35.87620535077128],[128.5767729497003,35.87620447768294],[128.57672007181793,35.87618265425213],[128.57669507516974,35.87616699459161],[128.5766887449815,35.87616302675897],[128.57664132536868,35.87612674017969],[128.57661470277029,35.87610421795536],[128.57657455544862,35.87607586302676],[128.5765434101761,35.87603198904067],[128.57652695035932,35.87601439921755],[128.57651603010282,35.87599654336897],[128.57651100535304,35.87598720854363],[128.57650853136974,35.875982185571054],[128.57655519064804,35.87597293387005],[128.5765763669398,35.87597069030928],[128.57656532953322,35.875882940956714],[128.57655659230073,35.87585253382198],[128.57649259471305,35.87585310740234],[128.57649324522026,35.87583274067742],[128.5764856196677,35.875772656747124],[128.57647819507477,35.875714161371526],[128.5764611292693,35.875657670925364],[128.57642377333656,35.87559931936963],[128.57638423146676,35.875551171444506],[128.57638701106197,35.875512626359885],[128.5763648037059,35.87546632275183],[128.57634728660076,35.87539496775485],[128.57632571663538,35.875355734793885],[128.57632409600467,35.87535278587875],[128.57633037389795,35.87533618955033],[128.5763671888159,35.87527644845822],[128.57637096308844,35.875270323677206],[128.57637261250238,35.87523486845793],[128.57636662327744,35.87519566807844],[128.57636589589626,35.87519315923602],[128.5763489782724,35.87513483366069],[128.57634463159738,35.875030844868405],[128.57635702270085,35.875009065667555],[128.57636995481528,35.87498633677933],[128.5763757460613,35.87494572536822],[128.5763689023147,35.87491606937755],[128.57634996766942,35.87489730082015],[128.5763476794411,35.87489503315806],[128.57630637514592,35.874831376076884],[128.5763116042337,35.87481520747152],[128.57628828958974,35.87468784702159],[128.5762794345591,35.874676555853505],[128.57625830743018,35.874571363259506],[128.576260274748,35.874534675457035],[128.57626044842638,35.87453146433641],[128.57625078476028,35.87451542196156],[128.57623118557078,35.87448289246984],[128.57616931379795,35.87446791289031],[128.57616851979282,35.874468011963565],[128.57615569411956,35.87446961625571],[128.57609768324704,35.874476867049374],[128.57605079172984,35.87447298126839],[128.57603925181604,35.87446727317197],[128.57603965433768,35.874462471447394],[128.5760402242431,35.87445563069077],[128.57604318897071,35.87441978863699],[128.57598583905354,35.874389413031054],[128.57594702252672,35.87437894739145],[128.57578262291779,35.8742620870366],[128.5757492781691,35.874277478742144],[128.57574269930316,35.874273619468376],[128.57572956090976,35.87425553277058],[128.57568321985636,35.874191734847464],[128.57565263362412,35.87414962627052],[128.5755659997362,35.87408379997684],[128.57554893489464,35.87402501038324],[128.57554715266136,35.87401887046834],[128.57552579850505,35.87394531020092],[128.57552370645325,35.87394132599258],[128.57550666303072,35.87390886545108],[128.57550367279194,35.87390317270825],[128.57549336254363,35.873860256852865],[128.57549066469227,35.87379096522258],[128.5755040560322,35.87372386097535],[128.5755048234802,35.87371933907511],[128.5755155004924,35.873656465823636],[128.5755092920583,35.873646079507786],[128.57550205462422,35.873633976813],[128.5755115226579,35.87360950475214],[128.57553691462607,35.873543856357834],[128.5755318004437,35.87350526655881],[128.57553603806124,35.873413283587226],[128.57557472136207,35.873274294808226],[128.57557716028094,35.873168564673094],[128.57558369222298,35.87309586362171],[128.57564679061792,35.87305646826429],[128.5756517549331,35.87305316014987],[128.57566979587995,35.873033806112495],[128.57567527161513,35.87302793297749],[128.57572303456772,35.87297753519452],[128.5758097356299,35.872935512185],[128.57583993351116,35.8729269707787],[128.57587739995074,35.8729121903562],[128.57594595175564,35.87287373230764],[128.57595143946318,35.872869811839024],[128.57600409376604,35.872832193967625],[128.57607033980722,35.87284865990554],[128.57614502584127,35.87283902746959],[128.57615566616678,35.87281968015913],[128.5762163532621,35.87280400279762],[128.5762691304148,35.872786290227836],[128.5763144874119,35.87276500000444],[128.57640678640584,35.872724381529835],[128.5764309455989,35.87268427987141],[128.5764538251476,35.87266225700417],[128.5764569010109,35.872641197770896],[128.57646136224994,35.872633786609306],[128.57648326031122,35.87258031879185],[128.57648727412771,35.87250741126157],[128.5764877667258,35.872503375055864],[128.57654290507944,35.87229652026777],[128.57654306068318,35.87228804417781],[128.57655996415133,35.87224351052221],[128.57657135887422,35.87224161969529],[128.5767275141177,35.87197667684976],[128.5767061444023,35.87197240566356],[128.576740679825,35.87191411475183],[128.57674081627846,35.87191388453155],[128.57675917234818,35.87188290274836],[128.57676596502748,35.871883992252926],[128.5767975705684,35.87188906061261],[128.57692720532415,35.87190984430025],[128.57703422966713,35.87191603412524],[128.57729829517024,35.871921232044656],[128.5773229020188,35.87192013683743],[128.57741197440137,35.871940501231215],[128.5774884777469,35.871965190409135],[128.57752319818078,35.871976393722626],[128.57764943992456,35.87199018929579],[128.57770608404735,35.871990290556276],[128.5777965843504,35.87199045044096],[128.5779012738762,35.871985030275276],[128.5779179617189,35.87203830175293],[128.57791865183657,35.87204051160244],[128.57792105528182,35.87204818036898],[128.57793718209413,35.87205054920792],[128.57795016566976,35.872052455801736],[128.57795206802368,35.87205273444272],[128.5779513915636,35.872053822389184],[128.57794696003464,35.872060961066715],[128.57788742480457,35.87215686267978],[128.57803914401921,35.87225881486586],[128.5781346361708,35.87235661045743],[128.57816876231792,35.87239636601179],[128.57822099596277,35.87240955223378],[128.57826504634082,35.87241835095716],[128.5782766129843,35.8724167234849],[128.57829742895407,35.87241379406782],[128.5783346341128,35.87240855737307],[128.5784548632227,35.87236720155397],[128.5785278785244,35.872345995751985],[128.57856317574243,35.8723381110972],[128.57864769678255,35.87232304793989],[128.57868505358456,35.872322955897666],[128.57872378611987,35.87232286230782],[128.57872827434826,35.87232285175285],[128.5787922813536,35.87232269434331],[128.57885950182492,35.87234533471408],[128.57891192220552,35.872378414652374],[128.57892999600247,35.87238981936576],[128.57898151479355,35.87242232856771],[128.5790381319807,35.8724622442681],[128.57908671249763,35.87249649459155],[128.57912560099192,35.87251410256272],[128.5792090475593,35.87259001637487],[128.5792448244769,35.87263121731731],[128.57927247003897,35.87266312406988],[128.57930904019494,35.87270449276807],[128.57935207420516,35.87276050786474],[128.57937691658245,35.8728052582033],[128.5793953127088,35.8728028498061],[128.57942320132437,35.872696048870445],[128.57942358003058,35.872691548470954],[128.57942811815738,35.872637484230765],[128.5794133542953,35.872590088304094],[128.57940923362992,35.87249601657767],[128.57941084016517,35.872424675882236],[128.5794459625068,35.872281585128135],[128.57946177585754,35.8722350377662],[128.57947614383556,35.87219274975329],[128.57948602288423,35.87216250549061],[128.5794732308705,35.87208327207883],[128.57945888712683,35.8720281351629],[128.57946057070953,35.87188082265166],[128.57945509751687,35.871871913905565],[128.57940710744413,35.87179379917646],[128.57940409978016,35.87163086686035],[128.5794037715654,35.871613121637196],[128.5794007179338,35.871447533724044],[128.57939934105553,35.871390042592864],[128.57939796999037,35.87133281646841],[128.57939870989551,35.87129296433189],[128.57939859786842,35.871289768395386],[128.57939150010134,35.871088898975145],[128.57941215645886,35.8710196824622],[128.5794182503087,35.87090678624124],[128.57943166157682,35.87081897066544],[128.57943185385565,35.87081771215836],[128.5794442995918,35.87073621259341],[128.5794464033856,35.87067964763809],[128.57944775461945,35.87062509091555],[128.57952280377614,35.87054230569528],[128.57961102958743,35.870444987807105],[128.57961824884222,35.87043711177796],[128.57967220222736,35.870378252425176],[128.57963854404903,35.87035256828493],[128.57961105303815,35.87033118686383],[128.57942690262178,35.87042150334789],[128.57940244853503,35.870433497510575],[128.57937642522475,35.87044625226337],[128.57936701728167,35.870450868057546],[128.5792785449016,35.870494256465314],[128.57902908336433,35.870616594851874],[128.57878427114267,35.87073665148613],[128.57884248891529,35.87076857589325],[128.5788178773625,35.87077795681838],[128.578404854346,35.8709946364177],[128.57816609522845,35.87111989176984],[128.57805974765975,35.87117568476141],[128.5779820446936,35.871216447583514],[128.57796236596303,35.87122677037669],[128.57785936388393,35.87128080757733],[128.57710102653868,35.87167863415574],[128.5770030297342,35.871730031046184],[128.57686382422534,35.87177386354015],[128.57672751936926,35.871816779128174],[128.57660402119677,35.87185566519129],[128.57656978554851,35.87186644459358],[128.57656528313026,35.87186786073215],[128.57646529061785,35.871899346915995],[128.57645812999272,35.87190160008263],[128.5763092339875,35.871913506065496],[128.5762327865805,35.87191962205359],[128.5761528780494,35.87192601422678],[128.5761233238076,35.871937561165375],[128.57608624697664,35.87195244636006],[128.57603986623056,35.871977375361936],[128.57600865914424,35.87199497394758],[128.57596222383452,35.871997521194665],[128.57592044618562,35.87199981032952],[128.57590017972635,35.872000615738536],[128.5758569713505,35.872002607528444],[128.5756630029627,35.8720115463538],[128.57564626954783,35.872012316475434],[128.57550362151036,35.87204838691644],[128.57542005842512,35.87206173893862],[128.57538358783415,35.87206756498955],[128.5751507799425,35.87210476130184],[128.5750439063889,35.8721066266243],[128.57499816651523,35.872114742544035],[128.57495298133435,35.87212275791669],[128.57477700611958,35.87215336655282],[128.57435925289917,35.87217889991596],[128.5742949824128,35.87219645659327],[128.57429224305037,35.87218947955035],[128.5742842474264,35.87216910900721],[128.57426093505794,35.87217879834158],[128.57423475489415,35.8722005509952],[128.57415616680152,35.87220698232484],[128.57400620915462,35.87221925197174],[128.57373225942368,35.8722420890551],[128.57357086653155,35.87225490394676],[128.5733920390869,35.872270225697655],[128.57335103759362,35.872273738540386],[128.57318335608116,35.87223044890218],[128.57316756963445,35.87222637062465],[128.5730287120282,35.8722347839675],[128.57292995412644,35.872222918025756],[128.57282984021975,35.87221695132449],[128.5726700092107,35.872207426535766],[128.57265824626867,35.87220353765173],[128.57205184817894,35.87225114982695],[128.5720254498472,35.872253220109265],[128.57200000981038,35.872255218724035],[128.57199927950117,35.872255275729245],[128.57112775948522,35.87232369141812],[128.57112047479737,35.87237483898403],[128.57111004825666,35.87244800911644],[128.57112271075857,35.87244861745409],[128.57113548408972,35.87244923021149],[128.57113954539372,35.87300075809351],[128.57114106337974,35.87320700069946],[128.57114139162468,35.873251626978906],[128.57114168284048,35.873291527591356],[128.57114168753574,35.87329220552537],[128.57114260144843,35.87341621467328],[128.57115215429937,35.8734144020897],[128.57115305806363,35.87341422814261],[128.57122756812106,35.873403779903214],[128.57124875557489,35.87339121428191],[128.57125234684779,35.873400599987754],[128.57125566249715,35.87340925968814],[128.57123271122907,35.873472977731836],[128.57121602367334,35.87351930825089],[128.57117968999773,35.87368562636799],[128.57117888974858,35.8737805447139],[128.57117724084097,35.87382871553764],[128.57117127002587,35.873878726226884],[128.57116732414528,35.873911789296365],[128.57116279847654,35.87394967368866],[128.57116087561045,35.87399839510473],[128.5711506451041,35.87405635049088],[128.57110236857113,35.874090584216994],[128.5710271893341,35.87409811007121],[128.57100732510477,35.874128513011335],[128.57101052534927,35.87429137718025],[128.57105736751708,35.87434774358401],[128.57107656500565,35.87439321676055],[128.57107081809164,35.87442349562813],[128.57106053392803,35.874477637868345],[128.5710569471207,35.87449656481994],[128.57106121735282,35.874530218171785],[128.57106141322393,35.874531767114476],[128.57106828990044,35.87458590779441],[128.57107016865254,35.87460072356455],[128.57107239328465,35.874604861738455],[128.57108341117657,35.87462530291127],[128.57109134810256,35.874640037612565],[128.5711050496847,35.874665472954725],[128.57110635452847,35.87484435856183],[128.5710646552571,35.87500268792548],[128.57104187643395,35.87503778515353],[128.57104817438932,35.875108344854304],[128.571052132838,35.87516870168571],[128.57105441111318,35.875203485325194],[128.57103273581157,35.87545321692712],[128.57103403790046,35.87547094628111],[128.57103004060616,35.87549394474352],[128.5710353775152,35.87551351697796],[128.57103756822596,35.875521552011115],[128.5710524118983,35.87557602554268],[128.57111188717164,35.875597805277934],[128.57120597078534,35.87564758182662],[128.5711970148768,35.87566199294803],[128.5711925675333,35.87566949755453],[128.571177115429,35.87569556251581],[128.5711532479866,35.87570214040014],[128.571165389993,35.875731518650376],[128.5712215036168,35.87574944617666],[128.57122994324408,35.87575214231441],[128.57126366896458,35.8757669084555],[128.57130468755332,35.87577587740214],[128.57136928631607,35.87579000391937],[128.57137907301453,35.87579698127568],[128.57137929066442,35.87581314436446],[128.57138964005426,35.876016971242535],[128.57139332869812,35.87608959712779],[128.57139344518345,35.876096273066295],[128.5713953504247,35.87629731279092],[128.5713980362891,35.87640216317592],[128.57140004423803,35.87648052717115],[128.57140200371722,35.876562530306714],[128.57140185856002,35.87658021305892],[128.57140176740978,35.876591377027445],[128.5714031374474,35.87666859992191],[128.57140542309762,35.876768900074644],[128.5713354990209,35.87678779665907],[128.57136485605344,35.87694042188811],[128.57139381548225,35.87709032973441],[128.57139474214486,35.87718250269088],[128.57139560666099,35.87726857983064],[128.57139570846257,35.877278936079406],[128.57139777348198,35.87745086737661],[128.57141995502863,35.877462851435304],[128.57142267208326,35.87763416925673],[128.57142294587973,35.87770138555117],[128.57142316984238,35.87775552421623],[128.57142331991778,35.877790357469486],[128.57135544366434,35.87777136474624],[128.5712796720684,35.87777415023826],[128.57127160929323,35.87777444754104],[128.57126729724874,35.8777752252817],[128.5712695731554,35.877829397936715],[128.5712798587942,35.87807430414301],[128.5712804997914,35.878089493368506],[128.57129126373454,35.87834556205565],[128.5712921390208,35.878366467804454],[128.57129270288257,35.87837987713033],[128.5713021389417,35.87860445703959],[128.57130245397423,35.878611892123715],[128.5713064291209,35.878706526182114],[128.57131560172053,35.878924696512684],[128.57131634544936,35.87894241280174],[128.5713221659668,35.87908112042379],[128.57142358024242,35.87960528778572],[128.57142732140474,35.87962462719328],[128.57142832620463,35.87962981123144],[128.57142960051937,35.8796364173345],[128.57145440705983,35.87976462005114],[128.57146374492217,35.879806666776524],[128.5714645562177,35.8798103144744],[128.57154613561764,35.88017719887869],[128.5715465012165,35.880178845476664],[128.57154678506197,35.88017878163805],[128.57158041879535,35.88017119513998],[128.57164934521376,35.880173088319914],[128.57174471001798,35.88021639053044],[128.57176353504565,35.8802621986379],[128.57177472861983,35.880290342907266],[128.57183814031677,35.88044975391554],[128.5718411742694,35.88045737569763],[128.57185870146608,35.880503049316175],[128.57185459573276,35.880555160210896],[128.57189685318463,35.88070915404389],[128.5719185411824,35.88077125305],[128.57195205290935,35.88081502053751],[128.57196038424416,35.88083693168418],[128.57199265285863,35.88087098419788],[128.5720715610619,35.881069317844506],[128.57209785541215,35.88110460650347],[128.5720994188071,35.88112164109463],[128.57210107244896,35.881139617914485],[128.57210481660078,35.88118036757291],[128.57209951660568,35.881232465688946],[128.57210002588496,35.881238689136445],[128.57208580629688,35.881317297074176],[128.57209493138024,35.881396944394766],[128.57210978153503,35.881419206649],[128.57212411978796,35.881432255896506],[128.5721426271408,35.881494237190594],[128.57214867874595,35.88160163137744],[128.5721459509089,35.8816380968799],[128.57214451423636,35.88165726069288],[128.57230093833147,35.88204395618533],[128.57231100201244,35.88206615656318],[128.57235542031538,35.88216418354162],[128.5724250382645,35.88231781564025],[128.57246330934595,35.88240227485567],[128.5724730193042,35.88242370483602],[128.5725998739463,35.88270359978667],[128.57260519932828,35.88271534826772],[128.5726069143502,35.88271913393776],[128.57265687548636,35.882829368926636],[128.57295698744556,35.88257118372202],[128.57327157157437,35.882301606133744],[128.5733915147156,35.8821990111354],[128.57341402763427,35.88218001596789],[128.5734924848972,35.88211382166443],[128.5735153252825,35.88209455037785],[128.57368857013716,35.881945195158124],[128.57374507967546,35.881895077909434],[128.57391795041008,35.88173547133706],[128.5739425436721,35.881714432561175],[128.57407232798255,35.881600590255466],[128.5742028558992,35.88148753273143],[128.57428134305468,35.881419548949296],[128.5743020135466,35.88140164295493],[128.57449362634034,35.8812384248517],[128.57463260031773,35.88110946978794],[128.57481081214277,35.880953259019385],[128.57487194266815,35.88090351370873],[128.57496508917598,35.88082772058712],[128.57499283375807,35.880804315642166],[128.57522155259235,35.88061319359522],[128.57529981822896,35.88055066738984],[128.57536597933816,35.880499412654444],[128.5754344033722,35.88045182771516],[128.57549003541513,35.88041267689874],[128.57557793338657,35.880352718460784],[128.5756531828602,35.880291489338084],[128.5756712178193,35.880281651352824],[128.57573353898692,35.88024974227006],[128.5757676843611,35.880232259881716],[128.5759119530198,35.88015014617804]]]}},{"type":"Feature","properties":{"zoneId":"sgis-dong:22030630","label":"평리4동","district":"서구","zoneKind":"locality","labelLon":128.5580917,"labelLat":35.8674187,"isCommercialCandidate":true,"candidateRank":14,"candidateTier":"review","centralCorridorOverlapRatio":0,"commercialPotentialScore":63,"businessCount":950,"businessDensityScore":88.7,"businessDiversityScore":73.9,"transitScore":23.3,"retailMarketScore":29.9,"employmentPublicScore":68.9,"cultureTourismScore":48.5,"healthcareScore":61.7,"quality":"modelled-hybrid-evidence","boundaryMeaning":"SGIS 2025Q2 행정동 기반 상권후보 분석권역이며 공식 상권 경계가 아님","selectionMeaning":"대구 전역 상권 검토 우선 후보"},"geometry":{"type":"Polygon","coordinates":[[[128.56297531445998,35.871098638682646],[128.5631778368814,35.86983562384479],[128.56318097481227,35.86981605194692],[128.56322003711162,35.86957243964135],[128.56322461766538,35.86954386637006],[128.56323943917505,35.86945142394365],[128.56328293926634,35.869165762100984],[128.56328633130693,35.869143492269956],[128.5632864626024,35.869142624703784],[128.56333252290042,35.86884018999243],[128.56333533951633,35.8688216937947],[128.563429686764,35.868202166756085],[128.563431731689,35.86818875500107],[128.56343626399757,35.86815898576675],[128.5636196206409,35.86695495749378],[128.56362126305794,35.86694416924602],[128.56362437594063,35.86692373294988],[128.5637210204291,35.86628918674757],[128.5637255436683,35.86625949961776],[128.5637989155938,35.86577765376368],[128.5638089470037,35.86571176146906],[128.5638095559925,35.86570776935354],[128.56380124448927,35.86570561068067],[128.5637896008716,35.86570258986641],[128.56332794250974,35.865582729044185],[128.56300730890885,35.86549948164946],[128.5629935902171,35.86549591834579],[128.5629846864173,35.86549361068938],[128.56298100527403,35.86549265424534],[128.56270350447633,35.865420604966005],[128.56269779353283,35.86541909938481],[128.56269129467668,35.865416484635205],[128.56195590457824,35.86512020422129],[128.56194340688364,35.8651151703678],[128.5619321296339,35.86511062519177],[128.56192068536387,35.86510601387366],[128.5616795755989,35.86500887810341],[128.5616331171475,35.864990159263016],[128.56160063625242,35.86497706616842],[128.56158960209237,35.86497255757891],[128.56061055754594,35.86457047908885],[128.56060908864245,35.86456987899277],[128.56059916945156,35.86456583288768],[128.56035790699192,35.864467384900145],[128.55987169904967,35.86435617322777],[128.55975666726042,35.86432986159663],[128.55962000058287,35.86429860086105],[128.5596081044477,35.86429588659438],[128.55909156139649,35.8641777276825],[128.5590877885797,35.86417686568912],[128.558885050204,35.86413049302987],[128.55887713904045,35.864128682996814],[128.55886315115112,35.86412591677124],[128.5584555016111,35.86403263682885],[128.5582899108414,35.86399474505302],[128.5582775725309,35.86399192185323],[128.55823712250066,35.86398266478568],[128.55802995437654,35.86393526133911],[128.5576584005735,35.86385024006538],[128.55765012842932,35.863848349283444],[128.5576374123847,35.86384543558018],[128.55718028720892,35.86374083493893],[128.55711746621643,35.86372646052702],[128.55711082709513,35.86372493579858],[128.55710472804859,35.8637235460601],[128.5570898055074,35.86372011347961],[128.55695856684355,35.86368993249563],[128.5567718376983,35.863646989198145],[128.55672670024555,35.86363660893052],[128.55669604201665,35.86362955789047],[128.55655898772963,35.86359803830822],[128.55637317466446,35.86355582290955],[128.55620149956573,35.863516833141624],[128.5561863155037,35.8635133847161],[128.55618213366546,35.86351240992485],[128.55617635628738,35.86351105337349],[128.55617548190645,35.86351084829123],[128.55574274033486,35.86340941765246],[128.55573698517986,35.86340806539237],[128.5557299679773,35.86340642309979],[128.55512405028065,35.863264398006265],[128.55479785506276,35.86322123126636],[128.5547731206504,35.86321795757419],[128.55467153019853,35.86320451369717],[128.55404366386387,35.8631196972039],[128.55347833417449,35.86304675892921],[128.5534573021272,35.863044045728714],[128.553451141047,35.86304323244877],[128.55342095034115,35.86320445661744],[128.5534087271825,35.8632697344573],[128.55338034282704,35.863421338380945],[128.55337806186753,35.86343352232048],[128.55337329603591,35.86345896935964],[128.55334484119874,35.86361094803959],[128.5533425012799,35.86362344804349],[128.5533358254625,35.86365906797713],[128.5532584280329,35.86407205288224],[128.5531678134751,35.86455321105198],[128.55308129421277,35.86501498019682],[128.5530810738275,35.86501615416529],[128.5529825437844,35.865548155950506],[128.5529820238152,35.865550964380084],[128.55288417123057,35.8660758287207],[128.55288352688368,35.86607928285979],[128.55283846352074,35.86632241736196],[128.55283616105848,35.866334829571606],[128.55278591292816,35.866604443413074],[128.5527858116443,35.866604992453055],[128.55271869355087,35.866965335373564],[128.55268808077423,35.86712969502013],[128.55266714999277,35.8672424957877],[128.55260177675484,35.86759481651453],[128.5525915201468,35.86765009396118],[128.55258891363425,35.867664144269376],[128.5525466820896,35.86788928468505],[128.55249223491293,35.86817955756859],[128.55248875016488,35.86819814233215],[128.552443578523,35.86844054549951],[128.5523845848415,35.86875711806308],[128.552380947922,35.86877651195852],[128.55228452911362,35.86929066235354],[128.552281681492,35.86930600400374],[128.55216375632614,35.86994147075188],[128.55218112339597,35.86994465622816],[128.55285756135444,35.87006877201247],[128.5529026985629,35.870077135094434],[128.55330573790636,35.87015170793089],[128.5533907301044,35.870167433342814],[128.55404090712193,35.870287144075895],[128.5541227942617,35.8703022425779],[128.55493263212526,35.87045156021749],[128.55493525792514,35.870451272998466],[128.55497138120595,35.87044734317752],[128.55502474238384,35.87045697476002],[128.5555628068534,35.87055531473178],[128.55567235305753,35.87057533688974],[128.5559036851403,35.87061761558181],[128.5571133004078,35.87083867892202],[128.5575616006328,35.87092060516346],[128.55760191605648,35.87092797392454],[128.55798037801176,35.87099713603664],[128.55868639516234,35.871126151308786],[128.55870939110517,35.87113035458052],[128.55871631986304,35.87113162061622],[128.55954250926217,35.871282590360764],[128.5601438552532,35.87139247123837],[128.56016450618876,35.871396244143774],[128.56130004661782,35.87160372730909],[128.5613048346193,35.87160460189693],[128.56213261019278,35.87175584354226],[128.562882376592,35.871892825407905],[128.56288495159285,35.8718932948772],[128.5628847677437,35.871876047768836],[128.5628826475772,35.87167659985129],[128.5629263791555,35.87140378437053],[128.56292723430212,35.87139847830755],[128.56293184477238,35.871369725378],[128.56297073540244,35.87112717045349],[128.56297269267444,35.87111498110728],[128.56297470499698,35.87110243515578],[128.56297531445998,35.871098638682646]]]}},{"type":"Feature","properties":{"zoneId":"sgis-dong:22040570","label":"대명2동","district":"남구","zoneKind":"locality","labelLon":128.589841,"labelLat":35.8524984,"isCommercialCandidate":true,"candidateRank":6,"candidateTier":"strong","centralCorridorOverlapRatio":0,"commercialPotentialScore":79.9,"businessCount":797,"businessDensityScore":74.9,"businessDiversityScore":79.8,"transitScore":85.1,"retailMarketScore":80.3,"employmentPublicScore":85.1,"cultureTourismScore":85.1,"healthcareScore":80.9,"quality":"modelled-hybrid-evidence","boundaryMeaning":"SGIS 2025Q2 행정동 기반 상권후보 분석권역이며 공식 상권 경계가 아님","selectionMeaning":"대구 전역 상권 검토 우선 후보"},"geometry":{"type":"Polygon","coordinates":[[[128.59474716974913,35.85649441875574],[128.59470929547695,35.856415732776874],[128.59470758974908,35.856416038622946],[128.59470448543448,35.8564062867437],[128.59467504383252,35.85635356108094],[128.59463964837562,35.85631983512281],[128.59460204407512,35.85627994454995],[128.59459207963403,35.856266934710014],[128.59457481871848,35.856223922384814],[128.59457951811876,35.85618826598948],[128.59460013797556,35.856133080917985],[128.59461550862406,35.85612318234647],[128.59461492051383,35.856108598596514],[128.59458092118146,35.85608699855587],[128.5945484289478,35.856064982677324],[128.59450933470276,35.85603995440574],[128.59444155123822,35.8559601118298],[128.59443697267395,35.8559542077242],[128.59442732669154,35.85594180172091],[128.59439579327196,35.85585820384814],[128.59435116919053,35.855797127271124],[128.59432694473864,35.85574645553728],[128.59428484821333,35.85565703057071],[128.59425804060888,35.85559704485],[128.59424831014044,35.85556567339672],[128.59424162305095,35.85554421937706],[128.59423698327046,35.85552974825701],[128.59421109474377,35.855443799925375],[128.5942015118874,35.8554126101403],[128.59418540599293,35.85536239184712],[128.5941835407289,35.85529193536966],[128.5941653094889,35.85527385915947],[128.59414523246195,35.85525395335285],[128.59412236888534,35.85523709496274],[128.59405475199102,35.855187107732846],[128.59394826564284,35.85515854755605],[128.5939401148027,35.85515274447613],[128.59393348836608,35.85512134833634],[128.59392978042487,35.85510376192785],[128.59391830385695,35.855058214820474],[128.59390991716907,35.8550249260948],[128.593906641343,35.855006870543626],[128.5939019643475,35.85498194520887],[128.59388231242818,35.854869637774634],[128.5938785920836,35.85485066306766],[128.59386566949473,35.85477740241194],[128.59386258273577,35.85477713840923],[128.59383544439893,35.8546504668834],[128.59383889889614,35.85463961125135],[128.5938463363757,35.854622673465926],[128.59385510525203,35.85452739745696],[128.59381202702352,35.85448025197891],[128.5937971043599,35.8544651856608],[128.593805958602,35.85444835398553],[128.59381604588495,35.85442679950861],[128.59382508848387,35.85440747599645],[128.5938296540337,35.854383098504655],[128.59385140138238,35.85426697105584],[128.59385672028276,35.85423769842192],[128.5938398107078,35.85409798548807],[128.59383583209313,35.854076651931415],[128.5938404784689,35.854076781827544],[128.5938400280944,35.854051735962486],[128.59384618587742,35.85401597434436],[128.5938559268424,35.85396453886232],[128.59387807043495,35.853855499499915],[128.59390597968869,35.85374971547571],[128.5939122216771,35.85372605208037],[128.5939198387789,35.85370655761981],[128.59393445146415,35.85365666903321],[128.59395557350467,35.853626602472886],[128.5939757612144,35.85359946368196],[128.5940056599391,35.85353274613738],[128.59401796769546,35.85350484153883],[128.59403400136136,35.85341555605979],[128.5940476416169,35.85333939210358],[128.59405474607522,35.85331209114772],[128.59407406649078,35.8532511759132],[128.59407766482707,35.853239833921116],[128.59409533002454,35.85317999670022],[128.59410628816715,35.85316058539884],[128.59411645497005,35.853142578727834],[128.59415083695342,35.85308429321987],[128.5941873010422,35.853022476244554],[128.594193106976,35.85301238174331],[128.59420334247892,35.853002439834924],[128.59423774269624,35.8529690219886],[128.5942492784704,35.85296038181333],[128.5942543008801,35.852956612609084],[128.59427018173238,35.85294471697721],[128.59427612723076,35.85294026679754],[128.59429518457404,35.852925983738274],[128.59430309644068,35.85292005330975],[128.59430678591787,35.852917280752344],[128.59431432089147,35.85291164586282],[128.59432016550602,35.852907268725026],[128.59432679042757,35.85290229665958],[128.5943511815984,35.852884021565785],[128.59441387514843,35.85283601738948],[128.59453050224732,35.852757726951445],[128.59470132617977,35.85264093444459],[128.59478953147703,35.85258048863518],[128.59483354397778,35.852557566495406],[128.59487232768416,35.852536770996885],[128.5948960618025,35.85252404459937],[128.59496235046154,35.85244986200674],[128.59496694992288,35.85244272117015],[128.59499117441078,35.852405097188125],[128.59508003890338,35.85227013806695],[128.595090406223,35.85224893975094],[128.59514181593602,35.85214718309027],[128.595185167586,35.85208074382007],[128.5952016191078,35.85205553036249],[128.59524111112356,35.85202876984957],[128.59525693947532,35.85201823412609],[128.595273946278,35.85201962707639],[128.59529786812087,35.852002529907324],[128.595326162224,35.85200517410026],[128.59535348755847,35.851995354875285],[128.59535646532063,35.85199253287748],[128.59536848340414,35.85198113662355],[128.59538712070585,35.85195566970792],[128.59539020413254,35.8519516738105],[128.59541442327648,35.851920287716645],[128.59541813463127,35.8519133154384],[128.59543590229686,35.85187631551662],[128.5954424945425,35.85181005172573],[128.59544368430576,35.85179156601774],[128.59544663005022,35.85174584426301],[128.59544109941365,35.85171185341522],[128.59543428662766,35.85166998917342],[128.59543158952258,35.85164764775091],[128.59544557455357,35.851647862836685],[128.5954510374163,35.851647946460034],[128.59544961097234,35.85163666827142],[128.59544687731247,35.8516292192257],[128.59543484498116,35.85159642543095],[128.5954315498246,35.8515874434351],[128.59541973471664,35.85155820342862],[128.59539810097306,35.851517339812425],[128.59536244644875,35.851456268327546],[128.59535288301083,35.851443070059986],[128.59534531038386,35.85141052770342],[128.5953425209968,35.851384533979264],[128.59534053405244,35.85135504749057],[128.59531117944678,35.85129146629776],[128.5952864141734,35.85124030107946],[128.5952802855385,35.85122763857706],[128.5952789508384,35.8512248802363],[128.5952544650086,35.85117921471203],[128.59523728275067,35.85113815811885],[128.5952209918684,35.8511029725004],[128.595216769104,35.85107791143369],[128.59521407210488,35.85106185210505],[128.59520749637915,35.85104011040992],[128.59520548082423,35.85103164866559],[128.5951943928839,35.85098513613949],[128.59519106309003,35.85096960548571],[128.59518499918246,35.85094497862437],[128.59518124115093,35.85089202792389],[128.59517557419738,35.85081380843815],[128.5951758432514,35.850784897313666],[128.59517549137144,35.85077541515892],[128.59517620201382,35.85076218723492],[128.59517717119192,35.850665332319636],[128.5951792544979,35.85064755881582],[128.59518941174244,35.850604498556535],[128.5951982066059,35.850567215319714],[128.59520892055343,35.85053750035437],[128.5952268623439,35.850487730910096],[128.59523137804797,35.85047483163022],[128.59524691626652,35.85043694147233],[128.5952925712613,35.85036896202025],[128.59535296484688,35.850276139901226],[128.59536341442583,35.85026118684833],[128.59538440068368,35.85023342747299],[128.59539310077454,35.850222111051515],[128.59539729252964,35.85021665893885],[128.59536992497132,35.8502042829335],[128.59542176849197,35.85013506686386],[128.595544757532,35.849997807399824],[128.59555973616216,35.8499820448996],[128.59555378665567,35.849962194401954],[128.59562110459413,35.8499023315237],[128.59564354021848,35.849882379059395],[128.5956555785609,35.849881173879474],[128.59572131492178,35.849867502614714],[128.59576002158255,35.84986842172382],[128.59576367842394,35.84984236560762],[128.59576505592733,35.84983254131524],[128.59576107137156,35.84979743556081],[128.5957677251598,35.84969961730606],[128.5957807032315,35.849620235170235],[128.5957816377221,35.84961523558474],[128.59579455705602,35.849617378882165],[128.5958092427999,35.84961993521273],[128.5958136190137,35.84960431265374],[128.59581683195194,35.84958639810763],[128.59581059919827,35.849573488647856],[128.59580836832941,35.84951742985947],[128.59580762106015,35.84949869314216],[128.59578687552596,35.84948018208957],[128.5957723634684,35.849467229129466],[128.59575506934968,35.84945248037879],[128.59575019069,35.8494457505135],[128.59573942654626,35.84943090614507],[128.59572029631292,35.84941647165055],[128.59564991637976,35.849363362172205],[128.59564496498234,35.84936003727464],[128.59565033757912,35.84927565500273],[128.59558844181817,35.84927151955854],[128.59558141931623,35.84930044989738],[128.59554206872437,35.849298102210014],[128.59554149253907,35.84929759357177],[128.59551221362415,35.84924494228459],[128.59549660596875,35.84920176439915],[128.59549324868345,35.84919276673907],[128.59543097160082,35.849025890501984],[128.5954196625746,35.84899267717738],[128.5954192656937,35.84899151777701],[128.5954190164398,35.84899078617563],[128.5954169255952,35.84898465746669],[128.59541206034507,35.848970364236166],[128.59542325365467,35.848944122212195],[128.59542681765657,35.84893707374037],[128.59544789789862,35.848895402347175],[128.59546602739508,35.84885931509986],[128.5954706686082,35.848850075018085],[128.59547043022127,35.84884240487386],[128.59546682178603,35.84881852827109],[128.5954617411445,35.848801134720986],[128.59545709970055,35.848795383582434],[128.5954347915299,35.84876774484308],[128.59543450764895,35.84876739401781],[128.59542686953688,35.84875792870453],[128.5954181209144,35.84875016665434],[128.59540391102334,35.84874499860994],[128.59535149892753,35.848722731754414],[128.59532671597606,35.84870677639698],[128.5952983347313,35.848709063646204],[128.59529504612232,35.848688469424566],[128.59527376154946,35.84867599105559],[128.59526391745078,35.84867021881676],[128.5952310550282,35.8486523166822],[128.59522191420186,35.8486474368895],[128.59521469492884,35.848634444428306],[128.59518851151222,35.848607316991846],[128.5951420255043,35.8485668024439],[128.59504603190547,35.848470892550935],[128.59491570373083,35.848345818797554],[128.594892433028,35.84832901381614],[128.5948988408512,35.84829539195898],[128.59485412576296,35.84828942896577],[128.59482417612193,35.84824495719644],[128.59480149867318,35.84822039423265],[128.59474920138257,35.84814537729009],[128.5947297194984,35.84811918040984],[128.5947287740817,35.84811791060442],[128.59469035920492,35.84808788507297],[128.59463089432953,35.84804018949634],[128.59459087633314,35.84799487356704],[128.5945319271364,35.847946982109896],[128.5945315463975,35.84794667363671],[128.59453112100306,35.847946258284075],[128.5945278535797,35.84794306224868],[128.59445554943898,35.84794309069101],[128.59445641135196,35.84792925914097],[128.59445686620123,35.84792021410215],[128.59445831863164,35.847891335459515],[128.5944589664113,35.847878440783006],[128.59444834401108,35.847877987586884],[128.5944304059355,35.84787677158659],[128.59429976640803,35.847867516843],[128.59428825942877,35.84786675523975],[128.59412574689105,35.84785579542343],[128.59411389431594,35.847855026131704],[128.5939495440644,35.847844582278086],[128.59384601044763,35.84783807524486],[128.59383768914367,35.84783754244403],[128.59382482930596,35.84783664255104],[128.59368514985945,35.84782676891775],[128.59367380694346,35.84782601928562],[128.59366305055414,35.84782540405625],[128.59350765170439,35.84781556691378],[128.5933980138617,35.847808533538775],[128.59327826996335,35.84780114845016],[128.59316217015902,35.84779398973827],[128.59303028050286,35.84778488202318],[128.593017144923,35.84778398004418],[128.59300436261807,35.84778324163963],[128.59286546510629,35.847774010868406],[128.59284435181283,35.84777267835956],[128.59273946827597,35.847765750799276],[128.59261943877812,35.8477578799033],[128.5924980368433,35.84774973376685],[128.59248941882254,35.84774920357039],[128.59248641756412,35.84774901718846],[128.59247788515066,35.847748592597505],[128.59239668336312,35.84774375831857],[128.59237644440796,35.847742552111285],[128.5923683749637,35.84776635557834],[128.59236469461774,35.84777720962631],[128.59231018131982,35.84793799543605],[128.59225757559022,35.848092307768134],[128.59225558385265,35.8480981499866],[128.59224280558686,35.848135336713284],[128.59220896337342,35.84823729584675],[128.59219449163632,35.848281002755925],[128.5921910740505,35.84829131797816],[128.59218179605344,35.848319377888586],[128.592174443361,35.84834151504429],[128.592167458335,35.848362523703855],[128.5921525078876,35.848407501658215],[128.59215018109273,35.84841450993966],[128.59213659853958,35.84845539317012],[128.5921341121363,35.84846287532224],[128.59213348395744,35.84846471030823],[128.59212449147338,35.848473217174565],[128.59212923151372,35.84847713286275],[128.59212188554235,35.84849863164557],[128.59211530555277,35.84851800839324],[128.59210920670378,35.84853597162062],[128.59210613940115,35.84854502236644],[128.59210066997701,35.848561241654295],[128.59201078386718,35.84850628419485],[128.59190166238858,35.84843956655207],[128.59187677641768,35.84847258083531],[128.59184930315675,35.84845960002487],[128.59182360765016,35.84844745863894],[128.59181224542505,35.84845402971782],[128.59179437087664,35.848444368686295],[128.59178828465437,35.84844160930364],[128.59170344428682,35.84840565583687],[128.5916530456081,35.848383962291564],[128.5916288821715,35.84837501110688],[128.59160613721227,35.84837001481931],[128.59158884137724,35.84836621678804],[128.591569017033,35.84835778333733],[128.59150764723145,35.84833030939242],[128.59140912878172,35.84824787354761],[128.5913158653992,35.84815553127023],[128.5913400126103,35.84813906212715],[128.59134834180614,35.84813338144014],[128.59135244398567,35.84813051146092],[128.5914057252702,35.84809752785695],[128.59139362811467,35.848076972058514],[128.59138948086067,35.848069926130165],[128.59138610454954,35.84806418948441],[128.59137039610872,35.84804717357581],[128.59136917652228,35.8480458521399],[128.59129697763314,35.84808710901877],[128.5912897944314,35.848082679055814],[128.59128208410368,35.8480779239071],[128.5912698265785,35.84803337709221],[128.59125558735812,35.848006643373374],[128.59125338232178,35.848002499970825],[128.5912438531944,35.84798461290746],[128.5912089235639,35.84791903652254],[128.59120578313136,35.84790982399737],[128.59118759995425,35.8478595176939],[128.59117112021616,35.84781392192356],[128.5911697013613,35.847810260028005],[128.59116130059508,35.84778856892218],[128.59116109167226,35.847788029880206],[128.5911426518365,35.84779835798363],[128.59111764983822,35.84781240422922],[128.59108457000144,35.84788216484088],[128.59107180620074,35.8478952254243],[128.5910091122485,35.84787484413807],[128.59095003604165,35.847855513652355],[128.59087334046447,35.84783041801817],[128.59085816878184,35.84782533389505],[128.59083150696372,35.847811821670504],[128.59082012187315,35.84780605043144],[128.5908186432642,35.84780530113079],[128.59079914831844,35.84779519125422],[128.5907692501644,35.84777968888978],[128.59075391515347,35.847754753762516],[128.5907460017052,35.847741307527436],[128.59072959372585,35.847742492377506],[128.5907055724575,35.847744224166554],[128.5907062526078,35.84779615357802],[128.59070867426124,35.84798098949536],[128.59070972050253,35.848060863211046],[128.59071101274662,35.8481595891319],[128.59072223579446,35.84852272076854],[128.59053853610038,35.848564471841264],[128.59048155368458,35.84857742341404],[128.59047699666945,35.848576840889805],[128.59045566519904,35.84857705612761],[128.59039451418477,35.84860744390264],[128.5903945593728,35.84861786198309],[128.59039429442893,35.848639274764174],[128.59039468740218,35.84870065338059],[128.59039668645443,35.849014408859155],[128.59034463666464,35.849040195367365],[128.59034453724166,35.8490272714279],[128.59034448536485,35.84902251163328],[128.59022808175243,35.849102640617076],[128.5901580783776,35.849149886730515],[128.5900937845143,35.84919260202561],[128.58990936584252,35.84938893746969],[128.58965368100482,35.849653166738825],[128.58962712944867,35.84968060415742],[128.58957606785538,35.84969319688142],[128.58953640699386,35.84970297879961],[128.58951421936015,35.84969292469263],[128.58929148639382,35.8495938534994],[128.58919868271957,35.84955231043905],[128.58895611807725,35.84944372656541],[128.58890392066053,35.84942977639131],[128.58890081040008,35.8494293970716],[128.58886557907311,35.849425085922626],[128.588811567812,35.84941631991963],[128.5888030627262,35.8494127222124],[128.58870334246276,35.84939326398325],[128.58803201871885,35.849262268377295],[128.58789775755307,35.84923606931177],[128.5878010344966,35.84921719535407],[128.58778503002276,35.84921454539897],[128.58761954062763,35.84918214287976],[128.58746118588695,35.84915126231237],[128.5874385019456,35.849146839882486],[128.58745046544723,35.84910657677089],[128.58746189517254,35.84906728586904],[128.58749439999366,35.848955796163324],[128.58751238407805,35.84890327946631],[128.58754209953142,35.848817025475036],[128.5875777578433,35.84871234197006],[128.58759100582537,35.84867435448817],[128.5876071684877,35.84862323906788],[128.5876229751383,35.84857411211558],[128.58764384010885,35.84850616696975],[128.58766532740592,35.84843595325622],[128.58767927897853,35.84839013740993],[128.58769066273132,35.84835333341814],[128.5877088633248,35.8482954450031],[128.58772184034683,35.84825189729751],[128.5877358820354,35.84820619783157],[128.58775046129037,35.84815721179766],[128.58773044242324,35.84815396167043],[128.58775628667172,35.84814396554579],[128.5877599007816,35.84812772808302],[128.58778464550778,35.84801842000929],[128.58780444279543,35.84792988732551],[128.5878083742958,35.847912080066],[128.58781241003973,35.84789379763894],[128.58781916149445,35.84786322752622],[128.5877984409039,35.84785383508384],[128.58779815335095,35.84785410455069],[128.58779288764006,35.847859031498025],[128.5877526608094,35.847896646580544],[128.5876644046485,35.847979176091926],[128.58746855720892,35.84831502043023],[128.587463097566,35.84830996517885],[128.58744050359863,35.84828859520019],[128.5874304473906,35.84827908453861],[128.58735489246737,35.84832264408941],[128.58733505923524,35.848334534014185],[128.58729196055089,35.8484204907452],[128.58728686103933,35.848430620905766],[128.58726667130853,35.84847066543712],[128.58726038563262,35.848483135074744],[128.58718948536193,35.84862360317929],[128.58704449393602,35.84858952228285],[128.58675970947834,35.8485218529801],[128.58648753935213,35.84845718113613],[128.5864561058946,35.84844971731733],[128.5863991202296,35.84843714726427],[128.58609269793192,35.84836955751608],[128.58571208257644,35.84827398025146],[128.58566636047416,35.8482620076833],[128.58563796182762,35.84845458453114],[128.58563479113332,35.84847608848087],[128.58561544215468,35.848598670717976],[128.58560203430656,35.848692588977634],[128.58557772191702,35.848686235328344],[128.58553569508177,35.848675253504695],[128.58549617677295,35.848706219601446],[128.58548475342735,35.848715172575496],[128.5854844042804,35.84872904181362],[128.58548351596224,35.848763637513684],[128.58547101283168,35.849256575228566],[128.5854373040032,35.84927587935767],[128.58447644772818,35.84911095216516],[128.58447550980853,35.84911079113641],[128.58436113712645,35.849091170334994],[128.58430672445672,35.84908182531395],[128.5832614771279,35.84890241345311],[128.58326795799152,35.84889756950953],[128.5832401287982,35.848893256684235],[128.58319882780384,35.84888685737061],[128.5831882262552,35.8489389931454],[128.58318727130833,35.84894368629193],[128.58318225861456,35.84895796090025],[128.5831657712335,35.84900544446104],[128.58314930674297,35.8490147158358],[128.58314489118237,35.84901720429523],[128.58314098549084,35.849019402361634],[128.58312228640904,35.84907476570764],[128.58312924863205,35.849076978497784],[128.58311612244853,35.84911773221326],[128.58306696000386,35.849270351625975],[128.58306664758177,35.849271318216346],[128.5830400109868,35.84936741372808],[128.58303238403735,35.84950637954555],[128.58302388418062,35.84967659429346],[128.5829937732954,35.84971281745579],[128.5829382203729,35.84973462669369],[128.5829326204561,35.84975482987204],[128.582935035025,35.84975445830137],[128.58311774896208,35.84972651895108],[128.58333382415543,35.849645704606544],[128.58339047394955,35.84966139494891],[128.5834036694153,35.84968255652781],[128.58341155315858,35.84969519751908],[128.58343132364345,35.849726896812726],[128.58345048278105,35.849728146717524],[128.5834562763688,35.84972796825436],[128.58348119292964,35.84972719541298],[128.5836049553335,35.84990898537879],[128.583648040427,35.84997793442556],[128.58392766990204,35.850425434072726],[128.58393981225294,35.85044486777131],[128.58394500375258,35.85045317123776],[128.58401370304918,35.85056310052955],[128.584121991855,35.85073306935253],[128.58422660882758,35.85091001957139],[128.58431963081838,35.85106884016827],[128.58433661357992,35.85109460150349],[128.5843490982211,35.85111353981287],[128.58435903754355,35.851128617148056],[128.5844586205212,35.8512796474873],[128.58450498745484,35.85135218996921],[128.58458154189262,35.851481949162036],[128.5845898759083,35.85149607539098],[128.58459377762907,35.85150268651095],[128.58460670953852,35.85152461485302],[128.58467060669076,35.85162299205046],[128.58469652530601,35.85166289755999],[128.5848285393581,35.85188256937479],[128.5848301166372,35.85188519491704],[128.58482779321656,35.85190372323266],[128.58482528950842,35.851923649701035],[128.58482204262165,35.85194950255874],[128.58479618156824,35.852155434539135],[128.58476481647037,35.85241420195862],[128.58476358572756,35.852472785072926],[128.58476193047971,35.85255142103149],[128.5847375467707,35.852720389887125],[128.58473300624217,35.85275184322323],[128.58470126276177,35.85297180523823],[128.58468788131418,35.853064533040275],[128.584641536031,35.85341724891984],[128.58462640964242,35.85353765609233],[128.58462426357613,35.85355473939274],[128.58462365240186,35.85355962688631],[128.5846075886449,35.853687482233084],[128.58458954480093,35.8539094914852],[128.58458293241506,35.85395340421303],[128.58458116226998,35.85396515947381],[128.584564734603,35.85407443773515],[128.5845271591962,35.85430356172655],[128.58452022109634,35.85436608930071],[128.58451920908237,35.85437520965386],[128.5845177175819,35.85438864201371],[128.5845172712747,35.854392625551206],[128.58450810679517,35.85447528804177],[128.58445702577083,35.8547867827978],[128.58445285185078,35.8548122373975],[128.5844091099722,35.85507896086673],[128.58439695409245,35.85515308547348],[128.5843948329042,35.85516939950658],[128.58439106568449,35.855198372846814],[128.58438888224893,35.85521515805851],[128.58438880982683,35.855215695143414],[128.58434610556876,35.85554392028847],[128.5843429457006,35.855568213529374],[128.58433548990376,35.85562551577606],[128.5843179954748,35.8557599473547],[128.58430186852806,35.85588387507477],[128.58429797054092,35.855913822378135],[128.5842972706453,35.85591919120337],[128.5842309681546,35.85642872029067],[128.5842275609946,35.85645372619054],[128.58424257853179,35.856455043983786],[128.58506652099388,35.8565258556566],[128.58506952131478,35.85652611255158],[128.58535485469739,35.85655063350132],[128.58539606083932,35.85655415689636],[128.58593082746765,35.85659988956069],[128.58595338197574,35.856601816990214],[128.58637052890856,35.85663748910372],[128.58637316999244,35.85663771495499],[128.58668461396388,35.85666434700786],[128.58681907313417,35.85667649101466],[128.58684432812097,35.85667877340588],[128.5873652077591,35.85672582257391],[128.5873688647332,35.856726153707285],[128.58779469816056,35.856764614626634],[128.5877958624422,35.85676471948501],[128.58784232298876,35.85676891571469],[128.58804023388774,35.85678679113646],[128.58883227185723,35.8568567812689],[128.58927615118782,35.8568960028832],[128.58988052485714,35.85694610309327],[128.59036639079056,35.85698637866423],[128.59036392908433,35.85704389105397],[128.59037372518915,35.85709689165786],[128.59038887939673,35.85712741902296],[128.59041918265993,35.85716917310652],[128.59045278564025,35.85720020918801],[128.59050783941785,35.857232778850296],[128.59057023121505,35.85725644023557],[128.59062817317943,35.857269105936666],[128.59066651058336,35.85727078191318],[128.59070918713596,35.85726890328482],[128.59076148806764,35.85726042255764],[128.59081160555243,35.8572448663225],[128.59081479591998,35.85724387538628],[128.59086700563458,35.85721798894206],[128.59091704265063,35.85718225728919],[128.59096083234178,35.85712874580087],[128.59098162279145,35.857089851051605],[128.59098288801525,35.85708527945047],[128.59098514192672,35.85707713048003],[128.59098783209197,35.85706735833863],[128.59099184912353,35.85705282560924],[128.59099337194414,35.857011286635334],[128.59098633325613,35.856969857864875],[128.59116540174372,35.85695227212064],[128.59179291600333,35.85689063895089],[128.59225750908817,35.85683889632461],[128.59312682956306,35.856742076542595],[128.593295720225,35.85672326485326],[128.5938436993162,35.856662232058625],[128.59412241667036,35.85663012819221],[128.59430996261133,35.856608525238876],[128.59467374848936,35.85656833532748],[128.59470535266922,35.85656472960155],[128.5947636824334,35.85655806925957],[128.59476006642575,35.85654412706801],[128.59474716974913,35.85649441875574]]]}},{"type":"Feature","properties":{"zoneId":"sgis-dong:22040650","label":"대명10동","district":"남구","zoneKind":"locality","labelLon":128.567051,"labelLat":35.840842,"isCommercialCandidate":true,"candidateRank":12,"candidateTier":"review","centralCorridorOverlapRatio":0,"commercialPotentialScore":66.9,"businessCount":650,"businessDensityScore":86.3,"businessDiversityScore":78.1,"transitScore":67.1,"retailMarketScore":16.1,"employmentPublicScore":55.7,"cultureTourismScore":47.3,"healthcareScore":60.5,"quality":"modelled-hybrid-evidence","boundaryMeaning":"SGIS 2025Q2 행정동 기반 상권후보 분석권역이며 공식 상권 경계가 아님","selectionMeaning":"대구 전역 상권 검토 우선 후보"},"geometry":{"type":"Polygon","coordinates":[[[128.5704874542756,35.84334115130213],[128.57051412519394,35.84331335545709],[128.57055526828944,35.843285059221],[128.57056801386443,35.84327629331441],[128.57120953159833,35.842835074368125],[128.5717193586308,35.84248442164548],[128.57172959592387,35.84247738105043],[128.5722008909656,35.84215322986907],[128.5723661911946,35.84203953568224],[128.572573152705,35.841897191717415],[128.57257637164875,35.84189497938657],[128.57266610860893,35.841833257583225],[128.57304153144227,35.8415750458437],[128.57304191322734,35.84157478278272],[128.57305310137835,35.84156708084925],[128.5747217177088,35.84041936067651],[128.57472676419334,35.84041588687755],[128.57473248644646,35.84041194633301],[128.57612089434795,35.83945692377729],[128.57613889023176,35.83944454456336],[128.5763672413381,35.83928746476914],[128.57642317708238,35.83924898695811],[128.5764326949926,35.839242441059575],[128.57644080653566,35.83923686522399],[128.57646756423847,35.839221318699316],[128.5765588848456,35.83916825831925],[128.57675967592738,35.8390839675711],[128.57645654885326,35.83910162782071],[128.57645620367046,35.83910164804273],[128.57555925699143,35.839153897136896],[128.57416881757516,35.839234878991405],[128.57415256950358,35.83923582482734],[128.57399001138816,35.839245292773455],[128.573163113889,35.839293443994166],[128.5731126027286,35.8392963843195],[128.57304628823752,35.83930024560256],[128.57293220081718,35.8393068874129],[128.5727434889367,35.83931787463541],[128.57264776160795,35.839323446191884],[128.57263165842812,35.83932438331646],[128.57226013466027,35.83934601176699],[128.57225328623767,35.839346410063925],[128.57163706997864,35.8393822827779],[128.5714062598945,35.83940062598046],[128.57138783411236,35.839402087624116],[128.57136665096456,35.83940377039124],[128.57093237187834,35.83943826786691],[128.57075346964152,35.83945247960918],[128.5707138905463,35.83945562353927],[128.57014136713872,35.83950111028071],[128.56985247426644,35.839504880904734],[128.56961749655218,35.83950794553822],[128.56960621246012,35.839508092862545],[128.56955018391398,35.83950882597994],[128.56930127053826,35.839494653423884],[128.56929207343666,35.83949412941142],[128.56825103777814,35.83943482796148],[128.56796341496477,35.839418441701035],[128.56796132734337,35.83941832321636],[128.56782179103143,35.83941037898475],[128.56779019738792,35.839408578912],[128.56716986002553,35.83937324230213],[128.56679652093274,35.83935197333595],[128.56637652075122,35.839328044754915],[128.56580500862628,35.839295480977704],[128.5657667111877,35.8392932989642],[128.56523396221982,35.83926293559287],[128.5651810714111,35.839259921686065],[128.56473524496553,35.839234515027556],[128.56459961778887,35.83920486138989],[128.5645383994338,35.83919148170692],[128.56452255290185,35.83918801581336],[128.56359147971483,35.83898444215416],[128.56357467937534,35.838980768200386],[128.56350634871842,35.838965828113736],[128.56283534974241,35.838819118316465],[128.56234864793626,35.83871269674801],[128.56233396981145,35.838709487098924],[128.56195024904443,35.83862557622309],[128.5619404903068,35.83862344280033],[128.56141354779103,35.83850822029829],[128.56140781339158,35.83850696727996],[128.56131496118388,35.838486658209895],[128.56129560367654,35.83848242590962],[128.56110346344695,35.8384404182355],[128.56083356030965,35.83837665940948],[128.56081360406492,35.83837194456751],[128.56078443449763,35.83836505803204],[128.56074990013292,35.83835690075176],[128.5586351439784,35.83785733471196],[128.55861428277572,35.8378524065899],[128.5583135893914,35.8377813716744],[128.5579598784664,35.837697810257936],[128.55785793422612,35.83767372703752],[128.55773246327144,35.83764408527829],[128.55772864824803,35.83764595265243],[128.55773094574346,35.837647622873426],[128.55773690692246,35.837651955638904],[128.55775517616516,35.83766523363134],[128.55779294562026,35.83769268665291],[128.55750935493646,35.83763036429955],[128.55827861424797,35.83862591974509],[128.55842273483142,35.838812248172985],[128.55851898084396,35.838936681639964],[128.5590908168474,35.839675987143664],[128.5592983759184,35.83994330769551],[128.5593335238708,35.83998857579581],[128.559547778496,35.84026451537183],[128.560321836331,35.841264735200745],[128.56056652755424,35.841582324533185],[128.5606073538714,35.841635322661325],[128.56077395539336,35.84185159092019],[128.56080793696353,35.84189570132607],[128.56080837753845,35.84189627444086],[128.56081363156284,35.8419030944081],[128.56092701096287,35.8420505295644],[128.5609384943671,35.842018676710815],[128.56098615347457,35.841886477141664],[128.56097304356013,35.841873188366854],[128.56096070573568,35.84186682403742],[128.56110724809744,35.84148979567253],[128.5611124950304,35.841476298826876],[128.5611495532157,35.84146218387224],[128.5611564168122,35.841470969456836],[128.56118090287566,35.84150230633597],[128.56118422592246,35.84151603223089],[128.561192105586,35.84152619996142],[128.56123128600322,35.84157680431904],[128.56130331516377,35.841669833082435],[128.56133538605886,35.84171122034555],[128.5614963147451,35.841731030773076],[128.56156958805823,35.84173990493051],[128.56162047833982,35.84174606743509],[128.56179353155744,35.841767025326824],[128.56179769536854,35.8417886604525],[128.56180573389892,35.84183034469291],[128.56182267120522,35.841918106128205],[128.56188946254025,35.84195769883121],[128.56188948478507,35.84196169348732],[128.56188995904938,35.842074524274544],[128.5618899655603,35.842076341780285],[128.56241107906368,35.842083271915484],[128.56248751601925,35.842103998413954],[128.56252483323325,35.842114115822596],[128.56293608962164,35.842192890987164],[128.5629977207017,35.84221281590781],[128.56314512832074,35.84226047238082],[128.56315635358402,35.842264100148306],[128.56321979880963,35.842274425224886],[128.56336984614467,35.84238311230898],[128.56365564952,35.8425539003213],[128.56366104069718,35.84255712168714],[128.5640405004048,35.84254130782196],[128.5647117485067,35.842605385852885],[128.56486397192063,35.842622529913676],[128.56544976227062,35.84268850249673],[128.56546432436804,35.84269108619461],[128.56572847562953,35.84273795217452],[128.56573859805542,35.84273974667399],[128.56596581690584,35.84275861420772],[128.5661971640129,35.843191307020405],[128.56700651397423,35.84316744734374],[128.56711345432726,35.843163279972835],[128.5680402476768,35.84312716198397],[128.56836977828223,35.84324485871627],[128.56873678519892,35.84337593947435],[128.5689778375561,35.84352805534847],[128.56903671038546,35.843454477505055],[128.569049470321,35.84343513353052],[128.56905963443106,35.84341972545597],[128.5691103411416,35.84334559273918],[128.56932795876753,35.84347110377655],[128.56929805175102,35.84353139092544],[128.569289388212,35.843549037783376],[128.56939714893517,35.8436165907411],[128.56954471105195,35.843709092740305],[128.56961390752096,35.84375307917147],[128.56966289045184,35.84378725973867],[128.56969274132925,35.84380823133699],[128.5697152901528,35.84382223570376],[128.5696325632415,35.84390975530032],[128.56977458055223,35.84401204870982],[128.56981554721753,35.84404155652955],[128.57007813156102,35.843767835536944],[128.5700838646099,35.843761861178365],[128.5704559458356,35.84337399213717],[128.57046240823405,35.84336725394585],[128.5704874542756,35.84334115130213]]]}},{"type":"Feature","properties":{"zoneId":"sgis-dong:22050520","label":"칠성동","district":"북구","zoneKind":"locality","labelLon":128.5961442,"labelLat":35.8801133,"isCommercialCandidate":true,"candidateRank":3,"candidateTier":"strong","centralCorridorOverlapRatio":0.0866,"commercialPotentialScore":84.6,"businessCount":1365,"businessDensityScore":78.5,"businessDiversityScore":76.9,"transitScore":89.9,"retailMarketScore":91.7,"employmentPublicScore":94.7,"cultureTourismScore":92.9,"healthcareScore":91.1,"quality":"modelled-hybrid-evidence","boundaryMeaning":"SGIS 2025Q2 행정동 기반 상권후보 분석권역이며 공식 상권 경계가 아님","selectionMeaning":"대구 전역 상권 검토 우선 후보"},"geometry":{"type":"Polygon","coordinates":[[[128.58692660071335,35.88624820479129],[128.5874220099145,35.88614661765265],[128.5878700612209,35.886054739021695],[128.58821433818105,35.885984139162765],[128.58825869628353,35.885975042582174],[128.58844447631057,35.88593694411201],[128.58844525890927,35.885939728249966],[128.58923337861845,35.8857819467793],[128.58923706723684,35.885794035704],[128.5892479516689,35.88582838019328],[128.5892667208894,35.88582454331884],[128.58942969121838,35.885791229228445],[128.5894972139893,35.8857774620444],[128.58952998877683,35.88577077897001],[128.58957072890414,35.885762618091576],[128.589599368577,35.88575670728436],[128.5897326379392,35.8857290842237],[128.59010881385095,35.885650698450426],[128.5901811907052,35.88565824027583],[128.59024190681913,35.88565775583938],[128.59028682706565,35.88564177270265],[128.5903130004553,35.88563569659065],[128.59035501219256,35.88563254018341],[128.59062930688611,35.88565693054223],[128.59064747566742,35.88564219724087],[128.59067423218698,35.88562241745106],[128.59075959544882,35.88558228730496],[128.59082827392194,35.88556622162115],[128.59084183780416,35.88556889866997],[128.59092970860678,35.885586236310345],[128.59100094963978,35.88558834794533],[128.59103768658701,35.88558558541524],[128.59110209786792,35.88556341150364],[128.59113970950798,35.88554203820598],[128.59115374719138,35.885524499741855],[128.59117476128213,35.885497683948294],[128.5911854916679,35.88548392060938],[128.59121802733029,35.88542365322396],[128.5912268125011,35.885416366331555],[128.5912616029252,35.885391244699065],[128.59128499739683,35.88538644499146],[128.59131400818504,35.88537982538498],[128.59132147403423,35.88537989818838],[128.5913591578667,35.885380267090255],[128.59143161830076,35.88538809680447],[128.59145650607184,35.88539071685545],[128.59151132108815,35.88539327498007],[128.59158267659387,35.8853992186641],[128.59165035991913,35.88541842968335],[128.59166880587807,35.88542366596845],[128.59168493361287,35.88543087970807],[128.59176234483027,35.88546765568524],[128.59178219670287,35.88547563614284],[128.59178855102255,35.88547875096781],[128.5918240949311,35.88549618046347],[128.59183360458724,35.885500190699986],[128.59186743326734,35.8855144541706],[128.59186984016117,35.88551546547652],[128.59194149136212,35.885518083107705],[128.59202474391148,35.88551212415272],[128.59210469399034,35.8855039953641],[128.5921846205356,35.885479470967084],[128.59222529671538,35.88545894036997],[128.59226036443303,35.88543257357931],[128.59227300845606,35.88542360887427],[128.59228940943976,35.88540989664374],[128.5923260054499,35.885379296633964],[128.59234938159278,35.88536881164912],[128.5923747318648,35.885361868964345],[128.59239087377037,35.88535744694714],[128.59240126088383,35.885354601809816],[128.5924222283561,35.885347817084096],[128.59246451819124,35.88531903147096],[128.59248404797546,35.88530573882896],[128.5925486423821,35.88522693820382],[128.59254201092426,35.88519889059478],[128.5925268660998,35.88516887118371],[128.59256680009392,35.885165462437776],[128.59256026652417,35.88513921796047],[128.5925234893122,35.88514564345739],[128.59244826459252,35.88511012829602],[128.59229458243007,35.8848008692581],[128.5921539720118,35.884517910446995],[128.5921520753555,35.88451411860298],[128.59200598811563,35.884222077497796],[128.59200095092092,35.88421200779255],[128.5918642659461,35.883938762378875],[128.5921358137857,35.88388129732795],[128.59215094493433,35.883889372947266],[128.59219281269108,35.88391646636089],[128.59222626477757,35.8839330393547],[128.5922456917145,35.883951728730324],[128.59226229180092,35.88394027400182],[128.592226502532,35.88391566232483],[128.59215078474057,35.88387802917056],[128.59292281509624,35.88371462161961],[128.59269754619717,35.88299199633164],[128.59292166332355,35.88294547593643],[128.59307856821164,35.882913348099656],[128.59350204525236,35.882822541363645],[128.59374154441423,35.882773089968666],[128.59388048914033,35.88274440091333],[128.59419643036466,35.882681396125136],[128.594217079158,35.882677278103785],[128.5942561892286,35.882669478501555],[128.59430493098654,35.88265975915955],[128.5944055150431,35.882643925451355],[128.59472469231494,35.88257945631088],[128.59477240164725,35.88256886536597],[128.59487089620546,35.88254700174866],[128.59493473093553,35.882533580696375],[128.59495051544482,35.88258364557969],[128.59496673429,35.882634035570064],[128.59498176568238,35.882680732774745],[128.5950306977571,35.88267518743003],[128.59505532680083,35.88266856360244],[128.5951955654847,35.882607900927496],[128.5952895001056,35.88254186694327],[128.59531481409132,35.88252288003395],[128.59541822561448,35.88244531331612],[128.59544463253556,35.88242444477273],[128.5954477630466,35.882422337222465],[128.59549350959105,35.88238515615166],[128.59541687658424,35.8823989998563],[128.59549928983407,35.88233034717671],[128.595566597042,35.88227427556823],[128.59559050661815,35.88225435747852],[128.59563261606877,35.8822225702088],[128.5956477299278,35.88221185523139],[128.59573439330345,35.882148494544985],[128.59574112751739,35.882120086254794],[128.5957402813776,35.88209115209177],[128.59573953902083,35.882069912698874],[128.59577841337304,35.882046160746576],[128.59582765479337,35.88201935707679],[128.59603299232526,35.881979462826244],[128.5961603791219,35.881967256163676],[128.59624255511505,35.881958877139944],[128.5962986749292,35.881956276887564],[128.5964622461563,35.88196309069961],[128.59646278233123,35.88196284869446],[128.59654431935357,35.88192604189678],[128.59656547786685,35.881916491428505],[128.59660864697568,35.8818966803857],[128.59663610197057,35.881892888379355],[128.5968165373873,35.88186795886708],[128.5968262109908,35.88186587627521],[128.59694193896178,35.88183858306803],[128.59692375702588,35.881759830166025],[128.5969427798368,35.881749495847146],[128.59700492755516,35.88171551731147],[128.59707071389224,35.881702626355],[128.59708403906095,35.881753572605525],[128.59709860617386,35.881771349934965],[128.597108396714,35.88178224511044],[128.59718595530398,35.88172875028274],[128.59718614707324,35.88172755396386],[128.5971903897236,35.88172062458306],[128.59720344535114,35.8817022288913],[128.5971793981028,35.88159984202113],[128.5971760649722,35.8815856476553],[128.5971850433467,35.88158055115963],[128.5971952646903,35.88156003384414],[128.59721377995027,35.881522868282886],[128.59721937002183,35.881509296519084],[128.59723666336436,35.88146731426284],[128.5972465504129,35.881422885214675],[128.59724792706646,35.88137957070811],[128.59725172799222,35.88136069788636],[128.597258376095,35.88132769685068],[128.59728103899317,35.88128170137261],[128.59731385121376,35.881243543286665],[128.5973454254878,35.88121699417116],[128.5973507689907,35.8812143813134],[128.5973515678776,35.881213990851315],[128.59736647812065,35.88120669533398],[128.59737379584504,35.88120312591335],[128.5974194936197,35.881180833825205],[128.5974773660159,35.88115820418239],[128.59747794780836,35.88115797708244],[128.59750881394024,35.88115140936014],[128.59751453340706,35.881150192280884],[128.59756443573565,35.88113845234338],[128.5976509557699,35.88111355034463],[128.59766829857287,35.8811086523461],[128.59767272366207,35.88110740291241],[128.59768193421775,35.88110516941585],[128.59770757851348,35.881098954093616],[128.59772000126637,35.88111194022322],[128.5977260641693,35.88110863739133],[128.5977358802584,35.88112186552068],[128.59774426728998,35.88113316835634],[128.597762682938,35.881150942888006],[128.5977815827085,35.881240401440174],[128.59778411891926,35.88124324161358],[128.5977994772198,35.88127403376046],[128.59783103461308,35.88135608118406],[128.59787172891998,35.88142798366903],[128.59789010719848,35.881513837119236],[128.59789273561384,35.88159158165677],[128.59789051918727,35.88166970225439],[128.59787259792296,35.881762726748285],[128.59779920751626,35.88192451536017],[128.5977953317056,35.88193305790585],[128.5977771994508,35.88197275704177],[128.59778328132364,35.88197564053777],[128.5980935113023,35.882096749224026],[128.59813250228123,35.882116483091465],[128.59815608654856,35.88212842048241],[128.598158139279,35.882129458341794],[128.5983068941484,35.88220473613057],[128.59838169674182,35.882242590145495],[128.59849574443416,35.882314389528254],[128.59853000063111,35.882334916666956],[128.59853800332556,35.88233971009026],[128.59860146865387,35.88237772716443],[128.5986415201884,35.88240171914653],[128.59867531376705,35.88242195295988],[128.59876927807764,35.882476348163216],[128.59877890438383,35.88248190746728],[128.5988795983878,35.88254019345335],[128.59888882265216,35.88254551841508],[128.59891139695176,35.882558588238886],[128.5993661925859,35.88281245614026],[128.59937532961413,35.88281755647244],[128.59938352437166,35.882822131705765],[128.59957988374603,35.882931743476746],[128.599620445668,35.88295446826912],[128.5996240474416,35.88295648543923],[128.5996331672032,35.88296161656249],[128.59997898919855,35.883189061542765],[128.60000061822976,35.88320328659845],[128.6000072278486,35.88320762927895],[128.60001132699875,35.88321116371428],[128.600119794633,35.88330447334886],[128.60020675595823,35.88337928335224],[128.60022726644775,35.88340025686798],[128.60027445238944,35.883448514223815],[128.60028054089915,35.88345474592202],[128.6003574568945,35.883533421766124],[128.60036027238843,35.88352440562017],[128.60037188839487,35.88352354188588],[128.60038465096176,35.88352259371776],[128.60038769884034,35.88352236744989],[128.60039708536567,35.88353123754135],[128.60042475798033,35.88356028468025],[128.6004393263273,35.883575670643204],[128.60048713501342,35.88363096699166],[128.60049506728868,35.883639300448955],[128.60052028280518,35.88366915082945],[128.6005551471865,35.883708411617704],[128.60063435030844,35.88378452572444],[128.6006464674562,35.883796497379684],[128.6006676398822,35.88381741426344],[128.60069971792242,35.88384953314569],[128.6007403721646,35.88389023920689],[128.6007948698975,35.88394725560243],[128.60081631518455,35.88397299330041],[128.60084212706565,35.88400397230536],[128.60085813407827,35.88402435769831],[128.60088006694988,35.884110132963336],[128.60088515174797,35.88413252616646],[128.60089843783948,35.88418524297047],[128.6009117239495,35.88423795977225],[128.60092865413296,35.88429542143239],[128.60095406270617,35.88436192193702],[128.60098732037002,35.88443617601619],[128.60105625157664,35.88452198198963],[128.60108865140714,35.88456915024361],[128.60108842561868,35.88459317345798],[128.60108802648236,35.884623400989035],[128.60108801936047,35.884624006902136],[128.60140179715202,35.8850202049461],[128.60155677933182,35.88521589323092],[128.60155818524018,35.88521677468259],[128.6016222889624,35.8852805345862],[128.60181597123915,35.88547317728293],[128.60183139712166,35.8854885209406],[128.6018557037938,35.885364724850206],[128.60189050158294,35.885194203865105],[128.6019537663034,35.88490465028281],[128.60192944081328,35.884805568538766],[128.60192905472493,35.88480392944042],[128.60186004507722,35.884513743043286],[128.60200709491627,35.88413979206642],[128.60205428626224,35.88401978164272],[128.60205790062784,35.88370687135531],[128.6020595619602,35.88345401561105],[128.60205089663415,35.88312700398801],[128.60205192224123,35.88269856634358],[128.60208645402028,35.88242675387267],[128.60211827864728,35.882176252043266],[128.6021475121258,35.881946794736585],[128.60226301969567,35.88163238869049],[128.6023815026951,35.881309880847674],[128.60240916917454,35.88123457387692],[128.60251367825416,35.8810489066548],[128.60259250003972,35.880908872289446],[128.60263960241554,35.880795743116906],[128.602706660893,35.88069637422983],[128.60277268832064,35.88060958611962],[128.60281787066853,35.88052196339908],[128.60286030302655,35.88047746587386],[128.60287359979006,35.88046027184413],[128.60291291099406,35.88040943253952],[128.60298124089633,35.880341885895454],[128.6030703898962,35.880230182551685],[128.60314012390634,35.88013545351962],[128.60317122971637,35.880091113106495],[128.60325645517136,35.88003761880107],[128.60330234627574,35.879974162005595],[128.6033658302824,35.87989082286025],[128.60337600402246,35.87987746655426],[128.6034028174081,35.87984226766053],[128.6034516832935,35.87976423771492],[128.60347265882555,35.879699909852356],[128.60348725673776,35.87965514582464],[128.60351369308648,35.879519544564104],[128.6035202403097,35.87947811093211],[128.6035219480925,35.87946729906351],[128.60363593201785,35.87924795889645],[128.60364360708775,35.8791901705161],[128.6036374144311,35.87905569125798],[128.60365404549984,35.879051133418635],[128.60378392587998,35.87883599796237],[128.60382718090887,35.878764348372364],[128.60438497980695,35.87797344469334],[128.60438679347646,35.87797242548248],[128.60446489064736,35.877876157350435],[128.605085054195,35.877111678652774],[128.60587873895244,35.87666280231896],[128.60637579822165,35.87649684561409],[128.60649481416615,35.87645706604692],[128.6065900773694,35.87642522796],[128.6068882323613,35.87632557924139],[128.60744441027742,35.876276162504695],[128.60774426028854,35.87624952238847],[128.60808372819946,35.876219357877524],[128.6081810321782,35.87608334611259],[128.60830343912184,35.875914788033796],[128.60835958896556,35.875837471446005],[128.6083691578993,35.87582429249858],[128.60837482057337,35.87583017070532],[128.60854172198762,35.876003460935316],[128.60867369460297,35.876140488937885],[128.60881764640644,35.87604253276729],[128.60912486299569,35.87583347444442],[128.60935639103474,35.875664708218046],[128.6094209489217,35.87563492846079],[128.60993372074634,35.87538432682656],[128.6101350044163,35.8752859564928],[128.6102581659214,35.87520813326055],[128.61037874940504,35.87512839808655],[128.610617158448,35.87497074788449],[128.61060827550267,35.87496828130962],[128.6103724987968,35.87490275760262],[128.61033098863868,35.8748912209047],[128.6102737921218,35.87487532680033],[128.60996506865666,35.87478952880444],[128.6096971463293,35.874715069738954],[128.60946120850343,35.87465043645675],[128.6094635995311,35.8746439628091],[128.6094797311625,35.87460193093932],[128.60946807207554,35.874583239305146],[128.60945852884225,35.874568844795085],[128.60945689037717,35.87456637162373],[128.6093994862919,35.874550179697934],[128.6093900117206,35.874550241962524],[128.6092872268799,35.874550915370286],[128.60925062952603,35.87453991533209],[128.6092495327041,35.874539584671496],[128.60919593198042,35.87452533554651],[128.60918824915188,35.87452329233505],[128.60903070808774,35.87448140904238],[128.6089477926772,35.87445936511176],[128.6088306404736,35.87442821858524],[128.60864749269683,35.87438848427945],[128.6084518688527,35.87431511402457],[128.6083984547911,35.87430080511816],[128.6083260848363,35.8742805639313],[128.60824956281462,35.87425950001993],[128.60818722080995,35.87424234061773],[128.608031094911,35.87419923124931],[128.60791315863554,35.874166136470556],[128.60763117273208,35.87408733073313],[128.607446557494,35.87403573817261],[128.6074194837877,35.874028171258274],[128.60732880373897,35.87400282955818],[128.60728860603433,35.87399288627998],[128.6072727428474,35.873990683949806],[128.60726907255932,35.87399017504466],[128.60666598579465,35.873906449687134],[128.6066427099364,35.87390321927127],[128.60661936146138,35.87389970552842],[128.6065242166883,35.87388751123308],[128.6064340255836,35.873875951008415],[128.60637842542405,35.87386896216898],[128.6061814226265,35.873844204899584],[128.60610345200038,35.87383440622708],[128.60603201053195,35.873825425502964],[128.60597311480677,35.87381802415471],[128.60596853659254,35.87384073333853],[128.6059467946685,35.87394857622173],[128.60594623194913,35.873951365421135],[128.60592745213017,35.873946767274646],[128.6057347168173,35.873899577927375],[128.605514655487,35.873862026819545],[128.60551191738205,35.873861559768336],[128.60523732243306,35.8738133938097],[128.60502976115205,35.87379563685022],[128.60490260225058,35.87378475905349],[128.60483670774278,35.8737766110228],[128.6048026048723,35.873776625380906],[128.60456368338808,35.87378751373774],[128.6043950067213,35.87379445066014],[128.60385998534804,35.873873456211655],[128.6034658093328,35.873984307835215],[128.60343186182135,35.87399385438033],[128.60315986461202,35.87408394566918],[128.60304054451376,35.874123468679805],[128.60264893520713,35.87424249646503],[128.6026566922174,35.874291630629585],[128.602393689793,35.8743383744339],[128.60181764117937,35.87451085973957],[128.60139541557265,35.874637284827],[128.60137869163435,35.8746065885738],[128.6013763639989,35.87460232479894],[128.6013504915863,35.87461013423741],[128.6013017163898,35.87462486127333],[128.60131598014388,35.87465332348816],[128.6013081312609,35.87466656004184],[128.60123107995167,35.87468830620562],[128.60104764984123,35.8747464200693],[128.60084142235723,35.87479940084573],[128.60073430005406,35.874823357937714],[128.60046108608816,35.87488629388345],[128.60036594554634,35.87490854871756],[128.60034428746891,35.874913208047005],[128.60015917207843,35.87495303071074],[128.6001022182491,35.87496640680462],[128.60005941510386,35.87497646084794],[128.6000814014129,35.87501652949878],[128.59977106678957,35.874991189444835],[128.5995518187669,35.874972918780216],[128.5992564362306,35.87502364314164],[128.59901022792081,35.87507110218702],[128.59878695580915,35.87511413882291],[128.5985814646925,35.87515444477398],[128.59848536025711,35.87517313946374],[128.59824357439314,35.875220533959826],[128.59812446399354,35.87524385185131],[128.59786740426438,35.875294054752736],[128.59776481982783,35.87531399545228],[128.59776154972403,35.87531463208933],[128.59759994436553,35.87534607232138],[128.59748191082204,35.87536974937781],[128.5974716746462,35.87533034642297],[128.59661084370416,35.875477925385404],[128.59654109384022,35.87548988396754],[128.59647044078864,35.87527546427668],[128.59638309336322,35.875010386739305],[128.59635945312965,35.875015114833815],[128.5949935290435,35.87528831701256],[128.5948583137541,35.8753153685047],[128.59485824043716,35.875486494497096],[128.59485802888398,35.875666732921545],[128.59485793202063,35.87574848376035],[128.59485934914358,35.87588945967264],[128.59484244799023,35.87589289541151],[128.5946641061585,35.87592912549842],[128.594615827145,35.875939166208326],[128.59461693769268,35.876017148335414],[128.5946196689614,35.87603644119431],[128.59461920252892,35.87604472898833],[128.59389767649827,35.87619265892979],[128.59340077958763,35.87629453203404],[128.5933973675384,35.8762835559339],[128.59338838632536,35.8762603701995],[128.59332249260981,35.87627419501327],[128.59319469587166,35.876301005822526],[128.5930558070296,35.87633014429392],[128.59276299809477,35.8763915732315],[128.59244118278735,35.87645908846272],[128.59214345097374,35.876521553289244],[128.591804712549,35.876592616878455],[128.59134245207667,35.876687954898365],[128.5907329542922,35.87681365766476],[128.5905775598393,35.87684607609333],[128.58984465918167,35.8769989733271],[128.58948057513382,35.877074375988904],[128.58926252643388,35.877119532995934],[128.58923356753706,35.87712552954384],[128.58922473659328,35.87709737993484],[128.5891108144686,35.877120503033275],[128.58909238383623,35.877124243940735],[128.58884173060133,35.877173080279476],[128.588818765953,35.87717755464618],[128.58847317149898,35.87724733942081],[128.58829711115203,35.877282840707004],[128.58829655862272,35.87728293947571],[128.58828655563372,35.87728472774979],[128.58832500317968,35.87748000290227],[128.58834897169888,35.8774727841955],[128.58834317685432,35.87750621791861],[128.58833523528529,35.877529700724615],[128.58833380315318,35.87753392669799],[128.58832981035692,35.87754571923842],[128.58837365422409,35.877551767223466],[128.5883814488864,35.87756200144033],[128.58844362121508,35.877643628902696],[128.58853052559078,35.877758282680894],[128.58853310029417,35.877761701508575],[128.58854481236193,35.87777746284564],[128.5885712430167,35.87781303512861],[128.58857958980468,35.87782427047034],[128.58858375986634,35.87782834920587],[128.58866188168858,35.87793373328814],[128.58867551089784,35.8779741511667],[128.58867709614483,35.87798038642155],[128.5887000946882,35.877979990436934],[128.58867958198863,35.87798945343171],[128.58870060558954,35.87806816031062],[128.58872391293323,35.87814537152951],[128.58873905828642,35.87819975887237],[128.58875546542896,35.87824807628291],[128.58875597589198,35.878256721235104],[128.58876406057786,35.87828101534955],[128.58878025749775,35.87833371985561],[128.58878627044362,35.87835200851544],[128.5888054351082,35.87834781021852],[128.5888071832969,35.8783628738855],[128.5888077823534,35.87836714546183],[128.5886329657252,35.87839995924354],[128.5886326187777,35.87840002459589],[128.58861730874503,35.878402897794736],[128.58864225234348,35.878481973950294],[128.5886462290001,35.87849458320579],[128.58868637050224,35.87862184077647],[128.5887142481219,35.87871341751261],[128.58872731344798,35.87875633060229],[128.58875756210597,35.878855698763104],[128.58878767555268,35.878959913129755],[128.58879723687073,35.87899156321429],[128.5888388587205,35.87912933032247],[128.58888838872298,35.87929838201547],[128.58891071968594,35.87937268818439],[128.58893919053142,35.879467422151144],[128.58898266570137,35.87961445666832],[128.58902508546112,35.87976271603875],[128.58902596014147,35.87976737458815],[128.58902656063796,35.87976932192471],[128.58925349461515,35.88050456969622],[128.5892766353299,35.88057954821028],[128.5893288138269,35.88075159497454],[128.58935773050172,35.88084823066897],[128.58937935048638,35.88092200223692],[128.58948306370405,35.88124780157858],[128.58949820858064,35.88129673074444],[128.5895242395062,35.88138161637677],[128.5896476266755,35.88178181778087],[128.58973329660094,35.88205657730132],[128.58989569935756,35.88257999408561],[128.589943430008,35.8827315550383],[128.58995110287245,35.88275524242928],[128.589992028273,35.88288157904617],[128.59015741235584,35.88338785309828],[128.59011891703648,35.88339562054725],[128.5895183603088,35.883514661222456],[128.58926449807984,35.88356181831094],[128.5891964632086,35.88357591726431],[128.58882805642182,35.883652266098956],[128.5885456948054,35.883713252132495],[128.58814203359594,35.88380043780145],[128.58760037338772,35.88391561124775],[128.5872905100976,35.883981496337825],[128.5871464925457,35.88401222878807],[128.58713438398368,35.88401476268863],[128.58674370537,35.88409655563816],[128.58660710966495,35.884125153009016],[128.58660654541637,35.88412504632044],[128.58654902401503,35.884136939008805],[128.58637219308966,35.88417349034871],[128.5860648817788,35.884233970494726],[128.58576422029256,35.88429313927617],[128.58574922140758,35.884296091346016],[128.58572921881333,35.88430037787975],[128.585509269442,35.884347496360164],[128.585454576022,35.88435832977787],[128.58521995400335,35.88440481220789],[128.58515373007282,35.884418744661076],[128.58503517919146,35.8844436890714],[128.58496637155753,35.88445598949795],[128.58466445758924,35.88451743157223],[128.58465863122888,35.884518641795225],[128.5844852442451,35.884554641769185],[128.58431716426355,35.884589540557585],[128.58411745343705,35.88462605894687],[128.5841324817075,35.88463427535041],[128.58415410156303,35.88464946622777],[128.5841836968665,35.884670259529166],[128.58427891751595,35.88473850274696],[128.58451557409597,35.884914728052394],[128.5845586092729,35.88493788730204],[128.58461965053783,35.88496274384633],[128.5846553786467,35.88498706805223],[128.5846856173352,35.88500757773537],[128.58480751193878,35.88511416280813],[128.58485478173262,35.88514886605043],[128.58489406477017,35.88517844121768],[128.58493478061686,35.88520909431681],[128.5850191530923,35.88526247082394],[128.58508646465853,35.88529621215731],[128.58513368165205,35.88529048798149],[128.5851966336862,35.88528711352445],[128.5852351562791,35.88529934761923],[128.58525233517685,35.88530480370219],[128.5852918820322,35.88533404818472],[128.58540078229538,35.885416745109026],[128.58540667052029,35.88541925232658],[128.58541684021486,35.885445835792744],[128.5854249749438,35.885466020340886],[128.5854565712131,35.88555529040023],[128.58545670053567,35.88555729790838],[128.58545808910202,35.885556921128156],[128.5854875139265,35.885551211562486],[128.58551943438854,35.88554490423738],[128.58551831053626,35.88554746761478],[128.5855175011447,35.88554806996038],[128.58550495108682,35.885576640250285],[128.58550244190818,35.88560806608674],[128.58555100837341,35.88581743468291],[128.58555439885004,35.88584976645404],[128.58555413400424,35.88585942095489],[128.58555593343587,35.88586723023561],[128.58552997806353,35.8859787624834],[128.5855233512944,35.88601046174417],[128.5855182325695,35.88603495292126],[128.58549158657132,35.88607024102042],[128.5854591003938,35.88609729385163],[128.58543110544485,35.88612060427614],[128.58540111319815,35.88614758496637],[128.58532876954203,35.886217817584146],[128.5853303067438,35.88622898123957],[128.58537988396156,35.886206688392924],[128.5854617551895,35.88620657775622],[128.5855473844926,35.88620598952775],[128.5855899202392,35.88621391383223],[128.58560775825663,35.886217238024265],[128.58566697192964,35.88622806963752],[128.5856705451564,35.88622882169405],[128.58567218567822,35.88623050720713],[128.58573134078316,35.88642873406458],[128.58574591160615,35.88645307068912],[128.58576952583448,35.886470487218396],[128.5858063448204,35.886476123578106],[128.585847672186,35.88647407844068],[128.5859968999675,35.886444187541436],[128.58622718056486,35.886398060177065],[128.58623448595705,35.886396598488375],[128.58625628052567,35.88639223255074],[128.58626302987497,35.88639077949578],[128.58627058096494,35.886389299354555],[128.58629118445194,35.886385169573764],[128.5867529620226,35.88629265524684],[128.5867672603072,35.88628972922371],[128.58676423190312,35.88628150013773],[128.58677454069584,35.88627938555599],[128.58692660071335,35.88624820479129]]]}},{"type":"Feature","properties":{"zoneId":"sgis-dong:22050810","label":"노원동","district":"북구","zoneKind":"locality","labelLon":128.5650809,"labelLat":35.894436,"isCommercialCandidate":true,"candidateRank":13,"candidateTier":"review","centralCorridorOverlapRatio":0,"commercialPotentialScore":65.2,"businessCount":1098,"businessDensityScore":41.3,"businessDiversityScore":76.3,"transitScore":92.9,"retailMarketScore":72.5,"employmentPublicScore":80.3,"cultureTourismScore":64.7,"healthcareScore":47.9,"quality":"modelled-hybrid-evidence","boundaryMeaning":"SGIS 2025Q2 행정동 기반 상권후보 분석권역이며 공식 상권 경계가 아님","selectionMeaning":"대구 전역 상권 검토 우선 후보"},"geometry":{"type":"Polygon","coordinates":[[[128.57883297305008,35.898088918760045],[128.57877383994463,35.897888477983535],[128.57851279734567,35.897937844513685],[128.57836315115776,35.89796597197249],[128.57818756545444,35.89799982264696],[128.57802857771583,35.89790780159303],[128.5779647384697,35.897870532622626],[128.57798220234386,35.897850669564704],[128.5780163836707,35.89781179219863],[128.5781335434217,35.897879545591756],[128.5781310375155,35.89788219703764],[128.57816132576392,35.89789565765496],[128.57817499805194,35.89790358762792],[128.57823957344644,35.89791457122024],[128.57841910477546,35.89787999083631],[128.57875234720052,35.89781540132771],[128.57869855040013,35.897632565098405],[128.57868040221382,35.897575192397696],[128.5786494795625,35.89747397620276],[128.578610613136,35.89733900844311],[128.5785403140714,35.89708954002821],[128.57844609071714,35.89676393874372],[128.57814150264625,35.8968227111028],[128.57793626620128,35.89686228744605],[128.57789459109978,35.89684057151809],[128.5778032688649,35.89679298646118],[128.57786200338614,35.89680212941468],[128.57822952304292,35.896731072450656],[128.57842500582447,35.896693763173396],[128.57833305348126,35.89637181433107],[128.57833043536687,35.89636292141569],[128.57829953827687,35.8962581274849],[128.5782595013896,35.89611519669122],[128.57823983226473,35.89604497410676],[128.57822506118202,35.895990641706696],[128.57816505323387,35.895781665211686],[128.57805330036985,35.89540314968548],[128.5781090301499,35.895351098180114],[128.57810193919232,35.895326282394954],[128.57792490886152,35.89470674638885],[128.5778297553853,35.89437374738661],[128.57770914535718,35.89396030694806],[128.5775181597121,35.893305617341944],[128.57751614599846,35.89329871232939],[128.57758251032783,35.89328411111484],[128.57759257739644,35.893281897607125],[128.57771902950418,35.893255739155364],[128.577835125707,35.89322953648081],[128.57793231984937,35.89320760005081],[128.57845160454312,35.893090401472236],[128.578485067265,35.89308284520494],[128.57848745010426,35.893068845115565],[128.57849501705508,35.893024366306584],[128.57852592022618,35.892855396948185],[128.5785281564471,35.89284316793699],[128.5785390224743,35.8927828100672],[128.57854525385116,35.89274818467926],[128.57853393798635,35.89274711608237],[128.57854065881392,35.89267849026705],[128.5785495013096,35.89258821155712],[128.57861140804033,35.892455872691436],[128.5786909279023,35.892285876091975],[128.57874419741023,35.89208549644987],[128.57876500036008,35.892007239872434],[128.57881051556217,35.89185337823647],[128.57881559422074,35.891836210180735],[128.57884802159685,35.89175940886068],[128.57887872273582,35.891686692682754],[128.57889757615033,35.89162922914925],[128.5789247453739,35.891546413855814],[128.57895729518916,35.891477835437826],[128.57897415033884,35.89145536317283],[128.57899620920128,35.891433109210475],[128.5790156816735,35.8914204602657],[128.5791612192723,35.8913777222384],[128.579183090673,35.891371540239355],[128.57927616992302,35.89134523198559],[128.57928236358327,35.89134116347784],[128.57932636931614,35.891312257944826],[128.57937592075473,35.89127970983406],[128.5794371618752,35.89122681480021],[128.57950758237163,35.891130423487006],[128.57951629267643,35.89108436200726],[128.57952637376565,35.89103105588749],[128.5795432007069,35.891007177362496],[128.57959049204354,35.89098820534169],[128.57961744577153,35.89097739314173],[128.57968328290897,35.89095098237381],[128.57975841716893,35.89080979327632],[128.57976893833865,35.89081126739512],[128.57988392454945,35.89082667254111],[128.57989208663327,35.890816542241495],[128.57995073358828,35.89074375931435],[128.5799871550662,35.89068591043252],[128.5800961682784,35.89053842828649],[128.58016018526266,35.89046386596418],[128.58020145255878,35.89041580044023],[128.5802892484066,35.8903610018409],[128.58031666100862,35.89034435406521],[128.58039914885495,35.890289659932975],[128.58042042468946,35.890275552943606],[128.58049427951556,35.8902378343587],[128.58055675122844,35.89021381007375],[128.58058190852688,35.890206499254994],[128.58059117089488,35.89020380679812],[128.58070431797475,35.89017092571663],[128.58082728838778,35.890158699221665],[128.5809032728963,35.89016356715872],[128.58095130376455,35.89017542311649],[128.58097294582842,35.890166423679126],[128.58097429001825,35.89016636109263],[128.5810442739023,35.89016307695003],[128.58129209619267,35.89018819021233],[128.58134646024405,35.89019369970448],[128.58140037704212,35.89021520327251],[128.58144484668978,35.890228333449265],[128.58149738789848,35.890240581320754],[128.58160010935723,35.89024789107866],[128.58170569622064,35.890246422592504],[128.581747774488,35.89024583261467],[128.58177429358417,35.8902454621131],[128.58178325143885,35.890242784929384],[128.5818328681219,35.89023046623684],[128.58186832599554,35.89022072371202],[128.58187658364145,35.890218454925076],[128.5818811751568,35.89021684124094],[128.58195447837272,35.89019107781528],[128.58207549440968,35.89018489187594],[128.58223103462626,35.89015189604658],[128.5823254141783,35.890112712969476],[128.5823239544461,35.89009907650341],[128.58232280440296,35.890088331254574],[128.58236356835775,35.89008251664483],[128.58289726696853,35.89000519295435],[128.5828610711151,35.88995299533425],[128.5828340751453,35.88985389673079],[128.58282772900048,35.88974690990391],[128.58282739131164,35.88974123131617],[128.582870404681,35.88962594143364],[128.58292340086194,35.88955510760921],[128.5829928106292,35.88948709729072],[128.58296770908956,35.88939531040967],[128.5829279117072,35.88925989069631],[128.58289022847853,35.88914091259054],[128.58282163486294,35.88892433797915],[128.58281971876954,35.888918280541674],[128.58281739513384,35.88891093394115],[128.5828113916414,35.888887118358525],[128.58280668417314,35.88887207228809],[128.58282087359896,35.888869243277995],[128.58272157253114,35.88855626212291],[128.58265870848538,35.888358126740016],[128.58264558041338,35.888361761173215],[128.58263477682087,35.888327476655924],[128.58263317796306,35.88832233955275],[128.58261386883748,35.88826029693024],[128.58254509568286,35.88804962535107],[128.58250644469769,35.887923437922],[128.58252886002649,35.88791872446868],[128.5823847173729,35.887446974826],[128.58237885001077,35.88742777037128],[128.58253723893395,35.88739658317811],[128.5825131103747,35.88732181516614],[128.58240670440213,35.886977091528436],[128.58239097447515,35.886926131935844],[128.5823446939488,35.88677232445443],[128.58229937100882,35.886622763686965],[128.58222378457103,35.88637334376265],[128.5822064850872,35.88631677164156],[128.5822007504239,35.886255363917776],[128.5821688270674,35.88615027714514],[128.58214569104229,35.88607365279692],[128.58214524322574,35.88607217015813],[128.58210652641517,35.88594395282507],[128.5820694779507,35.88582125422504],[128.582051657126,35.88576429188821],[128.58187905914613,35.88521345681423],[128.5818451161787,35.88510513168542],[128.58184489018555,35.88510423666794],[128.58177798449515,35.88513337643128],[128.5813870196478,35.88530380149181],[128.58099111539644,35.88547765600974],[128.58022448973136,35.88581429969591],[128.57999142472346,35.885916761122715],[128.57982976253842,35.88598783149108],[128.57947944868744,35.88614111584538],[128.57941930534724,35.886167432040764],[128.57940890245354,35.88617168804572],[128.57850882475773,35.886539961404495],[128.5784335777189,35.88657074925091],[128.5776824549788,35.88687693614257],[128.57767192795768,35.886881120987006],[128.5776497157747,35.88688995274729],[128.57722879534398,35.887062475041226],[128.57668112896312,35.88728694329862],[128.57668068934385,35.88728712304423],[128.57621340834424,35.887481219761355],[128.5762032880001,35.88748558565366],[128.5759316287025,35.887593188611966],[128.57592541232503,35.88759565147136],[128.57556985591228,35.887646889494455],[128.57549840931503,35.88765672706089],[128.57539172868212,35.88767301070256],[128.57536035878638,35.88767779940008],[128.57522006600382,35.88769921621774],[128.57514829792896,35.88771027626697],[128.57512021889926,35.887714603593324],[128.5750665658764,35.88772268945624],[128.5750051160565,35.88773230020518],[128.57498104766768,35.88773597402998],[128.57495474643363,35.88773994551632],[128.57489862910532,35.88774842029702],[128.57482766843953,35.88775914025263],[128.57482552349956,35.887759465979826],[128.5747415642321,35.88777243711331],[128.5747479173847,35.88781411352997],[128.5740684942243,35.887920914164525],[128.57405943666407,35.88787830984721],[128.57389192513705,35.88790432217796],[128.5736642097974,35.887938225643666],[128.57355065999474,35.887956363171675],[128.5735327703712,35.887959222360344],[128.57338057346465,35.88798353377657],[128.57334736812294,35.887988696274185],[128.57331043506076,35.887994627751404],[128.5731768281969,35.88801569393753],[128.5731257292162,35.88802375070395],[128.57303626948396,35.88803785527787],[128.5728266777897,35.8880703673026],[128.57271562913834,35.8880875918597],[128.57267494557516,35.888094089464516],[128.5726218347406,35.88810257329536],[128.57251790590348,35.88811917421134],[128.57214226882036,35.88818096833272],[128.571838689742,35.88823090908988],[128.5715738689875,35.88827447271989],[128.57139844525696,35.88830122564674],[128.57139087158873,35.888302380495176],[128.5711746123603,35.88834576516022],[128.570933023602,35.88837384140448],[128.57088698621527,35.88838790336671],[128.57079678855578,35.88840017277056],[128.57077209397323,35.888403531283295],[128.57040003907443,35.888460777521786],[128.57035359271143,35.888467924342166],[128.5702783816925,35.88848085226216],[128.5700348318269,35.888517211501075],[128.56969859819765,35.88857009019996],[128.5694550485494,35.888608071977124],[128.56943126372647,35.888611780935065],[128.569425572034,35.888612664661025],[128.56913169757055,35.88866230842695],[128.5688657245044,35.88870229716246],[128.568628823049,35.88873791551123],[128.56852017030056,35.88875425118575],[128.568511252915,35.888755591809826],[128.56850278221657,35.888756864448204],[128.5682220021559,35.888799076024455],[128.56820157248683,35.88870441975607],[128.56762879880844,35.88878859613521],[128.5675450642807,35.88880090211429],[128.56756676235975,35.88889758295033],[128.56661531120267,35.88904061300989],[128.56632106013453,35.889083908072124],[128.56543511150932,35.88921425996071],[128.56419064651786,35.88939734972428],[128.56409890640242,35.88941084669158],[128.56297540464735,35.889568960658046],[128.56286029068644,35.88958516089041],[128.56228514473972,35.889666097149444],[128.56226391891133,35.8896690842478],[128.56169255260357,35.88974948477956],[128.5616910997854,35.88976398392418],[128.5615503417761,35.88978448015884],[128.56156595552935,35.88986785925831],[128.5615660177925,35.88986820761252],[128.56156614451552,35.88986973283712],[128.56156595210544,35.889871254571744],[128.5615654443918,35.88987272770438],[128.56156463852184,35.88987410880853],[128.561563558362,35.88987535980757],[128.5615622322218,35.8898764434872],[128.56156069957328,35.889877328845444],[128.56155900439182,35.88987799024977],[128.56155719516832,35.889878408338795],[128.5615566810722,35.889878490417395],[128.56092987948924,35.88997811720367],[128.56092812334265,35.88997827877069],[128.5609263563866,35.889978211436386],[128.56083967924147,35.88999393763972],[128.5605054832212,35.88993661439527],[128.55989878354004,35.89002494654351],[128.55967007214048,35.890058444671226],[128.55961017916093,35.89006660485336],[128.5595498260992,35.890074827666375],[128.5590166010271,35.89015227437817],[128.5589247538549,35.89016585399664],[128.55888828135897,35.89017125498642],[128.55884565509206,35.890177386393354],[128.55861120597072,35.89021114316215],[128.55844363228582,35.89023483467168],[128.5584363291637,35.89023586731489],[128.55810568421103,35.89028408626388],[128.55751502235967,35.8903703519841],[128.55749421553344,35.89037338233501],[128.5572181679085,35.89041326456671],[128.55681307243708,35.89047178837771],[128.5565495549549,35.89050891452988],[128.55643305052882,35.89052532189994],[128.55640994265679,35.89052862113633],[128.55623024814682,35.89055426078315],[128.55616745337971,35.89056322282268],[128.5561637907927,35.890563745483234],[128.55609916773082,35.89058137135419],[128.55607811830444,35.89058399608756],[128.55598536446533,35.890599627984464],[128.55590674914794,35.89061033738432],[128.55582496673762,35.890623508795834],[128.5555132321866,35.89066578978134],[128.55534404780647,35.89070433987078],[128.55518983149344,35.890747049647125],[128.55515846804698,35.89075860736832],[128.55515357709223,35.89076041019091],[128.5550847004913,35.89078281691271],[128.55504719311133,35.89079694033581],[128.55493025887924,35.89084097030173],[128.55485112447556,35.89087471849835],[128.5547810837384,35.89090910802421],[128.5547597772395,35.890920928921076],[128.55469213170232,35.89096098982542],[128.55467219004214,35.89097280052363],[128.55465530492705,35.89098283444315],[128.55463680604788,35.89099382736966],[128.55456221416637,35.89104697137326],[128.55449595480172,35.89109566237518],[128.55436318406973,35.89119076913539],[128.55423111111648,35.89132850271848],[128.554128462229,35.891439769462536],[128.5540412701958,35.891534983369226],[128.55389289088595,35.891697011660455],[128.55365566974322,35.89195729171354],[128.5535496630885,35.89207281394992],[128.55335382226153,35.89228924440902],[128.55327220691927,35.89237976489571],[128.5532260119393,35.89242985695859],[128.55319143230176,35.89246735418664],[128.55313245960286,35.89253130079028],[128.5528165764352,35.89287815724296],[128.5527471465495,35.892953527073196],[128.55265312499742,35.893056277403765],[128.55242829184814,35.893301980881844],[128.55235063710512,35.89338684659569],[128.55235030392032,35.89338720563257],[128.55229153857144,35.8934514330982],[128.55220420604738,35.89354665862657],[128.55218784366804,35.893564609651335],[128.55210740483514,35.893652634334344],[128.55206553884074,35.89369890506981],[128.5520457108893,35.89372047916233],[128.5520066393733,35.89376299563234],[128.5519885960512,35.89378278701936],[128.55197763004344,35.893794832390235],[128.5518928866292,35.89388900452658],[128.55181930762313,35.89396360957757],[128.5518087791278,35.89397665273698],[128.55178618725287,35.89400464307254],[128.55184568993764,35.89401292476919],[128.55185942017576,35.89401467795433],[128.5519009760267,35.89401998298641],[128.55192380387504,35.89402289612355],[128.55214907817893,35.89405165598731],[128.55205582984217,35.89409450828213],[128.55205035085544,35.894097025660656],[128.55199633228779,35.89411065447965],[128.551982870407,35.894121313474265],[128.5519754689316,35.89412717265262],[128.55195117859427,35.89414118384476],[128.55188007018506,35.89416678900887],[128.55179460590284,35.89421714334015],[128.55181646392703,35.8942369467479],[128.55186731890285,35.89423987316166],[128.55191834570002,35.894255367632034],[128.55195925276962,35.89426698205004],[128.5519619353244,35.894267742009106],[128.5520101272948,35.8942764923421],[128.5520313316883,35.89427603250994],[128.55207866915953,35.894271366938476],[128.55210213693007,35.894270551883594],[128.55218900860987,35.89426753145457],[128.55231408876384,35.89427825225063],[128.55234737914392,35.89429017489747],[128.55230007448793,35.89449815702556],[128.55228227834078,35.89457639728068],[128.55277357048377,35.89494785615875],[128.5530532769144,35.89530925891681],[128.55324609912432,35.89543528319255],[128.55330079546926,35.89536880460271],[128.55332553144507,35.89533874232595],[128.55334398974483,35.89535018893543],[128.5534180753059,35.89539862732952],[128.55362001874403,35.89541255550073],[128.55418222317695,35.89556688067352],[128.55434030137926,35.89561027347295],[128.5546580395479,35.895715526570676],[128.55526821636676,35.89592258859304],[128.55538295390363,35.89597145648386],[128.55544545376773,35.89594696350854],[128.55612098390247,35.89623795734368],[128.5566166430317,35.89645190672172],[128.55707566702952,35.896554640723835],[128.55717056772744,35.89657588094642],[128.5575032025337,35.8966442638721],[128.55818763675092,35.89679505585672],[128.5586852465935,35.89690286743716],[128.5587200907522,35.89691041644907],[128.55882585455035,35.896933332050864],[128.55911433622413,35.89691450047774],[128.56021165006962,35.89684286042995],[128.5603644862456,35.8968315811773],[128.56049886321887,35.89681919354711],[128.56072786500079,35.89694854286787],[128.56082613292574,35.897004047635896],[128.5608320111448,35.89700430223877],[128.56101595896385,35.897012278733186],[128.56117425815057,35.897107101794425],[128.5616975668355,35.897442727215676],[128.5619480960299,35.89761661027627],[128.56264079476117,35.89813476722693],[128.562897084578,35.89835116537209],[128.56384197977474,35.899148975447076],[128.56415850090767,35.899414951333874],[128.56452049487226,35.89971913347954],[128.56514869166992,35.900247694134215],[128.5655129716204,35.90053750187097],[128.56571938263968,35.900702374037294],[128.56595272196228,35.90086350513754],[128.56602281179934,35.90091198369771],[128.5664766161022,35.90122586226324],[128.56736988046302,35.90178475064807],[128.56768990814103,35.901971218668294],[128.56836916236873,35.90231351814316],[128.56900265487468,35.90261642446979],[128.56937563964283,35.902784740466494],[128.5699600075727,35.903000703598146],[128.57017942575538,35.903069931775455],[128.57018752826986,35.90307198363601],[128.57079584758796,35.903226048096776],[128.57123573128726,35.903311258148115],[128.57184300381905,35.90342496920483],[128.5722324787819,35.903499011652464],[128.57275537168533,35.90358115242166],[128.5728693921411,35.903594989604606],[128.57332299030438,35.90365003849543],[128.57371107029581,35.903682981105646],[128.57384895575,35.90369468543608],[128.57388535055904,35.903697591136336],[128.57431089529734,35.90372270838662],[128.57477106145308,35.90372724359142],[128.57480146375136,35.90372754305205],[128.57508968885824,35.903722645790815],[128.57509140671004,35.90372233650195],[128.57509591603701,35.90372227989983],[128.5753914429699,35.9037189681933],[128.57563566862018,35.90371211060113],[128.57590001144737,35.903707234198855],[128.57672191419633,35.90368237675765],[128.57708280551867,35.90367566729369],[128.57726997837307,35.903671804628516],[128.57799278478115,35.903659214186824],[128.5780515495691,35.90365844679124],[128.57795158895348,35.90349547509838],[128.5779325279353,35.90342168414071],[128.5779491792038,35.90342123534245],[128.5779655559592,35.90342080884056],[128.57845290112434,35.90340791125283],[128.57847035528013,35.90340750746167],[128.57862348627322,35.90340400793822],[128.5787520842336,35.90340106400406],[128.57879679430215,35.903400040249664],[128.57885523642906,35.90339870196982],[128.57887251339866,35.90339830692465],[128.57888603427563,35.90331124814326],[128.5788917695756,35.90327432286387],[128.5789885061819,35.902549264021374],[128.57900229594236,35.90245688901393],[128.57900597528007,35.90243014456964],[128.5790096636262,35.90240341086291],[128.57909752864103,35.90175455739153],[128.57911887582884,35.90159414051493],[128.57911943300473,35.901587351277406],[128.5791197369735,35.901583622403],[128.57920912611905,35.90091917434074],[128.57923488257535,35.900735214155546],[128.57932217650307,35.90011171013632],[128.57935133542006,35.89990343312604],[128.5793736305409,35.899744183277186],[128.57940475802252,35.89952185307664],[128.57940546908392,35.89951677000557],[128.5793711843779,35.89949694997488],[128.57921545711878,35.899406924342415],[128.57911114550672,35.89905722738216],[128.57904677872938,35.89883638464801],[128.57900478554018,35.8986899412569],[128.57897555512992,35.89858937892242],[128.57894885478876,35.898493328689185],[128.57887775971056,35.89824219259029],[128.57883297305008,35.898088918760045]]]}},{"type":"Feature","properties":{"zoneId":"sgis-dong:22060530","label":"범어3동","district":"수성구","zoneKind":"locality","labelLon":128.6234121,"labelLat":35.8635565,"isCommercialCandidate":true,"candidateRank":7,"candidateTier":"strong","centralCorridorOverlapRatio":0,"commercialPotentialScore":78.6,"businessCount":1155,"businessDensityScore":90.5,"businessDiversityScore":73.7,"transitScore":48.5,"retailMarketScore":81.5,"employmentPublicScore":83.3,"cultureTourismScore":85.7,"healthcareScore":89.9,"quality":"modelled-hybrid-evidence","boundaryMeaning":"SGIS 2025Q2 행정동 기반 상권후보 분석권역이며 공식 상권 경계가 아님","selectionMeaning":"대구 전역 상권 검토 우선 후보"},"geometry":{"type":"Polygon","coordinates":[[[128.61840425614434,35.86777595961282],[128.61844691809503,35.86777198771886],[128.61859534604574,35.86775816682369],[128.61861333907478,35.86775648825642],[128.6186520918257,35.86775201716613],[128.61867106347643,35.86774982911105],[128.61887562682477,35.867731279310696],[128.619000031523,35.86772077853342],[128.61900812529663,35.86772009548513],[128.6190254348387,35.867717388232414],[128.61917208561667,35.8677039374944],[128.61919101934205,35.86770220499849],[128.6192091255599,35.86770054331876],[128.6194998617014,35.86767387969612],[128.61971804889794,35.867653868989485],[128.61992363616108,35.8676330278185],[128.6200647232275,35.867618725402046],[128.62136868635875,35.867491549688246],[128.62195163513704,35.86743468864611],[128.62207895264905,35.86742109398059],[128.62222250154707,35.86740564089246],[128.6222191919453,35.86740076822819],[128.62230413918107,35.867392327578784],[128.62249728374775,35.86737325623012],[128.6228541573068,35.867338077820676],[128.62295741195862,35.867327891458345],[128.62390178922865,35.86723470951937],[128.6239533754611,35.86722961808755],[128.62441707734416,35.86718386269017],[128.62451760726378,35.867173941210474],[128.62452131593392,35.867173575620214],[128.6249923111415,35.867126435257866],[128.62504591365033,35.86712107023514],[128.62510261684454,35.86711558238499],[128.62574633858785,35.86705327613921],[128.6260525687715,35.86702363501288],[128.62688373970272,35.86694635212866],[128.62688530825048,35.866946207589656],[128.62703800860896,35.86693200713416],[128.62707781226456,35.86692789761887],[128.62710646194142,35.86692493855524],[128.6271072519726,35.86688163105335],[128.62712154747877,35.86609722323805],[128.62712309168012,35.86603185290493],[128.6271268053142,35.86587393336903],[128.6271272976722,35.86585285750232],[128.6271489241643,35.864932907024695],[128.62714898740066,35.864930333380364],[128.6271492008228,35.86492131488063],[128.62715126579712,35.864833357384605],[128.62715314186494,35.86475317761127],[128.62715331002167,35.86474604650024],[128.62715444358017,35.864697903400575],[128.6271615904865,35.8643941847512],[128.6271623791979,35.86436056179792],[128.62716641016834,35.86418884357625],[128.6271642762957,35.863992325390605],[128.62716410661162,35.86397604120838],[128.62716241232533,35.86382112226637],[128.62716227211067,35.86380832684328],[128.62715838586058,35.86345082634818],[128.6271568999737,35.86331414038591],[128.62715677457294,35.86330309475035],[128.6271566803251,35.86329409265852],[128.62715502043187,35.86314136326532],[128.62715477143973,35.863118617444115],[128.62715399150775,35.86304680109666],[128.62715009086202,35.862989168518816],[128.62714020850808,35.8628431652706],[128.62713814667083,35.86281269115665],[128.62713674777137,35.86279203782503],[128.6271299081935,35.86269095058548],[128.62712895329324,35.862676779810926],[128.6271253871556,35.862624073819546],[128.6271179458909,35.86251404694416],[128.6271164472028,35.862491898859616],[128.62711442029695,35.86246193469855],[128.62710842067403,35.862373388383936],[128.6270970001734,35.86230216771782],[128.62709638462854,35.86229835268194],[128.62709329927512,35.86227912971817],[128.62705468081367,35.862038478010234],[128.62704544422675,35.86198092793559],[128.62700284984018,35.86171554403744],[128.62695890761995,35.86144177021442],[128.62695882282853,35.8614412571206],[128.62692992095464,35.86126118917791],[128.62692888554156,35.86125470495334],[128.626927037444,35.861243231004536],[128.62689934550156,35.861070698657535],[128.62686372360812,35.860848706261756],[128.6268573411338,35.86081656420335],[128.62682920458641,35.86067488017415],[128.62677603951195,35.86040716106539],[128.62673142517832,35.86018250228344],[128.62667496971392,35.85989822435167],[128.62657731135621,35.85940643023511],[128.62652957849335,35.85911298356516],[128.62652022388505,35.859042342062395],[128.62651979487063,35.85903910407383],[128.62633947326847,35.85905442642131],[128.62621479877322,35.859065022869196],[128.62550567944052,35.85912528424539],[128.62498450272273,35.85916957304347],[128.62487650672767,35.859178748834815],[128.62470748539516,35.85919673342318],[128.6239745013278,35.85927472381556],[128.62327031306316,35.85934964566848],[128.62315716410183,35.859359579428975],[128.62260381982477,35.85940816338487],[128.62242701238372,35.85942368504428],[128.62242227812217,35.859424101621165],[128.6220569058587,35.8594561771591],[128.62205816675277,35.85946808131217],[128.62206341198382,35.85950030279074],[128.62206528749118,35.85956500652306],[128.62206865656555,35.859628419694495],[128.62213884366062,35.85962486199721],[128.62216862314966,35.85962318551274],[128.62224801578046,35.85962307858641],[128.6222724890455,35.85981496896407],[128.62227604473287,35.85984737660897],[128.62229820555746,35.860049315734344],[128.62231513385706,35.86021380962448],[128.62231689630914,35.86023944706946],[128.6223232852369,35.86033243385687],[128.6223250017369,35.86034970524723],[128.62235181983917,35.86061966145169],[128.62235792222597,35.86068108546675],[128.62236743751885,35.86077688024737],[128.62238027428086,35.8607767603169],[128.62240257949352,35.860854891229046],[128.62238354115033,35.86085685960184],[128.62238610554374,35.86086286257584],[128.6224379007569,35.860997297194025],[128.62244666148914,35.8610188311563],[128.62245103251897,35.861107168496744],[128.62245663367665,35.86121668822768],[128.6224623444497,35.86132801095476],[128.6224625685008,35.86133306120661],[128.6224194707475,35.86149131811803],[128.62239449097615,35.86158005229294],[128.6223204406975,35.86184381947527],[128.62231977058207,35.86184625093344],[128.62228839387018,35.861959997334914],[128.62226407474486,35.86204816183142],[128.62219580120163,35.862149660794984],[128.62211411697442,35.862230080284284],[128.62209341095013,35.862241285351125],[128.6220608583877,35.86227628325487],[128.62199402061788,35.86234813981114],[128.62197226362994,35.86237043485081],[128.62197423352544,35.862494163735846],[128.62197428970995,35.8624976783952],[128.62197532460854,35.86256285064614],[128.62197533246749,35.8625636439459],[128.6219764060087,35.862689704519724],[128.62174190979147,35.862794039389804],[128.62156347023765,35.86287223532735],[128.6215430525204,35.86287884415828],[128.6213496060878,35.86294145937539],[128.62120366207157,35.86294326155356],[128.62117980751333,35.86294546401782],[128.62116805438353,35.863000998038494],[128.62096962417047,35.863046999225226],[128.62088757272943,35.86306602144162],[128.62088450666127,35.86306694079156],[128.62041840334064,35.86320681688149],[128.62035059857647,35.86323491800241],[128.62013322814747,35.86332500585722],[128.6199130547929,35.86341625361496],[128.61947760793117,35.86366224966056],[128.6194679773325,35.86366766222019],[128.61817473187412,35.86439445141171],[128.61807131789806,35.86444960676367],[128.617984169665,35.864496086395235],[128.6179577148344,35.86450954947358],[128.6179426047055,35.864517239760765],[128.6179276761129,35.86452161061394],[128.61790381287193,35.86452859799578],[128.6178752444882,35.8645368372486],[128.61786443580814,35.86454008427646],[128.61781921363317,35.86455367147686],[128.61765499358276,35.86460452925372],[128.6176273513162,35.86461310062136],[128.61759575007966,35.86462290067749],[128.61750410984527,35.864652951144485],[128.6174486979011,35.864671121867076],[128.61737672077228,35.86469401485449],[128.61736986214834,35.8646961901049],[128.61729333964558,35.864720437993455],[128.61728195836648,35.864724952479634],[128.61727636409577,35.864727170960485],[128.6172005456637,35.86475723722472],[128.61715448836043,35.864786859886706],[128.61714043151616,35.864804816265725],[128.6171112064985,35.86483036239147],[128.61712016203313,35.86484035675437],[128.6171090120912,35.864851412599506],[128.61710247451438,35.86486588934764],[128.61710201486616,35.864866599543966],[128.6170919263975,35.86488218307081],[128.61706993893839,35.86491614015828],[128.61701639131797,35.86502834504406],[128.61701130288313,35.86503898659704],[128.61701028997803,35.8650722509774],[128.61702158028268,35.8651464841666],[128.617026176639,35.865170150665136],[128.61702560144332,35.86520287725094],[128.6170250024697,35.8652370663888],[128.61696014257294,35.86525352252229],[128.61694098274046,35.86525204901261],[128.61690405839795,35.86525208399483],[128.61691260407838,35.865289619447296],[128.61692882707285,35.86537194877298],[128.61696077475693,35.86538475680609],[128.6169484894296,35.86539991627779],[128.61693543281456,35.86539365823614],[128.61693085313058,35.865391463144555],[128.61692335408856,35.86541288542838],[128.61690906511654,35.86545369669341],[128.6168929978074,35.8654995930639],[128.6169681535699,35.865517351919564],[128.61703467038456,35.86554207357245],[128.61705185789205,35.865550981643345],[128.61708193078522,35.86556657126096],[128.6170900505698,35.86558117135432],[128.61710268249308,35.86560388500299],[128.6171374131939,35.86562099820363],[128.61714543176714,35.86562262577954],[128.61717407600696,35.86562843771327],[128.61721841487272,35.86567725325952],[128.6172305927986,35.86569066070181],[128.6172338675953,35.86568881991142],[128.61725229440245,35.865678464505734],[128.61725561855158,35.865681165317135],[128.61731467358402,35.86572986288879],[128.6173507913067,35.86575424953677],[128.61733572949652,35.865756250453025],[128.6173629295912,35.865785422581475],[128.6173960132233,35.86582090318914],[128.61740348194746,35.865818076744496],[128.61740509269126,35.865817466731684],[128.61740842578484,35.865822223914726],[128.6174402256293,35.86586763632022],[128.6174289336815,35.86587702562835],[128.61748300723679,35.86592645103132],[128.61757542656292,35.86602703302633],[128.61762477214143,35.86608995903792],[128.61764258909218,35.86611268028229],[128.61765355510485,35.8661083959167],[128.61765809129585,35.86610662181454],[128.61774688862255,35.86628066765265],[128.6177482246516,35.86628328867875],[128.6177656406208,35.86633321100343],[128.61786358142737,35.866612904845475],[128.61786583974322,35.86665350993673],[128.61783695536985,35.8666563391572],[128.61785574764377,35.86681693680979],[128.61790264345535,35.866813276420324],[128.61790367419286,35.86683082922063],[128.61790692992864,35.86691862801364],[128.6179069587196,35.866919179500535],[128.61789487955494,35.86692126272153],[128.61789828630435,35.86701863016934],[128.61788863899375,35.86709740811872],[128.61788069792217,35.86716250253645],[128.6178824786985,35.86718125103734],[128.61789070839933,35.86724686663055],[128.6178552875399,35.86728855712933],[128.6178549724549,35.867322271197665],[128.61785077824678,35.8673507634655],[128.61783041456886,35.86736203313742],[128.61768148290292,35.86744444666088],[128.61758138910164,35.867502710842494],[128.6174478647798,35.86759409821226],[128.61728596957437,35.8676549592373],[128.61713171659642,35.86771328591216],[128.61703403581961,35.867726112911626],[128.61701473764208,35.86772981926735],[128.61696271540683,35.86773981085651],[128.61679947520926,35.86776659754974],[128.6166985807246,35.86777284662076],[128.6165771922245,35.86777722874483],[128.61651837790953,35.86777071710734],[128.61643829894774,35.8677681986461],[128.61636531023223,35.86776657259727],[128.61627958338758,35.86776523076385],[128.61624358624226,35.867762119507226],[128.61617039038657,35.86778852837818],[128.61611767228155,35.86779408768729],[128.61610969332582,35.8677814777718],[128.6160746658051,35.86772634915026],[128.616059259971,35.867702030251245],[128.61605887474107,35.867701177348145],[128.61602142879326,35.86761796864432],[128.61583187933246,35.86766191262073],[128.61569500123423,35.86767280274942],[128.6155888238287,35.867699626679396],[128.6154842269294,35.86772605538078],[128.6154791309431,35.86772741266965],[128.61546207591658,35.86773185074926],[128.6154474582503,35.86773601465832],[128.61531599744055,35.86774635729264],[128.61530172186875,35.867705221814596],[128.61524956150384,35.86771754357762],[128.61527171114915,35.86778057247361],[128.61526728134993,35.86778157105836],[128.61525674836935,35.86775805518166],[128.6152484329965,35.86773976579637],[128.61513458122326,35.86774900532036],[128.615134586251,35.86776027297462],[128.61511609340496,35.86776786629056],[128.61503791623554,35.86780005103354],[128.61500403100376,35.867819920408536],[128.6149666174176,35.867865129321956],[128.61495133844883,35.8678737998982],[128.61493784156403,35.86790942501057],[128.61490174875337,35.86793633078917],[128.61489987175653,35.86794814242219],[128.61489334097277,35.867957615325686],[128.61488212498145,35.86799413344435],[128.61484403275983,35.868118130563836],[128.61494531659136,35.868108400311485],[128.6154029069592,35.86806443490612],[128.61567680586373,35.86803811807313],[128.61581404339393,35.86802493195407],[128.61594187536298,35.868012648066504],[128.61596306901512,35.86801045692552],[128.61603296273697,35.86800383294434],[128.61641082099618,35.867967333693414],[128.61641766335822,35.86796674088553],[128.61646813510072,35.867962352713285],[128.6164822248221,35.86796098121121],[128.61682452140758,35.867927655604475],[128.61683808851717,35.86792621949947],[128.61698199298326,35.86791259771895],[128.6171233511427,35.867898830854706],[128.6172735990713,35.867884196783535],[128.61793212577004,35.86782005822332],[128.61798946372394,35.8678145822418],[128.61823521451979,35.867791701359344],[128.61835864513066,35.86778020687663],[128.61840425614434,35.86777595961282]]]}},{"type":"Feature","properties":{"zoneId":"sgis-dong:22060580","label":"수성1가동","district":"수성구","zoneKind":"locality","labelLon":128.6110361,"labelLat":35.8546212,"isCommercialCandidate":true,"candidateRank":4,"candidateTier":"strong","centralCorridorOverlapRatio":0,"commercialPotentialScore":83.2,"businessCount":710,"businessDensityScore":85.1,"businessDiversityScore":77.9,"transitScore":78.5,"retailMarketScore":86.3,"employmentPublicScore":88.1,"cultureTourismScore":84.5,"healthcareScore":86.9,"quality":"modelled-hybrid-evidence","boundaryMeaning":"SGIS 2025Q2 행정동 기반 상권후보 분석권역이며 공식 상권 경계가 아님","selectionMeaning":"대구 전역 상권 검토 우선 후보"},"geometry":{"type":"Polygon","coordinates":[[[128.61021196764665,35.86067532308965],[128.61040400943486,35.86058996259043],[128.61049963594428,35.86054855617276],[128.61054691416132,35.86052808642752],[128.6106045360157,35.8605032855029],[128.6109703710407,35.86034502180339],[128.6109989365141,35.860333136502284],[128.61099952668522,35.86033288852428],[128.61123944596125,35.8602328446524],[128.61122172557808,35.86023101611256],[128.6112715438698,35.86019291869339],[128.61146843478943,35.860118541356194],[128.61149297643576,35.8601092698299],[128.61151521000542,35.86010087072786],[128.61156816227273,35.86008481802901],[128.6115727190682,35.860083423523655],[128.61172765716535,35.86003604623572],[128.6117382992466,35.860032790483956],[128.61174748880472,35.86002973209176],[128.6117872987092,35.86001856296721],[128.6118124121235,35.86000995143722],[128.61190321926443,35.859978836564544],[128.6119791213263,35.859961355966995],[128.6120495256083,35.859945141518295],[128.61205489416872,35.8599439035647],[128.61215478744475,35.85992556968084],[128.61236786856892,35.85989096936179],[128.61238258461995,35.859889022764165],[128.61280964142995,35.8598444036544],[128.61337911271335,35.85981449121679],[128.61338724160348,35.859814155328756],[128.61340399746095,35.85981346180519],[128.61343065211457,35.85981243942527],[128.61376124379532,35.85979903768493],[128.61377735683251,35.85979846997656],[128.6139242115416,35.85979280793984],[128.6139795509502,35.859790688221956],[128.61409498940037,35.85978609984269],[128.6140911814547,35.85975196867714],[128.6140834562521,35.85968277965188],[128.61406627667787,35.859486679823284],[128.61406388334171,35.85946222461954],[128.61406268928005,35.85945002494186],[128.61402629529954,35.85907827531307],[128.61400826699534,35.85889415606472],[128.61399178777745,35.85872591697678],[128.61397969041104,35.8586023547138],[128.61397666661085,35.85857146279007],[128.61396697334072,35.858472492669975],[128.61396022960932,35.85840353884313],[128.61395921888646,35.858393200088734],[128.61395151051258,35.85831450842033],[128.6139498385971,35.85829744022824],[128.61393758816988,35.85815168832779],[128.6139284015911,35.85806684007143],[128.61387278036912,35.85755312201599],[128.6138566383153,35.85740402891819],[128.61385350462754,35.85737509078662],[128.61382527053374,35.85702622177619],[128.61382096851423,35.85697306138833],[128.61380383903196,35.856791366120234],[128.61379438229957,35.85669106125258],[128.61378523287556,35.85659403882554],[128.61377122115394,35.856445360493346],[128.61376181886635,35.85634561588373],[128.61375254205026,35.856247238679714],[128.613750050463,35.85622081084667],[128.61373491141833,35.85606025134621],[128.61373439747481,35.85605478272679],[128.61373183749154,35.85602766042209],[128.6137214445665,35.855917416376585],[128.61370061104822,35.855696442776114],[128.61368874516418,35.85557059100674],[128.61367153566212,35.85539286419099],[128.6136479643692,35.85514944900641],[128.61364301716435,35.855098361857145],[128.61363541367572,35.85501983323356],[128.6136018600751,35.85466199410166],[128.61358731858274,35.85451132995674],[128.6135748105088,35.8543817363066],[128.61355921037173,35.8542201406013],[128.61352306512762,35.85385676367755],[128.61352112722176,35.853837289857545],[128.6135165323108,35.85378976240077],[128.61351152372143,35.85373783554616],[128.61350245217915,35.853644030000595],[128.61349193061906,35.853535226875245],[128.61348110433323,35.85342276532544],[128.61347287982363,35.85333274479577],[128.61346633154815,35.85326106724806],[128.61346403048313,35.85323589440736],[128.61343766855995,35.85296038407585],[128.6134246155289,35.852823931827565],[128.61341136526616,35.852685408709696],[128.61339270923858,35.85249512828388],[128.61337482095863,35.85231270416405],[128.61337368167284,35.85230107825156],[128.6133697006905,35.85226053670576],[128.61335364585568,35.852096528937025],[128.61334444237784,35.85200252352572],[128.61334250453496,35.851982492529885],[128.61332870081978,35.85183984535278],[128.61332118088814,35.85176217327486],[128.61331652923917,35.85171413242749],[128.61331098728053,35.85165690569171],[128.6133096657133,35.85164325024523],[128.61328361889642,35.85137419207072],[128.61327970993082,35.85133380401506],[128.61327829799947,35.8513191495715],[128.61326042926945,35.85113451638545],[128.61325871524107,35.851116867043636],[128.61325754910382,35.85110458503852],[128.61325628001921,35.85109119686797],[128.61324191969308,35.85109193487566],[128.61308823415618,35.85109983019644],[128.61307116905624,35.85094769988667],[128.61306827039888,35.8509204012688],[128.61306990976485,35.850920273385974],[128.61306252293778,35.85084314548998],[128.6130602021491,35.8508431669901],[128.61305918650905,35.850832300844985],[128.61306107002028,35.85083213103175],[128.6130551076688,35.85077016143942],[128.6130500706253,35.85071782368709],[128.6130485182711,35.85071799674323],[128.61304780396947,35.85070983339671],[128.61304720239977,35.85070403110086],[128.61302800985732,35.85051883672593],[128.61302000179094,35.850447090597115],[128.61301834187145,35.85042990054522],[128.6130070951641,35.85031341820452],[128.6130043561393,35.85028478108515],[128.613006680358,35.85028468923254],[128.61299382675293,35.85015211264417],[128.61299168664456,35.8501523831036],[128.61299040782268,35.850139006738225],[128.61298595682936,35.850089611659634],[128.6129835346718,35.85006827426437],[128.61298502279666,35.85006826047925],[128.6129767483478,35.84996175794529],[128.61297162860004,35.84996197125879],[128.61296849655807,35.849928902086894],[128.61296811746593,35.84992372521688],[128.6129662677889,35.8498983435148],[128.6129643866559,35.84988291355773],[128.6129712581451,35.8498828499053],[128.61295687778957,35.849767956280466],[128.6129503316572,35.84976784562117],[128.6129481508068,35.84974998602242],[128.6129356987612,35.849641374653366],[128.61292346709604,35.849525550537194],[128.61291602320352,35.849465791756],[128.61291189025474,35.84939223723841],[128.61289954850525,35.849282634920414],[128.6128781950612,35.84907096534837],[128.61287652417212,35.8490544118955],[128.61287352033295,35.84902646961997],[128.6128634003895,35.84893083717047],[128.6128496059666,35.84878716018521],[128.6128534555557,35.84873234915014],[128.61285472067033,35.848714316985195],[128.6126871502797,35.84875742018884],[128.61268444173848,35.848780727242975],[128.61268329069316,35.848790599202005],[128.61265351534783,35.8488110050468],[128.61262129652553,35.848823122900995],[128.61248212996944,35.84883850477788],[128.6124539932535,35.84884161423569],[128.61238030621425,35.84885423136768],[128.61230018256038,35.84888718239861],[128.61228094629655,35.848895092285865],[128.61227532875967,35.84889724132607],[128.61220714288865,35.84892332907265],[128.61210369862462,35.84896290596146],[128.61201570168652,35.84898469619938],[128.61197775633914,35.84899545323098],[128.6119209033602,35.84901156922125],[128.61173670728022,35.849074289719994],[128.61168226000242,35.84909282927959],[128.6116747227254,35.84909588409414],[128.61162158621553,35.84910575288407],[128.61161587433003,35.849107809003975],[128.61161090395638,35.84910959680984],[128.61161994716528,35.8491514394452],[128.61163292753247,35.84921148247609],[128.61162569423766,35.84921299190026],[128.61161576568173,35.84921506178905],[128.611605116424,35.84922261985001],[128.61160488451026,35.84922028514346],[128.6115755161354,35.8492187861812],[128.6115604045546,35.84923279744036],[128.6115596775607,35.84923347132299],[128.61154628687828,35.849248279869656],[128.61151089496852,35.849241901459656],[128.61145421763888,35.849234519963076],[128.61134263306045,35.849231376995135],[128.611322006491,35.84923275243654],[128.61116837321336,35.849242961808486],[128.6111339350449,35.84924525381748],[128.6110968991662,35.849252797103844],[128.61106519016025,35.84925926063246],[128.61103853018605,35.8492453634373],[128.61101926231478,35.849244275813376],[128.6109206444455,35.849242044839954],[128.61088997504396,35.849243412990845],[128.61083553881926,35.84924585735645],[128.6107316568245,35.84925762208311],[128.6106667411545,35.84924542719562],[128.61066609946855,35.84924531051477],[128.61062761795517,35.84921136985823],[128.61058594473107,35.84921592028944],[128.61051477852607,35.84922369412395],[128.6105107405718,35.84922413534622],[128.6104887673348,35.849226536448846],[128.61047424195672,35.849228122216765],[128.61042808750312,35.84922364067605],[128.61040557364012,35.84921641535748],[128.61037764491277,35.84920745407973],[128.6103693914426,35.84920195508647],[128.61037225276172,35.84921354258399],[128.61035943821724,35.849228468288416],[128.61034141377826,35.849236503705534],[128.61031250704536,35.849227448672494],[128.61028352251336,35.84922901657222],[128.6102788942014,35.84922968682983],[128.61027580369748,35.849227394764185],[128.61025762858017,35.84922859410377],[128.6101916158284,35.84922713950493],[128.61019169047222,35.8492324941023],[128.61017405372078,35.849231959255945],[128.61014960272996,35.8492286005627],[128.61014757689063,35.84922832897745],[128.6101450374267,35.84922378151448],[128.61012672605858,35.84922553385003],[128.6100531945085,35.84921567394823],[128.60998834561087,35.849214298641094],[128.6099765685814,35.84921404771749],[128.60983348959454,35.84917905175443],[128.60976792558168,35.8491586193727],[128.60970966643208,35.84914045814269],[128.60970884899228,35.84914020514075],[128.60971100615328,35.84913702703998],[128.60972118756666,35.84912202745322],[128.60971684069378,35.84912207391247],[128.60969508656245,35.84912231810935],[128.6096763174578,35.84912141859756],[128.60966043851482,35.849119242823285],[128.60964738429183,35.84911745207209],[128.60963329535886,35.849121193853776],[128.6096310424461,35.84912179166104],[128.60962554147142,35.84912325251005],[128.60962271628023,35.84911854178676],[128.6096186191935,35.849111718726014],[128.60959994229157,35.84910988613402],[128.60955097404752,35.84910508043424],[128.6094879021928,35.84905193148391],[128.60949196557752,35.84901698992775],[128.609506517406,35.8488918735946],[128.60954372014797,35.84857201049037],[128.60959494022558,35.84813162399756],[128.60959354371667,35.84813073983843],[128.60950917225443,35.84807731967268],[128.60943259699857,35.84807750295721],[128.60934213712312,35.84807771972472],[128.60907295661448,35.84807836464576],[128.6090556780717,35.84807840603186],[128.60899476245802,35.848078551775906],[128.60800464442505,35.8480809175428],[128.6079928825241,35.84808094576843],[128.60800214972411,35.84811459863183],[128.6080376334296,35.848243917187276],[128.60804562196566,35.848272497018016],[128.60810083778364,35.848470021698596],[128.60810382762892,35.848470020269765],[128.60814961049456,35.84864353582097],[128.6081670322399,35.848709565245024],[128.60817850145466,35.848753037447295],[128.60817868142405,35.84875371556645],[128.60818589152527,35.84878030109287],[128.6082390478851,35.8489877375415],[128.60824533249055,35.849012269723424],[128.60824987941317,35.84902994170675],[128.60824340326343,35.84902944427555],[128.6082485492953,35.84913043505224],[128.6082506491813,35.849171599112076],[128.60825660799216,35.84928850129852],[128.6082585930932,35.84932746389586],[128.60826351641373,35.84942406520456],[128.60826629600456,35.8494785805592],[128.60826970780013,35.84954558124574],[128.60828023709487,35.8497521829053],[128.60828307723384,35.84980794365886],[128.60830657873151,35.84995958173269],[128.60832504089942,35.85007869459605],[128.6083431325342,35.8501911510222],[128.6083469680663,35.850214989943716],[128.60842290479596,35.85068704766603],[128.6084331605566,35.85075079275793],[128.6084506382362,35.85094625184308],[128.60845817183215,35.85103050466247],[128.60846319234085,35.85108664287255],[128.60850554429794,35.851257264275816],[128.6085952078377,35.85161848137077],[128.6086272327039,35.85174749799426],[128.60866259893797,35.851851395070675],[128.6086924236207,35.85194700651589],[128.6087045029633,35.851989224343654],[128.60875030958013,35.852149318650504],[128.60878487953093,35.852299076532965],[128.608810099438,35.852408332318795],[128.6088108845338,35.852435765950936],[128.60881945813796,35.852735035536156],[128.6088203121784,35.85276487480237],[128.60883107591425,35.85314061727473],[128.608832113399,35.85317686946686],[128.60883503269292,35.85327875250495],[128.60882951412512,35.85354387558351],[128.60882819092367,35.853607429954835],[128.608811680453,35.85368744818992],[128.60880878075344,35.85370149245247],[128.60878071863382,35.85383749977095],[128.60874839348017,35.853994154348044],[128.60872117561678,35.85412137533857],[128.60869147081144,35.85426024041667],[128.60851429981864,35.85455188007739],[128.608497830086,35.85458044839746],[128.60831342566746,35.854900303093665],[128.60831015358679,35.85490598247149],[128.6083138230505,35.854905779126746],[128.60832566340696,35.85490510912618],[128.60828749451767,35.85495780687396],[128.608244103437,35.855017707584324],[128.60818154500475,35.85534634801911],[128.60812740107082,35.85563078290638],[128.6081236034375,35.85567485476673],[128.60811269011103,35.85580158442068],[128.60809307131433,35.85605661100693],[128.60809142350408,35.85607818256927],[128.6080364520753,35.85679842326556],[128.60801892961533,35.85702800550274],[128.60800024996558,35.85727813419352],[128.60798898892426,35.85742892430807],[128.60799114178704,35.85828319347284],[128.60799117509433,35.85829577266561],[128.60802504619008,35.85858515029432],[128.6080320534437,35.858644998089254],[128.60804875187364,35.858763688923204],[128.6080981427194,35.85911472004555],[128.60814479044618,35.85944623686941],[128.60817427829568,35.85958072497296],[128.60820950193227,35.85974137848382],[128.60822406911333,35.859807812749395],[128.60834789974857,35.86007775567191],[128.6084030819256,35.86020129157969],[128.60847300298946,35.86035782206608],[128.6085319511142,35.86048978612009],[128.60861643199766,35.860678905253835],[128.60866771451006,35.86079370751465],[128.60878193656853,35.86077385668366],[128.60903818421738,35.860729328910644],[128.60936426701124,35.86067266351763],[128.6093782012601,35.861111864140206],[128.6093794626149,35.861151670872296],[128.609512579428,35.861071342091925],[128.60954026085014,35.86105463743631],[128.6096281068073,35.86100162744003],[128.60981283948067,35.860890150428155],[128.6098815176957,35.86084870404722],[128.60993499239632,35.86081699972966],[128.60997964647768,35.86079052210062],[128.61005955267456,35.860740897489066],[128.61010095325776,35.86072327166075],[128.61021196764665,35.86067532308965]]]}},{"type":"Feature","properties":{"zoneId":"sgis-dong:22070570","label":"감삼동","district":"달서구","zoneKind":"locality","labelLon":128.5386427,"labelLat":35.8490129,"isCommercialCandidate":true,"candidateRank":9,"candidateTier":"review","centralCorridorOverlapRatio":0,"commercialPotentialScore":71.4,"businessCount":1318,"businessDensityScore":85.7,"businessDiversityScore":78.3,"transitScore":46.1,"retailMarketScore":71.3,"employmentPublicScore":66.5,"cultureTourismScore":39.5,"healthcareScore":80.3,"quality":"modelled-hybrid-evidence","boundaryMeaning":"SGIS 2025Q2 행정동 기반 상권후보 분석권역이며 공식 상권 경계가 아님","selectionMeaning":"대구 전역 상권 검토 우선 후보"},"geometry":{"type":"Polygon","coordinates":[[[128.54752407365723,35.85038494653181],[128.54747071063994,35.85014751649856],[128.54746176879618,35.85010771624284],[128.54745722157824,35.85008748770697],[128.54745563101383,35.850080388192005],[128.5473989711835,35.85010570323639],[128.54727967674572,35.85015900438313],[128.54725317869293,35.85017084215153],[128.5470817343791,35.84991659723198],[128.54689530843564,35.84964045905086],[128.54687197790065,35.84960590142347],[128.54686615940702,35.84959728443189],[128.5467324416433,35.849400006795676],[128.54665125030547,35.84928022294393],[128.54643777636858,35.84896505265698],[128.54638746405976,35.848890462217305],[128.54622871593395,35.84865511140132],[128.54622464009913,35.84864907121444],[128.54606470609986,35.84841222126321],[128.54590874334386,35.84818121925547],[128.54590455128752,35.84817501057348],[128.54570192601224,35.84787624226388],[128.54549974221632,35.847575220327776],[128.54539627108002,35.84742242190383],[128.54530619417784,35.84728940180028],[128.54530242932398,35.84728384301721],[128.54518220471192,35.847106565566044],[128.54514205612193,35.84704744364241],[128.5449862349677,35.84681525715309],[128.54498334701174,35.8468109520292],[128.5447967638661,35.84653453401938],[128.54461018424692,35.846258115666366],[128.54442891202314,35.845989447645856],[128.54443546294814,35.8459495854807],[128.5444787866928,35.845685995485944],[128.54448720409474,35.845634785256344],[128.54454184282517,35.845302344929195],[128.5445576742772,35.84520600705622],[128.5446027680244,35.84491777340983],[128.54462203577538,35.8447946190953],[128.54462684977213,35.84476383910636],[128.54468548496968,35.844389027992854],[128.54471589148676,35.84419466274508],[128.54476646015712,35.843871421202614],[128.544802336207,35.843642093245116],[128.54481916765965,35.84353449682598],[128.5448106425304,35.8435344925176],[128.54367570326934,35.84353394347563],[128.54306877146402,35.84353364551965],[128.54275389862426,35.84353348799751],[128.542209363293,35.84353321850008],[128.54177538994273,35.84353300048059],[128.54153114597395,35.843504811518066],[128.54149145818795,35.84350023204449],[128.54148101500274,35.843499025201055],[128.54146783490128,35.84349750398965],[128.54047011104808,35.84351062021087],[128.5402624156876,35.843513348906406],[128.53974952976958,35.84352008615743],[128.53955304934075,35.84352266789756],[128.53955005904695,35.84352270729149],[128.53896009283528,35.8435304551083],[128.53895343909699,35.84353054058856],[128.53857105538492,35.84353131824516],[128.53809688430576,35.84353327086982],[128.53807018991725,35.84353338067831],[128.5376467147293,35.84353512164499],[128.53705656474787,35.843537544235254],[128.5370516131903,35.84353756533275],[128.53705164180369,35.84353874253774],[128.5370566951689,35.8437498180315],[128.5366666803809,35.843540046669055],[128.5364439950303,35.84354471565576],[128.53610937985854,35.84354599844773],[128.5360560285015,35.84354620242771],[128.53579943947895,35.84354820268626],[128.53578236008448,35.843548339094326],[128.53575860219763,35.843548531264815],[128.53572146950557,35.843548826995985],[128.53570158671275,35.84354898485193],[128.53568176814755,35.843549143052535],[128.535462679915,35.84355088607396],[128.53518215849695,35.843553116491215],[128.53500483870587,35.843554526780636],[128.5345442349776,35.84355818682255],[128.5345381767128,35.84356106721206],[128.53449688589694,35.84358070190955],[128.53442771169296,35.84361419757914],[128.53436610455938,35.843665589174606],[128.5343594491898,35.84368311711578],[128.53435666414128,35.84369052135331],[128.53424163973452,35.84389091199168],[128.53421426584703,35.84391349214768],[128.53418325302528,35.84394005610589],[128.53417936422076,35.843943385720856],[128.53415688383404,35.84395413840592],[128.53413500866836,35.84396459917834],[128.53407108232403,35.84399517346642],[128.53406625499326,35.84399691897958],[128.534028524116,35.8440105202191],[128.53400650000393,35.84401735703165],[128.53394512805428,35.84403640972913],[128.53391766760555,35.844040899632176],[128.53389836846262,35.84404371991819],[128.53386824494174,35.84404812453565],[128.53384223490346,35.844051920353955],[128.53383020139884,35.84405367917438],[128.53375380811107,35.84406815751759],[128.5336279264549,35.84409086192676],[128.53346536861426,35.844109815569425],[128.53336886657027,35.844129930141925],[128.53334577128308,35.844137425177465],[128.53317067582788,35.844194243152124],[128.53307963344818,35.84422996002526],[128.53301701918073,35.844257758257264],[128.5329758715932,35.844276028028276],[128.53295463435916,35.84429266517807],[128.53283364285153,35.84435446393463],[128.53277081130003,35.844385502351365],[128.5326422050499,35.8444587009214],[128.53254798230026,35.8444851351001],[128.53254805350315,35.84449139680327],[128.5324995918387,35.84449736060548],[128.53248101437828,35.844499744413966],[128.5324820997323,35.84450796012385],[128.5324873398916,35.844547626612524],[128.53252400357437,35.844679397183846],[128.53252605043224,35.84469584048536],[128.5325356560464,35.844750400381166],[128.53254542367156,35.84481404041176],[128.53255379575566,35.84485014852667],[128.53255196725948,35.84474599488086],[128.53256785057968,35.844840470190135],[128.5325718074295,35.844853229484634],[128.53257415354588,35.844865593307425],[128.53257966506013,35.84489475234799],[128.53260358640904,35.84503953387222],[128.53260685044313,35.84506069094479],[128.532607836207,35.8450639560788],[128.53261784413164,35.84509709568005],[128.53261747831323,35.84510201869852],[128.53261593962256,35.84512272658977],[128.53261562538762,35.845140511882796],[128.532619071126,35.84516560545655],[128.53262612257973,35.84521702818441],[128.53262603305876,35.84523275776659],[128.53262352994585,35.845257228088556],[128.53262514513872,35.84531468216466],[128.53263409326885,35.845455347752534],[128.53263716748083,35.84548645980068],[128.53264296730094,35.84556868554557],[128.53266213307535,35.84566922814079],[128.53266701785356,35.84569188952601],[128.53266572265028,35.84572232417833],[128.53266528040018,35.84573271137492],[128.5326744825031,35.845834706377836],[128.53268687557448,35.84592018782256],[128.53269370513144,35.8459481661862],[128.53270582236956,35.84600878286168],[128.53272278715423,35.846082949958166],[128.5327441019425,35.84618575503467],[128.5327609794116,35.84623183172011],[128.53277867616717,35.84628899789809],[128.53279621049975,35.846335941652356],[128.5328061407641,35.84636025461398],[128.53281339416333,35.84638607096378],[128.53284294596693,35.84646047244009],[128.5328634517257,35.846509237058115],[128.53286482396103,35.84651250067003],[128.53286793965475,35.84651998758066],[128.5328675099283,35.846546367638275],[128.53286741946866,35.84655160293758],[128.53286729855964,35.84655816200497],[128.53286710811665,35.84656081065474],[128.5328305838324,35.84655903297094],[128.53278385926382,35.84656489631466],[128.5327491009887,35.846571814406374],[128.53271797708268,35.846576860243005],[128.53268749515493,35.846580176750116],[128.53263805651028,35.8465884344957],[128.53260359854175,35.846593577475765],[128.53258903636106,35.846595747384306],[128.53258636727116,35.846596143572334],[128.53255461203176,35.846600837770154],[128.53254735999087,35.84660211360512],[128.5325272942039,35.846605640783864],[128.5324762755618,35.846612206267885],[128.532379729822,35.84662834811681],[128.53232597148994,35.84663644360207],[128.53171769957493,35.846746059219164],[128.53159248454457,35.84676862326868],[128.53147851152548,35.84678916131852],[128.53139920413935,35.84677303862851],[128.53124798766152,35.846740540263866],[128.53112838642687,35.84672792592702],[128.53111353884736,35.8467263601921],[128.5310157844164,35.84673179704774],[128.5308390621687,35.84672124128173],[128.53083911940334,35.84672189893771],[128.53083947650794,35.846746667445316],[128.5308460327909,35.847202415844805],[128.53086037388059,35.84819912841106],[128.53086071519164,35.84822293146554],[128.53084408297894,35.84851059957834],[128.53081249509253,35.84906080180799],[128.5308667214925,35.8491147373616],[128.5308666106261,35.84911943279241],[128.53086590995687,35.84914974150299],[128.5308658080822,35.8491540194293],[128.5308241175804,35.84922982056545],[128.53081062396942,35.84925435808313],[128.53079647248248,35.84928008680897],[128.5311388796253,35.84933546056172],[128.53114620809274,35.84933664544267],[128.53115607784756,35.84933824667695],[128.53128810447944,35.84935966903254],[128.53129714869047,35.84936114210537],[128.53129913056813,35.849361458675475],[128.5313079305763,35.849362886961906],[128.53180160137825,35.849442999532776],[128.53180861920197,35.849444138355956],[128.53208063432703,35.84948827626456],[128.5320833820638,35.84948872869125],[128.53212702931594,35.849495809748916],[128.53212956493624,35.849496215311845],[128.5321486520756,35.849499316836045],[128.53215109678416,35.84949971416379],[128.5323089447543,35.84952532405697],[128.5323160191788,35.84952647137978],[128.5323177003898,35.84952674363462],[128.5323548326458,35.849532775258986],[128.5323616951179,35.84953388833742],[128.53245199479238,35.84954853469947],[128.53245884619452,35.84954964786743],[128.53249202559465,35.84955503273019],[128.5327647328871,35.84959928845307],[128.53277472033037,35.849600908376694],[128.53278181806687,35.84960205907788],[128.53291862178818,35.84962425719697],[128.53292556411486,35.84962537857225],[128.53324706401037,35.84967755234712],[128.53328557680166,35.849683800809416],[128.53329079019173,35.84968464131699],[128.5334101693436,35.849704009933546],[128.53343562077248,35.849708140201166],[128.5334414236178,35.849709091033226],[128.53344411131982,35.849709524110445],[128.533476098848,35.84971188696991],[128.53349246944373,35.84971309310376],[128.5337011508621,35.84972849448023],[128.5337072473671,35.84972894871229],[128.533953414309,35.84974711862579],[128.53413076568765,35.84976020946663],[128.5342438826426,35.84976855896285],[128.53438343498019,35.84977886076921],[128.53444819819572,35.8497836404994],[128.53445520581298,35.84978415897478],[128.53446259913164,35.84978470297919],[128.53447003009725,35.84978524665904],[128.53491589204106,35.84981816228691],[128.53491929046348,35.849818407092016],[128.53493209748282,35.84981935341846],[128.5349750798172,35.84982252995539],[128.53497910793726,35.84982282883825],[128.53498627069433,35.849823354961885],[128.53499039184777,35.849823654846105],[128.53507649830416,35.84983001024756],[128.53508793529963,35.849830856565134],[128.5351024703465,35.8498319268284],[128.53511064190747,35.849832536213896],[128.53513573050358,35.84983438646973],[128.53514575968543,35.84983512229697],[128.53522047804918,35.849840643483624],[128.53522922368845,35.84984128758387],[128.53526747403785,35.84984411170241],[128.53527282113623,35.84984450198955],[128.53528469931746,35.84984538235286],[128.53529039117254,35.849845800321994],[128.5363137304058,35.849921318352735],[128.53631927827962,35.8499217339086],[128.53674140841386,35.849952882012815],[128.5367751718272,35.84995537291968],[128.53682072694647,35.849958733955525],[128.53686370927437,35.84999175359292],[128.5372118080661,35.85012537844981],[128.5372214384401,35.85012907469618],[128.53742944075714,35.85020892869172],[128.53886993909788,35.85076192880376],[128.53945580749533,35.85098683500978],[128.54004596523217,35.85121338262123],[128.54102012506124,35.85158733146193],[128.54107984496375,35.8516102548153],[128.5410782276467,35.85161411312209],[128.54106390951895,35.85164821734559],[128.54108369074902,35.851656147447095],[128.5411584753289,35.85168614015872],[128.54115944497127,35.85168652934832],[128.54132911385196,35.85175456364102],[128.54140459877465,35.85178483141723],[128.54141491627124,35.85178896133337],[128.54243932542698,35.85219972392016],[128.54247489076343,35.85221398469898],[128.54271955895902,35.8523120818036],[128.5427295004128,35.852316068814694],[128.5428845691974,35.8523782429747],[128.5428929799337,35.85238161666812],[128.5431584028097,35.852488043526385],[128.54407630105263,35.85285607352508],[128.54409553293593,35.852863784308894],[128.54435092389875,35.85296618812796],[128.54437483155246,35.852975768647944],[128.54437838625955,35.852977193782564],[128.5446434701732,35.85308348142174],[128.54576969402686,35.85353501488611],[128.54577146304686,35.853535723448005],[128.54586704739202,35.85357404205152],[128.54601271473823,35.85363244155654],[128.54602326892376,35.8536366808056],[128.54611691067507,35.85367421101958],[128.54662302517207,35.85387711890036],[128.54663033067456,35.85388004666455],[128.54723546579544,35.85412265086015],[128.5474866429308,35.85422334913583],[128.54805115592805,35.854449669387286],[128.54808699667106,35.85431853372447],[128.54809095243118,35.854304059693725],[128.54818199417159,35.85409111193389],[128.54818281501517,35.85408919434872],[128.54832567183803,35.85375525288504],[128.54840498407165,35.85356985194398],[128.54855393929338,35.85322165006094],[128.54873858747968,35.85279001089198],[128.54884910427654,35.852531660000054],[128.54888460005475,35.85245117091057],[128.54889955317836,35.85241726129114],[128.54881333960077,35.85228988656719],[128.5484362778796,35.851732774012376],[128.54771360477224,35.85066499374732],[128.54752407365723,35.85038494653181]]]}},{"type":"Feature","properties":{"zoneId":"sgis-dong:22070700","label":"송현2동","district":"달서구","zoneKind":"locality","labelLon":128.5473353,"labelLat":35.8301346,"isCommercialCandidate":true,"candidateRank":10,"candidateTier":"review","centralCorridorOverlapRatio":0,"commercialPotentialScore":71.3,"businessCount":1011,"businessDensityScore":80.9,"businessDiversityScore":78.2,"transitScore":77.3,"retailMarketScore":56.3,"employmentPublicScore":55.1,"cultureTourismScore":33.5,"healthcareScore":76.1,"quality":"modelled-hybrid-evidence","boundaryMeaning":"SGIS 2025Q2 행정동 기반 상권후보 분석권역이며 공식 상권 경계가 아님","selectionMeaning":"대구 전역 상권 검토 우선 후보"},"geometry":{"type":"Polygon","coordinates":[[[128.55772864824803,35.83764595265243],[128.55768633531403,35.83761519928373],[128.55767419187927,35.837623408578025],[128.55760280575456,35.83762092826316],[128.55753189469857,35.837558642577584],[128.55746691884997,35.83750640130334],[128.55742015431824,35.83748418160669],[128.55740129251407,35.83747521918329],[128.55734439889312,35.83743812071838],[128.55734180842225,35.837435814756006],[128.5572445836796,35.837349321561774],[128.55726344156992,35.83733554734591],[128.55726688810466,35.83733302868858],[128.55729381848874,35.837326585334914],[128.55727937510432,35.837312662344374],[128.55725354335564,35.83732288172207],[128.55722863900027,35.83733273411018],[128.5571229756873,35.837224734169425],[128.55697569048104,35.8370188236701],[128.5569536660779,35.83699487694539],[128.5568211061427,35.83684996679668],[128.55679426791082,35.836821109149284],[128.5567582367271,35.83676429440316],[128.55657657432315,35.836477854497836],[128.55653216569416,35.83641129974245],[128.55652630591638,35.83639239123636],[128.5565205295557,35.83637376148331],[128.5564900791909,35.8363376670606],[128.55642026609354,35.83625490719092],[128.55635242056516,35.83617448127813],[128.55630466225355,35.836100600866125],[128.55620983833717,35.835898999314054],[128.55608936107726,35.83570773063676],[128.55606789360868,35.83567421408299],[128.5559884343884,35.83555016383948],[128.55589333544017,35.83534875014822],[128.5558314070909,35.83521962497808],[128.55568953108573,35.83492380389824],[128.5556686213853,35.834880210919515],[128.5556395836605,35.834822806951685],[128.55559671939747,35.83473605208372],[128.55557802854653,35.834698224074266],[128.55556037126718,35.83464322107583],[128.55553090974945,35.83450867699657],[128.55550947320128,35.834421283092034],[128.55549996886313,35.83441097146063],[128.5554956804694,35.83440760299232],[128.55543484441333,35.83444819049955],[128.55542424833547,35.83445525991656],[128.55541031337742,35.83444371417267],[128.5547043298945,35.83385878485125],[128.55469309443916,35.83385008593072],[128.55465154861864,35.83381790744623],[128.55464337485535,35.83381157982965],[128.55452913980068,35.8337231086075],[128.55452387108787,35.83371902835072],[128.55451821310896,35.83371464768013],[128.55441796439288,35.833637004098485],[128.55440297598523,35.83362539535136],[128.55303393105012,35.83256506997177],[128.55301863657863,35.83255322571373],[128.55298674670806,35.83252852801192],[128.55293740384843,35.83246905454632],[128.55293118675147,35.83246155926082],[128.55284521923383,35.832357966391186],[128.55277890428823,35.832278055067995],[128.552768623581,35.832265665580344],[128.55226692691244,35.83166111838217],[128.5520804603251,35.83143642044484],[128.55207426023364,35.83142894299499],[128.55207053657477,35.83142455248367],[128.55193035762852,35.83125897803336],[128.55191723283951,35.8312434740914],[128.55191137110026,35.8312365490391],[128.55134687847098,35.83056979984387],[128.5512720225636,35.830481382102136],[128.5512664061131,35.83047474698013],[128.55118028160157,35.83037302228107],[128.55112167172499,35.83029735661569],[128.55111115668228,35.830283780756055],[128.5509361681567,35.830057880631195],[128.55093025260024,35.83005021941472],[128.55092146660328,35.83003888595312],[128.5509155460259,35.83003126354736],[128.5507785149675,35.829871056057],[128.55076435836907,35.82985451067238],[128.55076299669904,35.82985292048478],[128.5507595075865,35.82984884252838],[128.5501753652448,35.82916590480694],[128.55000974462067,35.828972277008546],[128.54999283229876,35.82895250092964],[128.54984592154435,35.82878074474841],[128.54984572801186,35.828780508424],[128.5498414089842,35.82877536121221],[128.54983241532383,35.82876462902578],[128.54968424858455,35.8285878185753],[128.54967628188683,35.828578312560566],[128.5495539844138,35.82843238744158],[128.54952935220487,35.828402995827446],[128.5493687412297,35.82821131942775],[128.5493012530967,35.82816756305603],[128.5491975482051,35.82804695635723],[128.54917566045143,35.82802149860944],[128.54889929480532,35.82770007880305],[128.54889402419218,35.82769395083556],[128.54858624058568,35.8273359734355],[128.5485573692845,35.827302395632024],[128.54830793703746,35.827012295337106],[128.5481392169995,35.82681606557423],[128.54798487248027,35.826636553387814],[128.54797263049457,35.82662231521509],[128.54781136691565,35.82643474897318],[128.54779144641267,35.826411581833945],[128.54755838636075,35.82614050910116],[128.54742173092896,35.825981567319566],[128.5473977690235,35.82595369846988],[128.54704754844863,35.825546352384016],[128.5470303602301,35.82552636098991],[128.54700395008985,35.82549564728607],[128.5464624105439,35.82486576010773],[128.5464457251493,35.824846353876026],[128.54621943306168,35.8245831461055],[128.54620749523764,35.82456926031515],[128.546188720097,35.82454742356451],[128.54579640128688,35.824091093381384],[128.54559929922354,35.82387803012318],[128.54544566722225,35.82371195706726],[128.5454446184631,35.82371082840448],[128.54542311750038,35.82368758354012],[128.5453539983822,35.82361286550748],[128.54533627270186,35.82362341121371],[128.5452276352377,35.82356219076979],[128.54499187844422,35.823429814459494],[128.544955828559,35.82341335502768],[128.54492697604374,35.8233953400043],[128.5449083250589,35.82338081552806],[128.5448480945614,35.82331189817482],[128.54483244794562,35.823278277487574],[128.5447810288781,35.82319284781389],[128.54473565955928,35.8231130634724],[128.5446434287192,35.82298507178895],[128.54463346068337,35.82297895019388],[128.5446085770471,35.82297166538153],[128.5445773314955,35.82295416332913],[128.5445572970875,35.82294404508868],[128.5445597209479,35.82292254854297],[128.54455701829832,35.822898436910364],[128.5445419161449,35.822868841482844],[128.5445041990954,35.82278696019734],[128.5444548290457,35.822717021431984],[128.54443513102194,35.82271246295546],[128.54441000242576,35.822706583077895],[128.54438636273596,35.822703321048536],[128.54440609304334,35.82267384124641],[128.54441192012072,35.82266622099904],[128.5444278244169,35.82265176760815],[128.5444246638205,35.82264255033879],[128.54442169751337,35.82262323646231],[128.5444005076,35.822485280601526],[128.54434738634973,35.82252072775972],[128.54434453087563,35.82252263235252],[128.54433230146014,35.822530803191725],[128.54301377120152,35.823411877402165],[128.5430002323021,35.823420924079876],[128.54297890938946,35.82343517276709],[128.54218227506684,35.823967487920875],[128.54181400138438,35.824213566521806],[128.54151902303397,35.82441066828337],[128.54132300736077,35.82454165242556],[128.54129483353867,35.82456047795926],[128.54120539971885,35.824620231924364],[128.5410809285235,35.8247034110876],[128.5409668467331,35.82478617647191],[128.54027587411088,35.82528746392529],[128.54025241545835,35.82530448312242],[128.54030835908333,35.825313667364775],[128.540363981269,35.82532265060788],[128.54053268821,35.825349461634275],[128.5405305532152,35.825339916227236],[128.5405093462233,35.82524523446619],[128.5406382015515,35.825362087903194],[128.5407175977873,35.825434087063805],[128.54084739555122,35.82549962717015],[128.54089441856564,35.8255233748755],[128.54089960169003,35.82552286116698],[128.54099711490917,35.82551321000751],[128.54102267884323,35.8254721851685],[128.54109685777465,35.8254520307631],[128.54113030685966,35.8254429398455],[128.5412429550035,35.82541918479115],[128.54128146048208,35.82539462770976],[128.54136337614582,35.825411823207865],[128.5413667381641,35.82541054629925],[128.54148940358385,35.82543159355538],[128.54163415882158,35.82545618174911],[128.54161433635397,35.82554210759966],[128.541602592455,35.82559299681112],[128.54155841474233,35.8256456177408],[128.5415564176831,35.82565307753595],[128.5415549561552,35.825682882692874],[128.5415538003367,35.82570643098608],[128.54156272568093,35.82571458860638],[128.54160412973627,35.82575240599479],[128.54177102832114,35.82590486157385],[128.54215886834336,35.826259136949766],[128.54223458757616,35.826328301764576],[128.5422450336249,35.826372824622005],[128.54225597199206,35.826419438464626],[128.5423597161527,35.82686146897445],[128.54237080928866,35.82690873239528],[128.5424702222128,35.82732921667288],[128.54248253422907,35.82738129382317],[128.5425384528615,35.82761780795164],[128.5426121615565,35.827929565349564],[128.54263573368735,35.82803079771854],[128.54266436711524,35.828153752843775],[128.54267608401085,35.82820406984876],[128.54269044157505,35.828265746298776],[128.54275527452648,35.82854413582846],[128.54276068025132,35.82856908412929],[128.54279363384168,35.828702607827324],[128.54280240651374,35.82873992984716],[128.5428142600687,35.82879035473706],[128.54290052352172,35.8291572927891],[128.542975763502,35.82917840380538],[128.54328020278393,35.829129254610194],[128.54328277550357,35.82916730028066],[128.54328407454133,35.829186530367444],[128.54328502220133,35.82920056864283],[128.54333488099329,35.829198675255384],[128.54342114301338,35.82919032968788],[128.543422292296,35.82920809691905],[128.54342306499072,35.82927692708482],[128.5434244839596,35.829403915695],[128.54342529140834,35.82947624546168],[128.54343626773397,35.829610062542734],[128.54345474778177,35.82969312264877],[128.54349044156552,35.82982728768698],[128.54349359754406,35.82983850469683],[128.5434994360674,35.82985927852408],[128.5435111736139,35.82990104924214],[128.54352346417565,35.829901346426354],[128.54356176311936,35.82990166119353],[128.5437741612304,35.829903496870614],[128.54374677083763,35.829927799533394],[128.54372903156434,35.82996794735471],[128.5436756963857,35.83005492004085],[128.5436743487508,35.830211384323476],[128.54367431048942,35.83021581768765],[128.5436740235717,35.83024911344781],[128.543671287293,35.83024881354633],[128.54365867464048,35.8303056770664],[128.54365784600384,35.83030944201658],[128.54366882405316,35.830367093297006],[128.54367058840467,35.830376363269366],[128.54367535495246,35.83039034493248],[128.54374227107638,35.83058663294247],[128.54377277960998,35.830676132125966],[128.54378702965582,35.830717916148885],[128.54379427841138,35.831019384972066],[128.54379914321802,35.831222347958494],[128.54380454296387,35.831447722985004],[128.54380893819084,35.83163114214543],[128.54381101480502,35.83172130477494],[128.54381102737727,35.83172184200279],[128.54381482405603,35.831886777811945],[128.54381564029356,35.83191105817638],[128.54382599167306,35.832219549381875],[128.54382659920003,35.83225883101389],[128.54388000669775,35.83225825441246],[128.54390823541783,35.83225816878258],[128.54414321663413,35.832254852543],[128.5442154739937,35.83225383162407],[128.54445128602094,35.8322502992999],[128.54450976507292,35.832295402471864],[128.54451169392814,35.832386645539124],[128.54451221327966,35.83242204576091],[128.54451586667165,35.83261529573158],[128.54451783892367,35.83271086145466],[128.54452209464665,35.832926241576644],[128.54452375424634,35.833020420689756],[128.5445267634186,35.83315370367301],[128.54452943054525,35.8332958592911],[128.54453019586344,35.83333921103732],[128.54453031595486,35.83334600784599],[128.5445314040097,35.83340823750619],[128.54453460071088,35.83356967584319],[128.54453500655853,35.833591515599856],[128.54453943887694,35.83375700837955],[128.54454244899497,35.833937149633904],[128.54466211434908,35.83393460741939],[128.54466478075094,35.833934549980505],[128.54471837685512,35.83393341148184],[128.5458613406658,35.833909118464774],[128.54607184866765,35.83390464371913],[128.5464635772478,35.83389631600226],[128.5465148068177,35.833895226160664],[128.5466964920207,35.83389117532288],[128.5473557011193,35.83387647471215],[128.5476621787405,35.83386963887151],[128.54872924425067,35.83384583057941],[128.54872930641017,35.83384937591763],[128.54873741727806,35.83431044991897],[128.54874047252537,35.83448412541308],[128.54874502461757,35.834742927730936],[128.54875056915242,35.835058119170114],[128.54875108725196,35.83508755726287],[128.54875467226168,35.8353986347856],[128.54875685123065,35.83558774017328],[128.5487608883344,35.83593803748088],[128.54876243489733,35.83607236169472],[128.54876257763507,35.83608270147024],[128.54876871861669,35.83652839546096],[128.54876959699897,35.83659218476857],[128.54877530213005,35.837006185091504],[128.5487764827372,35.837151393536075],[128.54877683080818,35.837181621977166],[128.54990888033313,35.83715816701431],[128.55079113284475,35.83713988098446],[128.55154443830375,35.837124262208995],[128.55281557918826,35.83709716447082],[128.5534839159994,35.83708291264385],[128.55365417719838,35.83707928045386],[128.55383348282245,35.837075456911464],[128.55387134851958,35.83707464880589],[128.55387623249968,35.83707448876908],[128.55406039053776,35.837068455858216],[128.55413302266078,35.83706925223518],[128.5552982621578,35.83725259476444],[128.55547478125058,35.83728036713692],[128.55595023116288,35.83735517131022],[128.55714469243654,35.837543091317656],[128.55725860318293,35.8375610104102],[128.5572734584935,35.837578270997106],[128.5574906324524,35.83762622947434],[128.55750935493646,35.83763036429955],[128.55779294562026,35.83769268665291],[128.55775517616516,35.83766523363134],[128.55773690692246,35.837651955638904],[128.55773094574346,35.837647622873426],[128.55772864824803,35.83764595265243]]]}},{"type":"Feature","properties":{"zoneId":"dongseongro","label":"동성로","district":"중구","zoneKind":"commercial_corridor","labelLon":128.5961249,"labelLat":35.8710145,"memberCellIds":["hex-dongseongro-01","hex-dongseongro-02"],"isCommercialCandidate":true,"candidateRank":1,"candidateTier":"precise-corridor","centralCorridorOverlapRatio":1,"commercialPotentialScore":89.2,"businessCount":2280,"businessDensityScore":95,"businessDiversityScore":72.1,"transitScore":89,"retailMarketScore":93.8,"employmentPublicScore":92,"cultureTourismScore":93.2,"healthcareScore":91.4,"quality":"modelled-map-derived","boundaryMeaning":"실제 지도 도로/시장 geometry 기반 분석권역이며 공식 상권 경계가 아님","selectionMeaning":"기존 중앙도심 정밀 상권분석 권역"},"geometry":{"type":"Polygon","coordinates":[[[128.5932569977628,35.86882044868742],[128.59332531510353,35.869296661336776],[128.5933352889979,35.86950307303255],[128.59333533435333,35.869507743866016],[128.59330852676706,35.869645083424906],[128.59329146298955,35.869772623589206],[128.59328984017588,35.86990091095554],[128.5933036740291,35.87002871004757],[128.5933328313951,35.87015479008541],[128.59337703154202,35.87027793683896],[128.59343584886145,35.870396964321955],[128.59350871696458,35.87051072621432],[128.59359493413487,35.87061812690261],[128.5936936700843,35.87071813203227],[128.59380397394827,35.870809778470125],[128.59392478344245,35.87089218358101],[128.59405493509294,35.8709645537291],[128.5940686536297,35.87097067052061],[128.59406526079832,35.871079665303455],[128.5940665599006,35.87112416531479],[128.5940686891927,35.87116721524097],[128.59410577850363,35.871698915660424],[128.59411683121982,35.87179479315042],[128.59421792076924,35.872422211202625],[128.5942228895501,35.87320868845907],[128.59417700013702,35.873621096908145],[128.59417641260774,35.87362650185424],[128.59415801199708,35.87379987477789],[128.59414871310014,35.87388744781213],[128.59411637376806,35.87419286092354],[128.5941117143725,35.87425308262967],[128.59409070573273,35.87468238229677],[128.59408279303906,35.87484467525151],[128.59408427897247,35.87497296361734],[128.5941012077313,35.87510051569616],[128.59413341635528,35.87522610308584],[128.59418059472623,35.875348516299624],[128.59424228855215,35.87546657641465],[128.59431790373992,35.87557914642627],[128.59440671211456,35.875685142198805],[128.59450785843077,35.87578354290736],[128.59462036860782,35.87587340086995],[128.59474315911052,35.87595385067536],[128.5948750473838,35.876024117518654],[128.59501476324226,35.87608352466412],[128.59516096110372,35.876131499963634],[128.59531223294962,35.87616758136773],[128.595467121887,35.87619142137622],[128.59562413618158,35.876202790385406],[128.59578176362666,35.87620157889977],[128.59593848610922,35.87618779858665],[128.59609279423324,35.87616158216394],[128.59624320185858,35.876123182121624],[128.59638826041612,35.876072968289805],[128.59652657286057,35.87601142427636],[128.59665680712672,35.87593914280868],[128.59677770895965,35.8758568200245],[128.59688811399494,35.875765248766584],[128.59698695897254,35.87566531094617],[128.59707329197659,35.875557969048366],[128.59714628160236,35.87544425686196],[128.59720522496193,35.87532526952229],[128.59724955445176,35.87520215296359],[128.59726843253333,35.87512090095204],[128.5973761600125,35.87511408133406],[128.5975325285378,35.87509786824465],[128.5976861914397,35.87506925882492],[128.59783566879304,35.8750285286118],[128.5979795209894,35.87497606987711],[128.59811636260346,35.87491238784914],[128.59824487573738,35.87483809584623],[128.5983638227143,35.874753909369005],[128.59847205799898,35.874660639208855],[128.59856853923006,35.87455918363827],[128.59865233725864,35.87445051975897],[128.5987226450958,35.87433569409065],[128.598778785683,35.874215812491414],[128.5988202184109,35.874092029506876],[128.5988465443236,35.87396553725045],[128.5988575099583,35.87383755392197],[128.5988530097836,35.873709312075526],[128.59883308721308,35.87358204674893],[128.5987979341842,35.873456983569845],[128.59874788930725,35.87333532695246],[128.59868343460153,35.87321824849887],[128.59860519085112,35.873106875716594],[128.59851391162437,35.873002281160865],[128.5984104760152,35.872905472106346],[128.59829588017607,35.872817380847614],[128.5981712277238,35.87273885572173],[128.59803771911163,35.87267065293953],[128.59789664006854,35.872613429303954],[128.59774934921847,35.872567735885696],[128.5975972649977,35.87253401271712],[128.59744185199642,35.87251258455517],[128.59743097474728,35.87251196706084],[128.59742979708605,35.872326745532774],[128.59741617614648,35.87216348428403],[128.5973096611834,35.871502558466474],[128.59729462947107,35.87128719371281],[128.59730477583935,35.87127353818087],[128.59738574912072,35.87126997308883],[128.59754155126745,35.87125051986197],[128.59769426040586,35.87121873048291],[128.5978424057978,35.87117491111467],[128.59798456066468,35.87111948378057],[128.5981193559303,35.87105298229911],[128.59824549340755,35.870976047142264],[128.59836175830213,35.870889419266184],[128.59846703091245,35.870793932974415],[128.59856029741306,35.87069050788197],[128.5986406596184,35.87058014005766],[128.59870734363182,35.87046389243048],[128.59875970729706,35.8703428845518],[128.59879724638114,35.870218281812825],[128.5988195994279,35.87009128422026],[128.59882655123664,35.8699631148392],[128.5988180349317,35.869835008014],[128.59879413260393,35.86970819748063],[128.59875507451696,35.86958390448535],[128.5987012368872,35.86946332602371],[128.59863313825787,35.86934762331338],[128.59855143450318,35.869237910611695],[128.59845691250985,35.86913524448565],[128.5983504825979,35.86904061363761],[128.59823316975266,35.868954929384614],[128.5981061037535,35.868879016883085],[128.59797050829374,35.868813607183206],[128.5978276891965,35.86875933018973],[128.5976790218404,35.86871670859651],[128.5975259379157,35.868686152853684],[128.59736991163854,35.86866795721548],[128.59721244555593,35.868662296907004],[128.59682743525835,35.86866384831411],[128.59680806490493,35.86863145660414],[128.5967933728195,35.86860751395441],[128.59672917145346,35.868505514699486],[128.59663692394645,35.868377443870976],[128.5966075729079,35.8683415364368],[128.5963741345041,35.86802981336755],[128.59635043439383,35.86799320922147],[128.59629527194568,35.86790732547917],[128.59642309837514,35.86779561491941],[128.5965247345221,35.86769755594858],[128.5966140727244,35.86759186036403],[128.5966902526324,35.86747954610014],[128.5967525406311,35.86736169483023],[128.59680033690384,35.8672394415485],[128.59683318120673,35.86711396363854],[128.59685075729902,35.86698646953387],[128.59685289598582,35.866858187079494],[128.59683957674477,35.86673035170686],[128.59681092792098,35.86660419453593],[128.59676722548804,35.866480930519],[128.59670889038756,35.86636174674039],[128.59663648447292,35.86624779098482],[128.5965507050962,35.866140160684424],[128.5964523783906,35.86603989235068],[128.5963424513131,35.86594795159342],[128.5962219825241,35.8658652238225],[128.59616989381564,35.86583605341058],[128.5955861845847,35.86618539626465],[128.59497177892487,35.866634912692],[128.59441445484026,35.86713128102858],[128.59391957983374,35.86766972179523],[128.5934919203838,35.86824505030478],[128.59320318191934,35.8687366559181],[128.5932569977628,35.86882044868742]]]}},{"type":"Feature","properties":{"zoneId":"gyodong","label":"교동","district":"중구","zoneKind":"commercial_corridor","labelLon":128.5966442,"labelLat":35.8725903,"memberCellIds":["hex-gyodong-01","hex-gyodong-02"],"isCommercialCandidate":true,"candidateRank":2,"candidateTier":"precise-corridor","centralCorridorOverlapRatio":1,"commercialPotentialScore":87.3,"businessCount":1345,"businessDensityScore":94.4,"businessDiversityScore":70,"transitScore":82.4,"retailMarketScore":93.2,"employmentPublicScore":92,"cultureTourismScore":93.2,"healthcareScore":86.6,"quality":"modelled-map-derived","boundaryMeaning":"실제 지도 도로/시장 geometry 기반 분석권역이며 공식 상권 경계가 아님","selectionMeaning":"기존 중앙도심 정밀 상권분석 권역"},"geometry":{"type":"Polygon","coordinates":[[[128.58878061058226,35.873263070499206],[128.58886974976235,35.873262528294745],[128.58895839440342,35.87325487744597],[128.5890456907858,35.87324019163659],[128.58913079817563,35.87321861230264],[128.5892128969225,35.8731903472702],[128.5892911963539,35.87315566875371],[128.5893649423904,35.873114910734216],[128.5894334248084,35.87306846574258],[128.58949598408023,35.873016781078796],[128.58955201772613,35.872960354504045],[128.58960098611627,35.87289972944644],[128.5896424176675,35.872835489767276],[128.58967591338475,35.87276825413774],[128.5897011507029,35.87269867008048],[128.5897178865927,35.872627407733354],[128.58972990025018,35.87255791082932],[128.58980700680135,35.87253600169057],[128.58988788144237,35.872505489526525],[128.589964692072,35.872468672299306],[128.59003669895012,35.87242590458723],[128.5901032086038,35.87237759827581],[128.59030010866417,35.87221979724532],[128.59032904804704,35.872194155802404],[128.59081809489777,35.87225611415798],[128.59082002902724,35.872256357456],[128.59286317624515,35.87251151691315],[128.5930565448261,35.872545661200384],[128.59305937273723,35.87286995058701],[128.59306217005448,35.87318455361775],[128.59306718823143,35.87325699108556],[128.59308090581902,35.8733286794138],[128.59310319073208,35.87339892820196],[128.5931338283757,35.87346706091127],[128.5931725237109,35.87353242138045],[128.5932189040955,35.87359438014507],[128.59327252287204,35.87365234049995],[128.59333286366925,35.87370574424602],[128.5933993453744,35.87375407706647],[128.59347132772987,35.873796873480316],[128.59354811749913,35.87383372132554],[128.5936289751434,35.873864265728805],[128.59371312194406,35.87388821252339],[128.593799747503,35.87390533108251],[128.59388801754758,35.87391545654054],[128.5939770819662,35.87391849138099],[128.5940660829961,35.87391440637576],[128.594154163485,35.87390324086657],[128.59418990631326,35.87389572948471],[128.5942300847301,35.873907597427454],[128.59431645671108,35.87392554477906],[128.5944045742124,35.87393651527006],[128.5945106751809,35.87394541535752],[128.59455433390158,35.87394821378814],[128.59578004522865,35.8740026143595],[128.59578038824114,35.87400261586255],[128.59578072944757,35.87400264451291],[128.59580719032925,35.874003802490115],[128.59583335133846,35.87407050966379],[128.59586459173056,35.87413846090839],[128.59590386512903,35.874203592722715],[128.59595079332422,35.8742652778443],[128.59600492438278,35.87432292220324],[128.5960657369995,35.87437597064362],[128.59613264551734,35.874423912270466],[128.59620500556804,35.87446628537014],[128.59628212027724,35.87450268185748],[128.5963632469765,35.874532751205976],[128.5964476043559,35.87455620382407],[128.59653437998895,35.87457281384427],[128.5966227381577,35.87458242129857],[128.59671182790171,35.874584933659314],[128.59680079121432,35.874580326730225],[128.59688877130648,35.87456864487964],[128.59697492085925,35.874550000613084],[128.59704202291354,35.87452956432708],[128.59705607550094,35.87453268090521],[128.59714396571752,35.87454480244175],[128.59723289254066,35.87454985410646],[128.59732199953277,35.874547787247586],[128.597938405215,35.874508786927635],[128.5980268340933,35.874499620996005],[128.59811373327156,35.8744834447244],[128.5981982658416,35.87446041390321],[128.5982796176894,35.87443075033746],[128.59835700533625,35.874394739710525],[128.5984296834845,35.874352728832626],[128.59849695219592,35.87430512230045],[128.59855816363242,35.87425237860036],[128.5986127282957,35.87419500569263],[128.59866012070395,35.87413355611896],[128.59869988445254,35.87406862168106],[128.59872466675156,35.87401570907479],[128.59887215283513,35.87400253296339],[128.59949347962217,35.87399029464677],[128.59958827736833,35.873984376248686],[128.59968179574795,35.87397042560409],[128.60016496023,35.87387684093052],[128.60023019064096,35.87352874471124],[128.6002602362708,35.873069305633486],[128.60023480759804,35.87260968192008],[128.60019100204607,35.87236236086586],[128.60013563569333,35.87236626292458],[128.6000480086332,35.872379576576286],[128.5993540815472,35.87251398535386],[128.5987895268484,35.87252510518102],[128.5987123892708,35.87252930281619],[128.59846915759476,35.872551032657206],[128.5985932363862,35.872526631508606],[128.59860953806265,35.87252329540704],[128.59925324347725,35.872386394227405],[128.59925536859873,35.872385940021495],[128.60015148032642,35.87219346543853],[128.60016066739018,35.87219109403376],[128.60015415046942,35.8721542999702],[128.60001904257825,35.871707545258154],[128.59983078593925,35.87127372010295],[128.59959119431682,35.87085700224119],[128.59954550648865,35.87079438012008],[128.59879289771283,35.87095603132796],[128.59815839774492,35.871090974689004],[128.5973712741973,35.87124576670123],[128.5973580708988,35.87124844850581],[128.59582284105124,35.871570229379415],[128.5946130021778,35.87131835057052],[128.5945640090068,35.87130931730343],[128.59447589831666,35.87129514421303],[128.5943742064308,35.871271294176466],[128.59434320828015,35.87126450455585],[128.59418020965128,35.87123130486002],[128.59416603214936,35.871229012241535],[128.5941520726519,35.87122595942798],[128.5935001779293,35.87111097807257],[128.5932210799825,35.871061696125004],[128.59316624985843,35.87105343981637],[128.59109653558824,35.87079496307956],[128.59016771077953,35.87067728669549],[128.59001849542804,35.87065840676441],[128.58960117434734,35.87059425082653],[128.5894313315986,35.87082270933527],[128.5891875021821,35.87123779513258],[128.5889948315121,35.871670334132624],[128.58885517584272,35.87211616099965],[128.58876988097168,35.87257098236697],[128.58873976924713,35.873030418176924],[128.58875249222353,35.873260989021254],[128.58878061058226,35.873263070499206]]]}},{"type":"Feature","properties":{"zoneId":"jungangro","label":"중앙로","district":"중구","zoneKind":"commercial_corridor","labelLon":128.5954254,"labelLat":35.8686704,"memberCellIds":["hex-jungang-01"],"isCommercialCandidate":true,"candidateRank":3,"candidateTier":"precise-corridor","centralCorridorOverlapRatio":1,"commercialPotentialScore":84.5,"businessCount":291,"businessDensityScore":95,"businessDiversityScore":71.1,"transitScore":66.2,"retailMarketScore":93.2,"employmentPublicScore":87.8,"cultureTourismScore":90.8,"healthcareScore":85.4,"quality":"modelled-map-derived","boundaryMeaning":"실제 지도 도로/시장 geometry 기반 분석권역이며 공식 상권 경계가 아님","selectionMeaning":"기존 중앙도심 정밀 상권분석 권역"},"geometry":{"type":"Polygon","coordinates":[[[128.59522864771415,35.870252453515995],[128.5953640488841,35.870195952877154],[128.59548407213288,35.87013872560513],[128.5955303346842,35.87012701167558],[128.59565772696206,35.87009664488895],[128.595775830077,35.87006328986778],[128.59588934763465,35.870020673144296],[128.59599718636827,35.869969205154945],[128.59609830770862,35.8699093815809],[128.5961917377872,35.869841778573644],[128.5962765768153,35.869767047205755],[128.59635200775014,35.86968590719995],[128.5964173041629,35.86959913999703],[128.59647183723442,35.86950758122945],[128.59651508181008,35.86941211267318],[128.5965466214564,35.869313653755036],[128.59656615247007,35.86921315269769],[128.59657348680116,35.86911157738733],[128.59656855386254,35.86900990605224],[128.59655140120785,35.86890911784178],[128.59652219407167,35.86881018339667],[128.59648121377663,35.86871405550144],[128.59642885502234,35.86862165990886],[128.59636562208294,35.86853388642486],[128.5962921239494,35.86845158033982],[128.59620906846374,35.868375534288525],[128.59611725550153,35.868306480617385],[128.59601756926844,35.868245084332216],[128.59591096978508,35.86819193669462],[128.59586069636796,35.868172098763495],[128.59586075515838,35.86817175948177],[128.59586599672087,35.86807009836991],[128.59585897092612,35.86796850860284],[128.59583974548295,35.867867968543706],[128.59580850558766,35.86776944644281],[128.5957655521387,35.86767389111301],[128.59571129883722,35.86758222279245],[128.59564626820168,35.867495324282686],[128.5955710865345,35.86741403244724],[128.59548647788952,35.86733913015298],[128.59539325709852,35.86727133873119],[128.59529232192384,35.86721131103164],[128.59518464441246,35.86715962513583],[128.5950712615354,35.86711677879061],[128.59495326520172,35.86708318461514],[128.59483179174427,35.86705916612773],[128.5947080109774,35.86704495463064],[128.59458311493265,35.86704068698288],[128.59445830638055,35.86704640428233],[128.59436723352823,35.86705794124505],[128.59431097490437,35.867358065809846],[128.5942832110878,35.867782162259175],[128.59430665078727,35.8682064315931],[128.59438106907905,35.86862678784187],[128.59450575005897,35.86903918265753],[128.59467949370705,35.86943964430519],[128.59490062741617,35.869824315918585],[128.59516702207586,35.87018949265155],[128.59522516187585,35.8702538539874],[128.59522864771415,35.870252453515995]]]}},{"type":"Feature","properties":{"zoneId":"buksungro","label":"북성로","district":"중구","zoneKind":"commercial_corridor","labelLon":128.58655,"labelLat":35.8736306,"memberCellIds":["hex-buksungro-01","hex-buksungro-02"],"isCommercialCandidate":true,"candidateRank":4,"candidateTier":"precise-corridor","centralCorridorOverlapRatio":1,"commercialPotentialScore":81.4,"businessCount":349,"businessDensityScore":74,"businessDiversityScore":78.9,"transitScore":82.4,"retailMarketScore":90.8,"employmentPublicScore":91.4,"cultureTourismScore":92,"healthcareScore":83.6,"quality":"modelled-map-derived","boundaryMeaning":"실제 지도 도로/시장 geometry 기반 분석권역이며 공식 상권 경계가 아님","selectionMeaning":"기존 중앙도심 정밀 상권분석 권역"},"geometry":{"type":"Polygon","coordinates":[[[128.58100629993015,35.874764693720216],[128.58212810468612,35.87461479431176],[128.5825264402883,35.874645855547136],[128.58324246499464,35.87471411835715],[128.5832895775247,35.874717971838436],[128.5833876789525,35.874724671944996],[128.58468567195317,35.874813185235254],[128.58511464784672,35.87484239045153],[128.58592974746531,35.87489798367948],[128.5859548287068,35.87489951484906],[128.587554152084,35.874985716253775],[128.58755565200337,35.87498573704767],[128.58854743233928,35.87510042411613],[128.58859429741264,35.8751052065478],[128.58882594835654,35.87512571116311],[128.588827073854,35.87512802229015],[128.58889177449936,35.87523028263073],[128.58896847916733,35.8753268890654],[128.589056449175,35.87541691119959],[128.58915483733702,35.87549948204761],[128.589262696124,35.87557380638303],[128.58937898678744,35.87563916839808],[128.58950258936392,35.875694938598215],[128.58963231346172,35.87574057986531],[128.5897669097262,35.87577565263122],[128.58990508187333,35.875799819111776],[128.59004549917537,35.875812846560294],[128.5901868092787,35.87581460950954],[128.59032765122996,35.875805090980215],[128.590466668585,35.87578438264456],[128.59060252247457,35.87575268394329],[128.59073390450033,35.875710300164656],[128.59085954933767,35.875657639503785],[128.59097824692293,35.87559520913098],[128.59108885410845,35.87552361030664],[128.59119030567263,35.87544353258991],[128.59128162457907,35.875355747197],[128.59128789995316,35.87534835120593],[128.59136505089307,35.875359792503154],[128.59145159306163,35.875370426199495],[128.5924235843059,35.87546536733305],[128.59299862999268,35.875533538872624],[128.5930221844859,35.87553616977737],[128.5931127857848,35.87554566992277],[128.5931373125574,35.87554806784114],[128.5935960191771,35.87558966848517],[128.59363536285645,35.87559165257866],[128.59367456357194,35.87559502522641],[128.59367962714114,35.87559505466986],[128.59368466639728,35.875595459109995],[128.59389273637592,35.87560379847943],[128.59412909108408,35.87562509726617],[128.59427015307128,35.87563213028833],[128.5944113828071,35.875627876221266],[128.5945514201122,35.87561237603538],[128.59468891629294,35.87558577901196],[128.59473323509445,35.87557336277961],[128.59461683835832,35.8751884038679],[128.5943417261243,35.874554339806735],[128.59399158256903,35.87394527496908],[128.59356978109,35.87336707435996],[128.59308038485966,35.872825305652306],[128.59307241970444,35.872818092790254],[128.5930276247304,35.87284207852523],[128.59291774337245,35.87291441018644],[128.59281710169387,35.87299515942596],[128.59272666892772,35.87308354860853],[128.59268777707175,35.87313019652276],[128.59183827020013,35.87304721932637],[128.59119895099727,35.872952408181476],[128.5910455137066,35.872936524873175],[128.59009704520116,35.8728802401734],[128.58892917790726,35.87277687135042],[128.5879338761093,35.87266177707024],[128.58779315335028,35.87265120409926],[128.58779247961704,35.87265120745689],[128.58774444494895,35.87264668342483],[128.5867653836448,35.87259391604714],[128.58675960996962,35.87254016262103],[128.58673356240436,35.872427111032906],[128.58669402583027,35.8723166818046],[128.58664138105692,35.872209938417335],[128.58657613512588,35.87210790885197],[128.58649891642585,35.87201157568953],[128.58641046863968,35.87192186664916],[128.58631164358138,35.8718396456546],[128.58620339299208,35.87176570451496],[128.58608675937415,35.87170075530005],[128.58596286595196,35.871645423483784],[128.58583290585503,35.87160024192132],[128.58569813062917,35.87156564571814],[128.5855598381847,35.8715419680405],[128.5854193602989,35.87152943690731],[128.58527804979224,35.87152817299465],[128.5851372675023,35.87153818847377],[128.5849983691804,35.871559386893885],[128.58486269243738,35.871591564110986],[128.5847315438637,35.87163441025344],[128.5846061864482,35.87168751270582],[128.5844878274166,35.871750360081954],[128.5843776066065,35.87182234714909],[128.58427658549107,35.87190278065578],[128.5841857369571,35.87199088600744],[128.58410593593553,35.872085814725104],[128.58403795097504,35.87218665261587],[128.58398243683973,35.87229242857625],[128.5839399282021,35.87240212394353],[128.58393745646566,35.87240979621216],[128.58362843029118,35.8723887217385],[128.58355401327273,35.87238363924485],[128.58284644046253,35.872316182227486],[128.5828162357745,35.87231356506868],[128.58237124222867,35.87227886561387],[128.58221526579788,35.872266789760175],[128.58209183185465,35.87226157019485],[128.58196830265055,35.87226498466869],[128.58184558816637,35.87227700802858],[128.58054245659628,35.872451138210245],[128.58041627319648,35.87246759065878],[128.5800647929817,35.87278051257966],[128.57956978597284,35.87331889284644],[128.57914199253042,35.87389416883603],[128.578889612529,35.8743236774265],[128.57895751781967,35.87440435472518],[128.57904843075167,35.874492417912876],[128.57914951162306,35.87457280438845],[128.5792597869689,35.87464473996215],[128.57937819476476,35.87470753183152],[128.5795035946551,35.87476057525437],[128.57963477893648,35.874803359373644],[128.57977048418957,35.87483547213798],[128.57990940344828,35.87485660427067],[128.58005019878857,35.87486655224867],[128.58019151421544,35.874865220262976],[128.58033198872425,35.874852621141486],[128.5810007982274,35.874765419953576],[128.58100629993015,35.874764693720216]]]}},{"type":"Feature","properties":{"zoneId":"seomun","label":"서문시장","district":"중구","zoneKind":"commercial_corridor","labelLon":128.583015,"labelLat":35.8718042,"memberCellIds":["hex-seomun-01"],"isCommercialCandidate":true,"candidateRank":5,"candidateTier":"precise-corridor","centralCorridorOverlapRatio":1,"commercialPotentialScore":78.9,"businessCount":149,"businessDensityScore":89.6,"businessDiversityScore":70.3,"transitScore":59.6,"retailMarketScore":88.4,"employmentPublicScore":77.6,"cultureTourismScore":86.6,"healthcareScore":66.2,"quality":"modelled-map-derived","boundaryMeaning":"실제 지도 도로/시장 geometry 기반 분석권역이며 공식 상권 경계가 아님","selectionMeaning":"기존 중앙도심 정밀 상권분석 권역"},"geometry":{"type":"Polygon","coordinates":[[[128.58308804346518,35.874652083877734],[128.5831647638767,35.874583295020265],[128.583232830425,35.874508716996054],[128.5836455277547,35.87400684275108],[128.58370428414605,35.87392719358865],[128.5837531653608,35.87384324061243],[128.5837917006706,35.87375579234778],[128.58381951898932,35.873665690979486],[128.58383635244562,35.8735738042406],[128.5838420389614,35.873481017055475],[128.5838365238112,35.87338822301725],[128.58381986014786,35.87329631578197],[128.58379220848903,35.8732061804623],[128.58375383516997,35.87311868510347],[128.5837051097771,35.873034672323904],[128.5836465015877,35.87295495120064],[128.5835785750494,35.87288028947798],[128.5835019843436,35.8728114061742],[128.58341746708487,35.8727489646576],[128.58332583721716,35.872693566258455],[128.58327642719425,35.872669420820564],[128.5832828056117,35.872516183607054],[128.58338821326254,35.87252593461291],[128.58350234414056,35.87252732780717],[128.5836160932119,35.872519609166055],[128.58372836497225,35.87250285302663],[128.5838380781465,35.87247722076501],[128.58394417610359,35.872442959242],[128.58404563703354,35.872400398425334],[128.58414148378913,35.87234994821157],[128.58423079329748,35.872292094478055],[128.5843127054501,35.87222739440309],[128.5843864313867,35.87215647109944],[128.58445126109234,35.87208000761277],[128.5845065702351,35.871998740343074],[128.58455182617814,35.871913451951954],[128.5845865931085,35.87182496382488],[128.5846105362333,35.87173412816017],[128.58462342500266,35.87164181976163],[128.58462513532865,35.87154892761334],[128.58461565077891,35.871456346318226],[128.58459506273346,35.871364967482414],[128.584563569503,35.871275671128714],[128.58452147441784,35.871189317221756],[128.58446918290537,35.87110673738626],[128.5844071985843,35.87102872689861],[128.58433611841386,35.87095603702822],[128.584256626944,35.87088936780307],[128.5841694897226,35.87082936126858],[128.58407554592247,35.87077659530494],[128.58397570026025,35.870731578062504],[128.5838152015461,35.87066737874747],[128.58370911267048,35.87063014681323],[128.5835990091414,35.87060166489325],[128.58348597725833,35.8705822139937],[128.58337113220918,35.870571986019314],[128.58333217396887,35.87057010344495],[128.58335505521256,35.870011328694524],[128.5833663534272,35.86998596874953],[128.58339455867457,35.869895947326114],[128.58341178734352,35.869804109171476],[128.58341787354976,35.86971133874217],[128.5834127587186,35.8696185294701],[128.58339649214756,35.869526575158126],[128.5833692305302,35.869436361372365],[128.58336271029606,35.86942132742605],[128.5833571301,35.86940286148025],[128.58331913604428,35.86931525701761],[128.58327077545954,35.869231105550405],[128.58321251410985,35.8691512174914],[128.58314491310287,35.8690763621926],[128.58306862348525,35.8690072605366],[128.58298534994125,35.868945299714255],[128.58284628585852,35.86904701362786],[128.5825309065047,35.86932782164958],[128.58225085923962,35.86963243786818],[128.58200884125117,35.869957928916484],[128.58180718360376,35.87030116037282],[128.5816478287778,35.87065882693809],[128.58153231194655,35.8710274842597],[128.58146174617264,35.87140358209591],[128.5814368116666,35.871783498501664],[128.58145774921203,35.872163574706654],[128.5815243578218,35.8725401503501],[128.58163599664857,35.87290959873268],[128.58179159113223,35.873268361746426],[128.58198964332612,35.873612984145595],[128.58222824630352,35.87394014682904],[128.58250510250573,35.87424669881241],[128.58281754585687,35.874529687582736],[128.58303478128843,35.87469131351264],[128.58308804346518,35.874652083877734]]]}}]}
